--------------------------------------------------------------------------------------
------------------------------- CREACIÓN DE ESTRUCTURA -------------------------------
--------------------------------------------------------------------------------------

-- CREAR USUARIO Y DAR PERMISOS
CREATE USER ProyectoLenguaje IDENTIFIED BY Lenguaje_Proyecto_2026;
/
GRANT CREATE SESSION TO ProyectoLenguaje;
GRANT CONNECT TO ProyectoLenguaje;
GRANT RESOURCE TO ProyectoLenguaje;
GRANT CREATE TABLE TO ProyectoLenguaje;
GRANT CREATE PROCEDURE TO ProyectoLenguaje;
GRANT CREATE VIEW TO ProyectoLenguaje;
GRANT CREATE SEQUENCE TO ProyectoLenguaje;
/

ALTER USER ProyectoLenguaje QUOTA UNLIMITED ON USERS;
/

-- PARA CREAR LAS TABLAS SE DEBE CONECTAR AL USUARIO CREADO. --

SET SERVEROUTPUT ON;
/

-- CREAR TABLA FIDE_ESTADO_TB
CREATE TABLE FIDE_ESTADO_TB (
    ID_ESTADO NUMBER GENERATED BY DEFAULT AS IDENTITY PRIMARY KEY,
    NOMBRE VARCHAR2(100)
);
/

-- CREAR TABLA FIDE_ROL_TB
CREATE TABLE FIDE_ROL_TB (
    ID_ROL NUMBER GENERATED BY DEFAULT AS IDENTITY PRIMARY KEY,
    NOMBRE_ROL VARCHAR2(100),
    ID_ESTADO NUMBER,
    CONSTRAINT FIDE_ROL_ESTADO_FK FOREIGN KEY (ID_ESTADO) REFERENCES FIDE_ESTADO_TB(ID_ESTADO)
);
/

-- CREAR TABLA FIDE_DIRECCION_TB
CREATE TABLE FIDE_DIRECCION_TB (
    ID_DIRECCION NUMBER GENERATED BY DEFAULT AS IDENTITY PRIMARY KEY,
    PROVINCIA VARCHAR2(100),
    CANTON VARCHAR2(100),
    DISTRITO VARCHAR2(100),
    ID_ESTADO NUMBER,
    CONSTRAINT FIDE_DIRECCION_ESTADO_FK FOREIGN KEY (ID_ESTADO) REFERENCES FIDE_ESTADO_TB(ID_ESTADO)
);
/

-- CREAR TABLA FIDE_NUMERO_TELEFONO_TB
CREATE TABLE FIDE_NUMERO_TELEFONO_TB (
    ID_NUMERO NUMBER GENERATED BY DEFAULT AS IDENTITY PRIMARY KEY,
    NUMERO_TELEFONO VARCHAR2(100),
    ID_ESTADO NUMBER,
    CONSTRAINT FIDE_NUMERO_TELEFONO_ESTADO_FK FOREIGN KEY (ID_ESTADO) REFERENCES FIDE_ESTADO_TB(ID_ESTADO)
);
/

-- CREAR TABLA FIDE_CORREO_ELECTRONICO_TB
CREATE TABLE FIDE_CORREO_ELECTRONICO_TB (
    ID_CORREO NUMBER GENERATED BY DEFAULT AS IDENTITY PRIMARY KEY,
    CORREO_ELECTRONICO VARCHAR2(100),
    ID_ESTADO NUMBER,
    CONSTRAINT FIDE_CORREO_ELECTRONICO_ESTADO_FK FOREIGN KEY (ID_ESTADO) REFERENCES FIDE_ESTADO_TB(ID_ESTADO)
);
/

-- CREAR TABLA FIDE_PUESTO_EMPRESA_ASOCIADO_TB
CREATE TABLE FIDE_PUESTO_EMPRESA_ASOCIADO_TB (
    ID_PUESTO_EMPRESA NUMBER GENERATED BY DEFAULT AS IDENTITY PRIMARY KEY,
    PUESTO_EMPRESA VARCHAR2(100),
    ID_ESTADO NUMBER,
    CONSTRAINT FIDE_PUESTO_EMPRESA_ASOCIADO_ESTADO_FK FOREIGN KEY (ID_ESTADO) REFERENCES FIDE_ESTADO_TB(ID_ESTADO)
);
/

-- CREAR TABLA FIDE_CATEGORIA_TB
CREATE TABLE FIDE_CATEGORIA_TB (
    ID_CATEGORIA NUMBER GENERATED BY DEFAULT AS IDENTITY PRIMARY KEY,
    NOMBRE VARCHAR2(100),
    DESCRIPCION VARCHAR2(255),
    ID_ESTADO NUMBER,
    CONSTRAINT FIDE_CATEGORIA_ESTADO_FK FOREIGN KEY (ID_ESTADO) REFERENCES FIDE_ESTADO_TB(ID_ESTADO)
);
/

-- CREAR TABLA FIDE_TIPO_TRANSACCION_TB
CREATE TABLE FIDE_TIPO_TRANSACCION_TB (
    ID_TIPO_TRANSACCION NUMBER GENERATED BY DEFAULT AS IDENTITY PRIMARY KEY,
    NOMBRE VARCHAR2(100),
    DESCRIPCION VARCHAR2(255),
    ID_ESTADO NUMBER,
    CONSTRAINT FIDE_TIPO_TRANSACCION_ESTADO_FK FOREIGN KEY (ID_ESTADO) REFERENCES FIDE_ESTADO_TB(ID_ESTADO)
);
/

-- CREAR TABLA FIDE_TIPO_AHORRO_TB
CREATE TABLE FIDE_TIPO_AHORRO_TB (
    ID_TIPO_AHORRO NUMBER GENERATED BY DEFAULT AS IDENTITY PRIMARY KEY,
    NOMBRE VARCHAR2(100),
    DESCRIPCION VARCHAR2(255),
    ID_ESTADO NUMBER,
    CONSTRAINT FIDE_TIPO_AHORRO_ESTADO_FK FOREIGN KEY (ID_ESTADO) REFERENCES FIDE_ESTADO_TB(ID_ESTADO)
);
/

-- CREAR TABLA FIDE_MODULO_TB
CREATE TABLE FIDE_MODULO_TB (
    ID_MODULO NUMBER GENERATED BY DEFAULT AS IDENTITY PRIMARY KEY,
    NOMBRE VARCHAR2(100),
    DESCRIPCION VARCHAR2(255),
    ID_ESTADO NUMBER,
    CONSTRAINT FIDE_MODULO_ESTADO_FK FOREIGN KEY (ID_ESTADO) REFERENCES FIDE_ESTADO_TB(ID_ESTADO)
);
/

-- CREAR TABLA FIDE_TIPO_REPORTE_TB
CREATE TABLE FIDE_TIPO_REPORTE_TB (
    ID_TIPO_REPORTE NUMBER GENERATED BY DEFAULT AS IDENTITY PRIMARY KEY,
    NOMBRE VARCHAR2(100),
    ID_ESTADO NUMBER,
    CONSTRAINT FIDE_TIPO_REPORTE_ESTADO_FK FOREIGN KEY (ID_ESTADO) REFERENCES FIDE_ESTADO_TB(ID_ESTADO)
);
/

-- CREAR TABLA FIDE_DATOS_ASOCIADOS_TB
CREATE TABLE FIDE_DATOS_ASOCIADOS_TB (
    ID_DATOS_ASOCIADOS NUMBER GENERATED BY DEFAULT AS IDENTITY PRIMARY KEY,
    ID_PUESTO_EMPRESA NUMBER,
    FECHA_AFILIACION DATE,
    APORTE_MENSUAL NUMBER(10,2),
    CONSTRAINT FIDE_DATOS_ASOCIADOS_PUESTO_EMPRESA_ASOCIADO_FK FOREIGN KEY (ID_PUESTO_EMPRESA) REFERENCES FIDE_PUESTO_EMPRESA_ASOCIADO_TB(ID_PUESTO_EMPRESA)
);
/

-- CREAR TABLA FIDE_USUARIO_TB
CREATE TABLE FIDE_USUARIO_TB (
    ID_USUARIO NUMBER GENERATED BY DEFAULT AS IDENTITY PRIMARY KEY,
    NOMBRE VARCHAR2(100),
    APELLIDO_PATERNO VARCHAR2(100),
    APELLIDO_MATERNO VARCHAR2(100),
    ID_NUMERO NUMBER,
    ID_DATOS_ASOCIADOS NUMBER,
    ID_ROL NUMBER,
    ID_ESTADO NUMBER,
    ID_DIRECCION NUMBER,
    NOMBRE_USUARIO VARCHAR2(100),
    CONTRASENIA VARCHAR2(100),
    ID_CORREO NUMBER,
    CONSTRAINT FIDE_USUARIO_NUMERO_TELEFONO_FK FOREIGN KEY (ID_NUMERO) REFERENCES FIDE_NUMERO_TELEFONO_TB(ID_NUMERO),
    CONSTRAINT FIDE_USUARIO_DATOS_ASOCIADOS_FK FOREIGN KEY (ID_DATOS_ASOCIADOS) REFERENCES FIDE_DATOS_ASOCIADOS_TB(ID_DATOS_ASOCIADOS),
    CONSTRAINT FIDE_USUARIO_ROL_FK FOREIGN KEY (ID_ROL) REFERENCES FIDE_ROL_TB(ID_ROL),
    CONSTRAINT FIDE_USUARIO_ESTADO_FK FOREIGN KEY (ID_ESTADO) REFERENCES FIDE_ESTADO_TB(ID_ESTADO),
    CONSTRAINT FIDE_USUARIO_DIRECCION_FK FOREIGN KEY (ID_DIRECCION) REFERENCES FIDE_DIRECCION_TB(ID_DIRECCION),
    CONSTRAINT FIDE_USUARIO_CORREO_ELECTRONICO_FK FOREIGN KEY (ID_CORREO) REFERENCES FIDE_CORREO_ELECTRONICO_TB(ID_CORREO)
);
/

-- CREAR TABLA FIDE_USUARIOS_ROLES_TB
CREATE TABLE FIDE_USUARIOS_ROLES_TB (
    ID_USUARIO NUMBER,
    ID_ROL NUMBER,
    PRIMARY KEY (ID_USUARIO, ID_ROL),
    CONSTRAINT FIDE_USUARIOS_ROLES_USUARIO_FK FOREIGN KEY (ID_USUARIO) REFERENCES FIDE_USUARIO_TB(ID_USUARIO),
    CONSTRAINT FIDE_USUARIOS_ROLES_ROL_FK FOREIGN KEY (ID_ROL) REFERENCES FIDE_ROL_TB(ID_ROL)
);
/

-- CREAR TABLA FIDE_BENEFICIO_TB
CREATE TABLE FIDE_BENEFICIO_TB (
    ID_BENEFICIO NUMBER GENERATED BY DEFAULT AS IDENTITY PRIMARY KEY,
    NOMBRE_BENEFICIO VARCHAR2(100),
    DESCRIPCION VARCHAR2(255),
    ID_CATEGORIA NUMBER,
    ID_ESTADO NUMBER,
    CONSTRAINT FIDE_BENEFICIO_CATEGORIA_FK FOREIGN KEY (ID_CATEGORIA) REFERENCES FIDE_CATEGORIA_TB(ID_CATEGORIA),
    CONSTRAINT FIDE_BENEFICIO_ESTADO_FK FOREIGN KEY (ID_ESTADO) REFERENCES FIDE_ESTADO_TB(ID_ESTADO)
);
/

-- CREAR TABLA FIDE_SERVICIO_TB
CREATE TABLE FIDE_SERVICIO_TB (
    ID_SERVICIO NUMBER GENERATED BY DEFAULT AS IDENTITY PRIMARY KEY,
    NOMBRE_SERVICIO VARCHAR2(100),
    DESCRIPCION VARCHAR2(255),
    VALOR_ESTIMADO NUMBER(10,2),
    STOCK NUMBER,
    ID_CATEGORIA NUMBER,
    ID_ESTADO NUMBER,
    CONSTRAINT FIDE_SERVICIO_CATEGORIA_FK FOREIGN KEY (ID_CATEGORIA) REFERENCES FIDE_CATEGORIA_TB(ID_CATEGORIA),
    CONSTRAINT FIDE_SERVICIO_ESTADO_FK FOREIGN KEY (ID_ESTADO) REFERENCES FIDE_ESTADO_TB(ID_ESTADO)
);
/

-- CREAR TABLA FIDE_TRANSACCION_TB
CREATE TABLE FIDE_TRANSACCION_TB (
    ID_TRANSACCION NUMBER GENERATED BY DEFAULT AS IDENTITY PRIMARY KEY,
    FECHA_TRANSACCION DATE,
    ID_TIPO_TRANSACCION NUMBER,
    MONTO_TOTAL NUMBER(10,2),
    ID_USUARIO NUMBER,
    ID_ESTADO NUMBER,
    CONSTRAINT FIDE_TRANSACCION_TIPO_TRANSACCION_FK FOREIGN KEY (ID_TIPO_TRANSACCION) REFERENCES FIDE_TIPO_TRANSACCION_TB(ID_TIPO_TRANSACCION),
    CONSTRAINT FIDE_TRANSACCION_USUARIO_FK FOREIGN KEY (ID_USUARIO) REFERENCES FIDE_USUARIO_TB(ID_USUARIO),
    CONSTRAINT FIDE_TRANSACCION_ESTADO_FK FOREIGN KEY (ID_ESTADO) REFERENCES FIDE_ESTADO_TB(ID_ESTADO)
);
/

-- CREAR TABLA FIDE_DETALLE_TRANSACCION_TB
CREATE TABLE FIDE_DETALLE_TRANSACCION_TB (
    ID_DETALLE NUMBER GENERATED BY DEFAULT AS IDENTITY PRIMARY KEY,
    ID_TRANSACCION NUMBER,
    CONCEPTO VARCHAR2(255),
    SUB_TOTAL NUMBER(10,2),
    CONSTRAINT FIDE_DETALLE_TRANSACCION_TRANSACCION_FK FOREIGN KEY (ID_TRANSACCION) REFERENCES FIDE_TRANSACCION_TB(ID_TRANSACCION)
);
/

-- CREAR TABLA FIDE_CUENTAS_AHORRO_TB
CREATE TABLE FIDE_CUENTAS_AHORRO_TB (
    ID_AHORRO NUMBER GENERATED BY DEFAULT AS IDENTITY PRIMARY KEY,
    ID_USUARIO NUMBER,
    MONTO_APORTE NUMBER(10,2),
    FECHA_APERTURA DATE,
    ID_TIPO_AHORRO NUMBER,
    SALDO_ACTUAL NUMBER(10,2),
    ID_ESTADO NUMBER,
    CONSTRAINT FIDE_CUENTAS_AHORRO_USUARIO_FK FOREIGN KEY (ID_USUARIO) REFERENCES FIDE_USUARIO_TB(ID_USUARIO),
    CONSTRAINT FIDE_CUENTAS_AHORRO_TIPO_AHORRO_FK FOREIGN KEY (ID_TIPO_AHORRO) REFERENCES FIDE_TIPO_AHORRO_TB(ID_TIPO_AHORRO),
    CONSTRAINT FIDE_CUENTAS_AHORRO_ESTADO_FK FOREIGN KEY (ID_ESTADO) REFERENCES FIDE_ESTADO_TB(ID_ESTADO)
);
/

-- CREAR TABLA FIDE_MOVIMIENTOS_AHORRO_TB
CREATE TABLE FIDE_MOVIMIENTOS_AHORRO_TB (
    ID_MOVIMIENTO NUMBER GENERATED BY DEFAULT AS IDENTITY PRIMARY KEY,
    ID_AHORRO NUMBER,
    ID_TRANSACCION NUMBER,
    MONTO NUMBER(10,2),
    FECHA_DEPOSITO DATE,
    CONSTRAINT FIDE_MOVIMIENTOS_AHORRO_CUENTAS_AHORRO_FK FOREIGN KEY (ID_AHORRO) REFERENCES FIDE_CUENTAS_AHORRO_TB(ID_AHORRO),
    CONSTRAINT FIDE_MOVIMIENTOS_AHORRO_TRANSACCION_FK FOREIGN KEY (ID_TRANSACCION) REFERENCES FIDE_TRANSACCION_TB(ID_TRANSACCION)
);
/

-- CREAR TABLA FIDE_PRESTAMO_TB
CREATE TABLE FIDE_PRESTAMO_TB (
    ID_PRESTAMO NUMBER GENERATED BY DEFAULT AS IDENTITY PRIMARY KEY,
    ID_USUARIO NUMBER,
    MONTO_SOLICITADO NUMBER(10,2),
    FECHA_APROBACION DATE,
    SALDO_PENDIENTE NUMBER(10,2),
    ID_ESTADO NUMBER,
    TASA_INTERESES NUMBER(5,2),
    PLAZO_MESES NUMBER,
    CONSTRAINT FIDE_PRESTAMO_USUARIO_FK FOREIGN KEY (ID_USUARIO) REFERENCES FIDE_USUARIO_TB(ID_USUARIO),
    CONSTRAINT FIDE_PRESTAMO_ESTADO_FK FOREIGN KEY (ID_ESTADO) REFERENCES FIDE_ESTADO_TB(ID_ESTADO)
);
/

-- CREAR TABLA FIDE_PAGOS_PRESTAMOS_TB
CREATE TABLE FIDE_PAGOS_PRESTAMOS_TB (
    ID_PAGO NUMBER GENERATED BY DEFAULT AS IDENTITY PRIMARY KEY,
    ID_TRANSACCION NUMBER,
    ID_PRESTAMO NUMBER,
    MONTO_ABONADO NUMBER(10,2),
    FECHA_PAGO DATE,
    CONSTRAINT FIDE_PAGOS_PRESTAMOS_TRANSACCION_FK FOREIGN KEY (ID_TRANSACCION) REFERENCES FIDE_TRANSACCION_TB(ID_TRANSACCION),
    CONSTRAINT FIDE_PAGOS_PRESTAMOS_PRESTAMO_FK FOREIGN KEY (ID_PRESTAMO) REFERENCES FIDE_PRESTAMO_TB(ID_PRESTAMO)
);
/

-- CREAR TABLA FIDE_ACTIVIDAD_TB
CREATE TABLE FIDE_ACTIVIDAD_TB (
    ID_ACTIVIDAD NUMBER GENERATED BY DEFAULT AS IDENTITY PRIMARY KEY,
    NOMBRE VARCHAR2(100),
    DESCRIPCION VARCHAR2(255),
    FECHA_EVENTO DATE,
    LUGAR VARCHAR2(255),
    CUPO_TOTAL NUMBER,
    ID_ESTADO NUMBER,
    ID_USUARIO NUMBER,
    CONSTRAINT FIDE_ACTIVIDAD_ESTADO_FK FOREIGN KEY (ID_ESTADO) REFERENCES FIDE_ESTADO_TB(ID_ESTADO),
    CONSTRAINT FIDE_ACTIVIDAD_USUARIO_FK FOREIGN KEY (ID_USUARIO) REFERENCES FIDE_USUARIO_TB(ID_USUARIO)
);
/

-- CREAR TABLA FIDE_INSCRIPCIONES_ACTIVIDAD_TB
CREATE TABLE FIDE_INSCRIPCIONES_ACTIVIDAD_TB (
    ID_INSCRIPCION NUMBER GENERATED BY DEFAULT AS IDENTITY PRIMARY KEY,
    ID_ACTIVIDAD NUMBER,
    ID_USUARIO NUMBER,
    FECHA_INSCRIPCION DATE,
    ASISTENCIA_CONFIRMADA VARCHAR2(1), 
    ID_ESTADO NUMBER,
    CONSTRAINT FIDE_INSCRIPCIONES_ACTIVIDAD_ACTIVIDAD_FK FOREIGN KEY (ID_ACTIVIDAD) REFERENCES FIDE_ACTIVIDAD_TB(ID_ACTIVIDAD),
    CONSTRAINT FIDE_INSCRIPCIONES_ACTIVIDAD_USUARIO_FK FOREIGN KEY (ID_USUARIO) REFERENCES FIDE_USUARIO_TB(ID_USUARIO),
    CONSTRAINT FIDE_INSCRIPCIONES_ESTADO_FK FOREIGN KEY (ID_ESTADO) REFERENCES FIDE_ESTADO_TB(ID_ESTADO)
);
/

-- CREAR TABLA FIDE_REPORTES_TB
CREATE TABLE FIDE_REPORTES_TB (
    ID_REPORTE NUMBER GENERATED BY DEFAULT AS IDENTITY PRIMARY KEY,
    ID_TIPO_REPORTE NUMBER,
    FECHA_INICIO DATE,
    FECHA_FINAL DATE,
    ID_MODULO NUMBER,
    TOTAL_REGISTROS NUMBER,
    RESUMEN_MONTOS NUMBER(10,2),
    FECHA_GENERACION DATE,
    ID_ESTADO NUMBER,
    ID_USUARIO NUMBER,
    CONSTRAINT FIDE_REPORTES_TIPO_REPORTE_FK FOREIGN KEY (ID_TIPO_REPORTE) REFERENCES FIDE_TIPO_REPORTE_TB(ID_TIPO_REPORTE),
    CONSTRAINT FIDE_REPORTES_MODULO_FK FOREIGN KEY (ID_MODULO) REFERENCES FIDE_MODULO_TB(ID_MODULO),
    CONSTRAINT FIDE_REPORTES_ESTADO_FK FOREIGN KEY (ID_ESTADO) REFERENCES FIDE_ESTADO_TB(ID_ESTADO),
    CONSTRAINT FIDE_REPORTES_USUARIO_FK FOREIGN KEY (ID_USUARIO) REFERENCES FIDE_USUARIO_TB(ID_USUARIO)
);
/

-- CREAR TABLA FIDE_RESULTADOS_REPORTE_TB
CREATE TABLE FIDE_RESULTADOS_REPORTE_TB (
    ID_RESULTADO NUMBER GENERATED BY DEFAULT AS IDENTITY PRIMARY KEY,
    ID_REPORTE NUMBER,
    METRICA_NOMBRE VARCHAR2(100),
    METRICA_VALOR VARCHAR2(255),
    CONSTRAINT FIDE_RESULTADOS_REPORTE_REPORTE_FK FOREIGN KEY (ID_REPORTE) REFERENCES FIDE_REPORTES_TB(ID_REPORTE)
);
/

COMMIT;
/

-- COMPROBAR LAS TABLAS
SELECT * FROM USER_TABLES;













--------------------------------------------------------------------------------------
--------------------------------- CREACIÓN DE INSERTS --------------------------------
--------------------------------------------------------------------------------------

-- Inserts Tabla FIDE_ESTADO_TB
INSERT INTO FIDE_ESTADO_TB (ID_ESTADO, NOMBRE) VALUES (1, 'Activo');
INSERT INTO FIDE_ESTADO_TB (ID_ESTADO, NOMBRE) VALUES (2, 'Inactivo');
INSERT INTO FIDE_ESTADO_TB (ID_ESTADO, NOMBRE) VALUES (3, 'Emitido');
INSERT INTO FIDE_ESTADO_TB (ID_ESTADO, NOMBRE) VALUES (4, 'Aceptado');
INSERT INTO FIDE_ESTADO_TB (ID_ESTADO, NOMBRE) VALUES (5, 'Rechazado');
INSERT INTO FIDE_ESTADO_TB (ID_ESTADO, NOMBRE) VALUES (6, 'Pendiente');
INSERT INTO FIDE_ESTADO_TB (ID_ESTADO, NOMBRE) VALUES (7, 'Cancelado');
INSERT INTO FIDE_ESTADO_TB (ID_ESTADO, NOMBRE) VALUES (8, 'En Proceso');
INSERT INTO FIDE_ESTADO_TB (ID_ESTADO, NOMBRE) VALUES (9, 'Completado');
INSERT INTO FIDE_ESTADO_TB (ID_ESTADO, NOMBRE) VALUES (10, 'Suspendido');
SELECT * FROM FIDE_ESTADO_TB;

-- Inserts Tabla FIDE_ROL_TB
INSERT INTO FIDE_ROL_TB (ID_ROL, NOMBRE_ROL, ID_ESTADO) VALUES (1, 'Administrador del Sistema', 1);
INSERT INTO FIDE_ROL_TB (ID_ROL, NOMBRE_ROL, ID_ESTADO) VALUES (2, 'Asociado', 1);
INSERT INTO FIDE_ROL_TB (ID_ROL, NOMBRE_ROL, ID_ESTADO) VALUES (3, 'Gestor Financiero', 1);
INSERT INTO FIDE_ROL_TB (ID_ROL, NOMBRE_ROL, ID_ESTADO) VALUES (4, 'Auditor Interno', 1);
INSERT INTO FIDE_ROL_TB (ID_ROL, NOMBRE_ROL, ID_ESTADO) VALUES (5, 'Encargado de Beneficios y Actividades', 1);
INSERT INTO FIDE_ROL_TB (ID_ROL, NOMBRE_ROL, ID_ESTADO) VALUES (6, 'Asistente Administrativo', 1);
SELECT * FROM FIDE_ROL_TB;

-- Inserts Tabla FIDE_DIRECCION_TB
INSERT INTO FIDE_DIRECCION_TB (ID_DIRECCION, PROVINCIA, CANTON, DISTRITO, ID_ESTADO) VALUES (1, 'San José', 'San José', 'Pavas', 1);
INSERT INTO FIDE_DIRECCION_TB (ID_DIRECCION, PROVINCIA, CANTON, DISTRITO, ID_ESTADO) VALUES (2, 'San José', 'Desamparados', 'San Miguel', 1);
INSERT INTO FIDE_DIRECCION_TB (ID_DIRECCION, PROVINCIA, CANTON, DISTRITO, ID_ESTADO) VALUES (3, 'Alajuela', 'Alajuela', 'San Rafael', 1);
INSERT INTO FIDE_DIRECCION_TB (ID_DIRECCION, PROVINCIA, CANTON, DISTRITO, ID_ESTADO) VALUES (4, 'Heredia', 'Heredia', 'Mercedes', 1);
INSERT INTO FIDE_DIRECCION_TB (ID_DIRECCION, PROVINCIA, CANTON, DISTRITO, ID_ESTADO) VALUES (5, 'Cartago', 'Cartago', 'Oriental', 1);
INSERT INTO FIDE_DIRECCION_TB (ID_DIRECCION, PROVINCIA, CANTON, DISTRITO, ID_ESTADO) VALUES (6, 'San José', 'Escazú', 'San Rafael', 1);
INSERT INTO FIDE_DIRECCION_TB (ID_DIRECCION, PROVINCIA, CANTON, DISTRITO, ID_ESTADO) VALUES (7, 'Alajuela', 'San Carlos', 'Ciudad Quesada', 1);
INSERT INTO FIDE_DIRECCION_TB (ID_DIRECCION, PROVINCIA, CANTON, DISTRITO, ID_ESTADO) VALUES (8, 'Heredia', 'Santo Domingo', 'Santo Domingo', 1);
INSERT INTO FIDE_DIRECCION_TB (ID_DIRECCION, PROVINCIA, CANTON, DISTRITO, ID_ESTADO) VALUES (9, 'Limón', 'Limón', 'Limón', 1);
INSERT INTO FIDE_DIRECCION_TB (ID_DIRECCION, PROVINCIA, CANTON, DISTRITO, ID_ESTADO) VALUES (10, 'Guanacaste', 'Liberia', 'Liberia', 1);
INSERT INTO FIDE_DIRECCION_TB (ID_DIRECCION, PROVINCIA, CANTON, DISTRITO, ID_ESTADO) VALUES (11, 'Puntarenas', 'Puntarenas', 'El Roble', 1);
INSERT INTO FIDE_DIRECCION_TB (ID_DIRECCION, PROVINCIA, CANTON, DISTRITO, ID_ESTADO) VALUES (12, 'San José', 'Goicoechea', 'Guadalupe', 1);
INSERT INTO FIDE_DIRECCION_TB (ID_DIRECCION, PROVINCIA, CANTON, DISTRITO, ID_ESTADO) VALUES (13, 'Cartago', 'La Unión', 'Tres Ríos', 1);
INSERT INTO FIDE_DIRECCION_TB (ID_DIRECCION, PROVINCIA, CANTON, DISTRITO, ID_ESTADO) VALUES (14, 'San José', 'Santa Ana', 'Santa Ana', 1);
INSERT INTO FIDE_DIRECCION_TB (ID_DIRECCION, PROVINCIA, CANTON, DISTRITO, ID_ESTADO) VALUES (15, 'Alajuela', 'Naranjo', 'Naranjo', 1);
INSERT INTO FIDE_DIRECCION_TB (ID_DIRECCION, PROVINCIA, CANTON, DISTRITO, ID_ESTADO) VALUES (16, 'Heredia', 'San Pablo', 'San Pablo', 1);
INSERT INTO FIDE_DIRECCION_TB (ID_DIRECCION, PROVINCIA, CANTON, DISTRITO, ID_ESTADO) VALUES (17, 'San José', 'Moravia', 'San Vicente', 1);
INSERT INTO FIDE_DIRECCION_TB (ID_DIRECCION, PROVINCIA, CANTON, DISTRITO, ID_ESTADO) VALUES (18, 'Puntarenas', 'Esparza', 'Espíritu Santo', 1);
INSERT INTO FIDE_DIRECCION_TB (ID_DIRECCION, PROVINCIA, CANTON, DISTRITO, ID_ESTADO) VALUES (19, 'Cartago', 'Paraíso', 'Paraíso', 1);
INSERT INTO FIDE_DIRECCION_TB (ID_DIRECCION, PROVINCIA, CANTON, DISTRITO, ID_ESTADO) VALUES (20, 'Alajuela', 'Palmares', 'Palmares', 1);
INSERT INTO FIDE_DIRECCION_TB (ID_DIRECCION, PROVINCIA, CANTON, DISTRITO, ID_ESTADO) VALUES (21, 'San José', 'San Pedro', 'Montes de Oca', 1);
INSERT INTO FIDE_DIRECCION_TB (ID_DIRECCION, PROVINCIA, CANTON, DISTRITO, ID_ESTADO) VALUES (22, 'Guanacaste', 'Nicoya', 'Nicoya', 1);
INSERT INTO FIDE_DIRECCION_TB (ID_DIRECCION, PROVINCIA, CANTON, DISTRITO, ID_ESTADO) VALUES (23, 'San José', 'Pérez Zeledón', 'San Isidro de El General', 1);
INSERT INTO FIDE_DIRECCION_TB (ID_DIRECCION, PROVINCIA, CANTON, DISTRITO, ID_ESTADO) VALUES (24, 'Heredia', 'Belén', 'San Antonio', 1);
INSERT INTO FIDE_DIRECCION_TB (ID_DIRECCION, PROVINCIA, CANTON, DISTRITO, ID_ESTADO) VALUES (25, 'Limón', 'Pococí', 'Guápiles', 1);
INSERT INTO FIDE_DIRECCION_TB (ID_DIRECCION, PROVINCIA, CANTON, DISTRITO, ID_ESTADO) VALUES (26, 'San José', 'Curridabat', 'Curridabat', 1);
INSERT INTO FIDE_DIRECCION_TB (ID_DIRECCION, PROVINCIA, CANTON, DISTRITO, ID_ESTADO) VALUES (27, 'San José', 'Tibás', 'San Juan', 1);
INSERT INTO FIDE_DIRECCION_TB (ID_DIRECCION, PROVINCIA, CANTON, DISTRITO, ID_ESTADO) VALUES (28, 'Alajuela', 'Atenas', 'Atenas', 1);
INSERT INTO FIDE_DIRECCION_TB (ID_DIRECCION, PROVINCIA, CANTON, DISTRITO, ID_ESTADO) VALUES (29, 'San José', 'San José', 'Hatillo', 1);
INSERT INTO FIDE_DIRECCION_TB (ID_DIRECCION, PROVINCIA, CANTON, DISTRITO, ID_ESTADO) VALUES (30, 'Cartago', 'Cartago', 'San Nicolás', 1);
INSERT INTO FIDE_DIRECCION_TB (ID_DIRECCION, PROVINCIA, CANTON, DISTRITO, ID_ESTADO) VALUES (31, 'Alajuela', 'San Ramón', 'San Ramón', 1);
INSERT INTO FIDE_DIRECCION_TB (ID_DIRECCION, PROVINCIA, CANTON, DISTRITO, ID_ESTADO) VALUES (32, 'Heredia', 'Barva', 'Barva', 1);
INSERT INTO FIDE_DIRECCION_TB (ID_DIRECCION, PROVINCIA, CANTON, DISTRITO, ID_ESTADO) VALUES (33, 'San José', 'Escazú', 'Escazú', 1);
INSERT INTO FIDE_DIRECCION_TB (ID_DIRECCION, PROVINCIA, CANTON, DISTRITO, ID_ESTADO) VALUES (34, 'Guanacaste', 'Cañas', 'Cañas', 1);
INSERT INTO FIDE_DIRECCION_TB (ID_DIRECCION, PROVINCIA, CANTON, DISTRITO, ID_ESTADO) VALUES (35, 'Limón', 'Siquirres', 'Siquirres', 1);
INSERT INTO FIDE_DIRECCION_TB (ID_DIRECCION, PROVINCIA, CANTON, DISTRITO, ID_ESTADO) VALUES (36, 'Puntarenas', 'Garabito', 'Jacó', 1);
INSERT INTO FIDE_DIRECCION_TB (ID_DIRECCION, PROVINCIA, CANTON, DISTRITO, ID_ESTADO) VALUES (37, 'San José', 'Aserrí', 'Aserrí', 1);
INSERT INTO FIDE_DIRECCION_TB (ID_DIRECCION, PROVINCIA, CANTON, DISTRITO, ID_ESTADO) VALUES (38, 'Cartago', 'El Guarco', 'Tejar', 1);
INSERT INTO FIDE_DIRECCION_TB (ID_DIRECCION, PROVINCIA, CANTON, DISTRITO, ID_ESTADO) VALUES (39, 'San José', 'San José', 'Mata Redonda', 1);
INSERT INTO FIDE_DIRECCION_TB (ID_DIRECCION, PROVINCIA, CANTON, DISTRITO, ID_ESTADO) VALUES (40, 'Alajuela', 'Grecia', 'Grecia', 1);
INSERT INTO FIDE_DIRECCION_TB (ID_DIRECCION, PROVINCIA, CANTON, DISTRITO, ID_ESTADO) VALUES (41, 'San José', 'San José', 'Pavas', 1);
INSERT INTO FIDE_DIRECCION_TB (ID_DIRECCION, PROVINCIA, CANTON, DISTRITO, ID_ESTADO) VALUES (42, 'San José', 'San Pedro', 'Montes de Oca', 1);
INSERT INTO FIDE_DIRECCION_TB (ID_DIRECCION, PROVINCIA, CANTON, DISTRITO, ID_ESTADO) VALUES (43, 'Heredia', 'Heredia', 'San Francisco', 1);
INSERT INTO FIDE_DIRECCION_TB (ID_DIRECCION, PROVINCIA, CANTON, DISTRITO, ID_ESTADO) VALUES (44, 'Heredia', 'Santa Bárbara', 'Santa Bárbara', 1);
INSERT INTO FIDE_DIRECCION_TB (ID_DIRECCION, PROVINCIA, CANTON, DISTRITO, ID_ESTADO) VALUES (45, 'Cartago', 'Oreamuno', 'San Rafael', 1);
INSERT INTO FIDE_DIRECCION_TB (ID_DIRECCION, PROVINCIA, CANTON, DISTRITO, ID_ESTADO) VALUES (46, 'Alajuela', 'Poás', 'San Pedro', 1);
INSERT INTO FIDE_DIRECCION_TB (ID_DIRECCION, PROVINCIA, CANTON, DISTRITO, ID_ESTADO) VALUES (47, 'San José', 'Coronado', 'San Isidro', 1);
INSERT INTO FIDE_DIRECCION_TB (ID_DIRECCION, PROVINCIA, CANTON, DISTRITO, ID_ESTADO) VALUES (48, 'San José', 'San José', 'Zapote', 1);
INSERT INTO FIDE_DIRECCION_TB (ID_DIRECCION, PROVINCIA, CANTON, DISTRITO, ID_ESTADO) VALUES (49, 'Cartago', 'Paraíso', 'Santiago', 1);
INSERT INTO FIDE_DIRECCION_TB (ID_DIRECCION, PROVINCIA, CANTON, DISTRITO, ID_ESTADO) VALUES (50, 'Guanacaste', 'Santa Cruz', 'Santa Cruz', 1);
INSERT INTO FIDE_DIRECCION_TB (ID_DIRECCION, PROVINCIA, CANTON, DISTRITO, ID_ESTADO) VALUES (51, 'Puntarenas', 'Osa', 'Ciudad Cortés', 1);
INSERT INTO FIDE_DIRECCION_TB (ID_DIRECCION, PROVINCIA, CANTON, DISTRITO, ID_ESTADO) VALUES (52, 'San José', 'Desamparados', 'Gravilias', 1);
INSERT INTO FIDE_DIRECCION_TB (ID_DIRECCION, PROVINCIA, CANTON, DISTRITO, ID_ESTADO) VALUES (53, 'Alajuela', 'Zarcero', 'Zarcero', 1);
INSERT INTO FIDE_DIRECCION_TB (ID_DIRECCION, PROVINCIA, CANTON, DISTRITO, ID_ESTADO) VALUES (54, 'San José', 'San José', 'Uruca', 1);
INSERT INTO FIDE_DIRECCION_TB (ID_DIRECCION, PROVINCIA, CANTON, DISTRITO, ID_ESTADO) VALUES (55, 'Limón', 'Matina', 'Matina', 1);
INSERT INTO FIDE_DIRECCION_TB (ID_DIRECCION, PROVINCIA, CANTON, DISTRITO, ID_ESTADO) VALUES (56, 'Heredia', 'San Rafael', 'San Rafael', 1);
INSERT INTO FIDE_DIRECCION_TB (ID_DIRECCION, PROVINCIA, CANTON, DISTRITO, ID_ESTADO) VALUES (57, 'Heredia', 'Flores', 'San Joaquín', 1);
INSERT INTO FIDE_DIRECCION_TB (ID_DIRECCION, PROVINCIA, CANTON, DISTRITO, ID_ESTADO) VALUES (58, 'Cartago', 'Cartago', 'Oriental', 1);
INSERT INTO FIDE_DIRECCION_TB (ID_DIRECCION, PROVINCIA, CANTON, DISTRITO, ID_ESTADO) VALUES (59, 'San José', 'Desamparados', 'San Antonio', 1);
INSERT INTO FIDE_DIRECCION_TB (ID_DIRECCION, PROVINCIA, CANTON, DISTRITO, ID_ESTADO) VALUES (60, 'Alajuela', 'San Carlos', 'Aguas Zarcas', 1);
INSERT INTO FIDE_DIRECCION_TB (ID_DIRECCION, PROVINCIA, CANTON, DISTRITO, ID_ESTADO) VALUES (61, 'San José', 'San José', 'Hospital', 1);
INSERT INTO FIDE_DIRECCION_TB (ID_DIRECCION, PROVINCIA, CANTON, DISTRITO, ID_ESTADO) VALUES (62, 'San José', 'Mora', 'Ciudad Colón', 1);
INSERT INTO FIDE_DIRECCION_TB (ID_DIRECCION, PROVINCIA, CANTON, DISTRITO, ID_ESTADO) VALUES (63, 'Cartago', 'Jiménez', 'Juan Viñas', 1);
INSERT INTO FIDE_DIRECCION_TB (ID_DIRECCION, PROVINCIA, CANTON, DISTRITO, ID_ESTADO) VALUES (64, 'Puntarenas', 'Coto Brus', 'San Vito', 1);
INSERT INTO FIDE_DIRECCION_TB (ID_DIRECCION, PROVINCIA, CANTON, DISTRITO, ID_ESTADO) VALUES (65, 'San José', 'Alajuelita', 'Alajuelita', 1);
INSERT INTO FIDE_DIRECCION_TB (ID_DIRECCION, PROVINCIA, CANTON, DISTRITO, ID_ESTADO) VALUES (66, 'Limón', 'Talamanca', 'Bribrí', 1);
INSERT INTO FIDE_DIRECCION_TB (ID_DIRECCION, PROVINCIA, CANTON, DISTRITO, ID_ESTADO) VALUES (67, 'Guanacaste', 'Tilarán', 'Tilarán', 1);
INSERT INTO FIDE_DIRECCION_TB (ID_DIRECCION, PROVINCIA, CANTON, DISTRITO, ID_ESTADO) VALUES (68, 'Cartago', 'Alvarado', 'Pacayas', 1);
INSERT INTO FIDE_DIRECCION_TB (ID_DIRECCION, PROVINCIA, CANTON, DISTRITO, ID_ESTADO) VALUES (69, 'San José', 'Acosta', 'San Ignacio', 1);
INSERT INTO FIDE_DIRECCION_TB (ID_DIRECCION, PROVINCIA, CANTON, DISTRITO, ID_ESTADO) VALUES (70, 'San José', 'San José', 'San Sebastián', 1);
INSERT INTO FIDE_DIRECCION_TB (ID_DIRECCION, PROVINCIA, CANTON, DISTRITO, ID_ESTADO) VALUES (71, 'Heredia', 'San Isidro', 'San Isidro', 1);
INSERT INTO FIDE_DIRECCION_TB (ID_DIRECCION, PROVINCIA, CANTON, DISTRITO, ID_ESTADO) VALUES (72, 'Alajuela', 'Upala', 'Upala', 1);
INSERT INTO FIDE_DIRECCION_TB (ID_DIRECCION, PROVINCIA, CANTON, DISTRITO, ID_ESTADO) VALUES (73, 'Guanacaste', 'Bagaces', 'Bagaces', 1);
INSERT INTO FIDE_DIRECCION_TB (ID_DIRECCION, PROVINCIA, CANTON, DISTRITO, ID_ESTADO) VALUES (74, 'Limón', 'Guácimo', 'Guácimo', 1);
INSERT INTO FIDE_DIRECCION_TB (ID_DIRECCION, PROVINCIA, CANTON, DISTRITO, ID_ESTADO) VALUES (75, 'San José', 'Desamparados', 'San Rafael Arriba', 1);
INSERT INTO FIDE_DIRECCION_TB (ID_DIRECCION, PROVINCIA, CANTON, DISTRITO, ID_ESTADO) VALUES (76, 'Cartago', 'Turrialba', 'Turrialba', 1);
INSERT INTO FIDE_DIRECCION_TB (ID_DIRECCION, PROVINCIA, CANTON, DISTRITO, ID_ESTADO) VALUES (77, 'San José', 'Puriscal', 'Santiago', 1);
INSERT INTO FIDE_DIRECCION_TB (ID_DIRECCION, PROVINCIA, CANTON, DISTRITO, ID_ESTADO) VALUES (78, 'Puntarenas', 'Quepos', 'Quepos', 1);
INSERT INTO FIDE_DIRECCION_TB (ID_DIRECCION, PROVINCIA, CANTON, DISTRITO, ID_ESTADO) VALUES (79, 'Heredia', 'Sarapiquí', 'Puerto Viejo', 1);
INSERT INTO FIDE_DIRECCION_TB (ID_DIRECCION, PROVINCIA, CANTON, DISTRITO, ID_ESTADO) VALUES (80, 'San José', 'San José', 'Catedral', 1);
INSERT INTO FIDE_DIRECCION_TB (ID_DIRECCION, PROVINCIA, CANTON, DISTRITO, ID_ESTADO) VALUES (81, 'Alajuela', 'Orotina', 'Orotina', 1);
INSERT INTO FIDE_DIRECCION_TB (ID_DIRECCION, PROVINCIA, CANTON, DISTRITO, ID_ESTADO) VALUES (82, 'San José', 'Goicoechea', 'Ipís', 1);
INSERT INTO FIDE_DIRECCION_TB (ID_DIRECCION, PROVINCIA, CANTON, DISTRITO, ID_ESTADO) VALUES (83, 'Cartago', 'El Guarco', 'Tejar', 1);
INSERT INTO FIDE_DIRECCION_TB (ID_DIRECCION, PROVINCIA, CANTON, DISTRITO, ID_ESTADO) VALUES (84, 'Guanacaste', 'Carrillo', 'Filadelfia', 1);
INSERT INTO FIDE_DIRECCION_TB (ID_DIRECCION, PROVINCIA, CANTON, DISTRITO, ID_ESTADO) VALUES (85, 'Puntarenas', 'Golfito', 'Golfito', 1);
INSERT INTO FIDE_DIRECCION_TB (ID_DIRECCION, PROVINCIA, CANTON, DISTRITO, ID_ESTADO) VALUES (86, 'San José', 'San José', 'Pavas', 1);
INSERT INTO FIDE_DIRECCION_TB (ID_DIRECCION, PROVINCIA, CANTON, DISTRITO, ID_ESTADO) VALUES (87, 'Alajuela', 'Los Chiles', 'Los Chiles', 1);
INSERT INTO FIDE_DIRECCION_TB (ID_DIRECCION, PROVINCIA, CANTON, DISTRITO, ID_ESTADO) VALUES (88, 'Limón', 'Pococí', 'Cariari', 1);
INSERT INTO FIDE_DIRECCION_TB (ID_DIRECCION, PROVINCIA, CANTON, DISTRITO, ID_ESTADO) VALUES (89, 'San José', 'Vázquez de Coronado', 'Cascajal', 1);
INSERT INTO FIDE_DIRECCION_TB (ID_DIRECCION, PROVINCIA, CANTON, DISTRITO, ID_ESTADO) VALUES (90, 'Cartago', 'Cartago', 'Occidental', 1);
INSERT INTO FIDE_DIRECCION_TB (ID_DIRECCION, PROVINCIA, CANTON, DISTRITO, ID_ESTADO) VALUES (91, 'Puntarenas', 'Corredores', 'Ciudad Neily', 1);
INSERT INTO FIDE_DIRECCION_TB (ID_DIRECCION, PROVINCIA, CANTON, DISTRITO, ID_ESTADO) VALUES (92, 'San José', 'Escazú', 'San Antonio', 1);
INSERT INTO FIDE_DIRECCION_TB (ID_DIRECCION, PROVINCIA, CANTON, DISTRITO, ID_ESTADO) VALUES (93, 'Heredia', 'Heredia', 'Ulloa', 1);
INSERT INTO FIDE_DIRECCION_TB (ID_DIRECCION, PROVINCIA, CANTON, DISTRITO, ID_ESTADO) VALUES (94, 'San José', 'Pérez Zeledón', 'Daniel Flores', 1);
INSERT INTO FIDE_DIRECCION_TB (ID_DIRECCION, PROVINCIA, CANTON, DISTRITO, ID_ESTADO) VALUES (95, 'Alajuela', 'San Mateo', 'San Mateo', 1);
INSERT INTO FIDE_DIRECCION_TB (ID_DIRECCION, PROVINCIA, CANTON, DISTRITO, ID_ESTADO) VALUES (96, 'Guanacaste', 'Abangares', 'Las Juntas', 1);
INSERT INTO FIDE_DIRECCION_TB (ID_DIRECCION, PROVINCIA, CANTON, DISTRITO, ID_ESTADO) VALUES (97, 'Cartago', 'Turrialba', 'Pavones', 1);
INSERT INTO FIDE_DIRECCION_TB (ID_DIRECCION, PROVINCIA, CANTON, DISTRITO, ID_ESTADO) VALUES (98, 'San José', 'Moravia', 'San Jerónimo', 1);
INSERT INTO FIDE_DIRECCION_TB (ID_DIRECCION, PROVINCIA, CANTON, DISTRITO, ID_ESTADO) VALUES (99, 'Limón', 'Limón', 'Matama', 1);
INSERT INTO FIDE_DIRECCION_TB (ID_DIRECCION, PROVINCIA, CANTON, DISTRITO, ID_ESTADO) VALUES (100, 'San José', 'Curridabat', 'Sánchez', 1);
INSERT INTO FIDE_DIRECCION_TB (ID_DIRECCION, PROVINCIA, CANTON, DISTRITO, ID_ESTADO) VALUES (101, 'Heredia', 'San Pablo', 'San Pablo', 1);
INSERT INTO FIDE_DIRECCION_TB (ID_DIRECCION, PROVINCIA, CANTON, DISTRITO, ID_ESTADO) VALUES (102, 'San José', 'Tibás', 'Anselmo Llorente', 1);
INSERT INTO FIDE_DIRECCION_TB (ID_DIRECCION, PROVINCIA, CANTON, DISTRITO, ID_ESTADO) VALUES (103, 'Alajuela', 'Alajuela', 'Desamparados', 1);
INSERT INTO FIDE_DIRECCION_TB (ID_DIRECCION, PROVINCIA, CANTON, DISTRITO, ID_ESTADO) VALUES (104, 'Cartago', 'Paraíso', 'Paraíso', 1);
INSERT INTO FIDE_DIRECCION_TB (ID_DIRECCION, PROVINCIA, CANTON, DISTRITO, ID_ESTADO) VALUES (105, 'San José', 'Dota', 'Santa María', 1);
INSERT INTO FIDE_DIRECCION_TB (ID_DIRECCION, PROVINCIA, CANTON, DISTRITO, ID_ESTADO) VALUES (106, 'Guanacaste', 'Nandayure', 'Carmona', 1);
INSERT INTO FIDE_DIRECCION_TB (ID_DIRECCION, PROVINCIA, CANTON, DISTRITO, ID_ESTADO) VALUES (107, 'Puntarenas', 'Puntarenas', 'Barranca', 1);
INSERT INTO FIDE_DIRECCION_TB (ID_DIRECCION, PROVINCIA, CANTON, DISTRITO, ID_ESTADO) VALUES (108, 'Limón', 'Pococí', 'La Rita', 1);
INSERT INTO FIDE_DIRECCION_TB (ID_DIRECCION, PROVINCIA, CANTON, DISTRITO, ID_ESTADO) VALUES (109, 'Alajuela', 'Poás', 'Carrillos', 1);
INSERT INTO FIDE_DIRECCION_TB (ID_DIRECCION, PROVINCIA, CANTON, DISTRITO, ID_ESTADO) VALUES (110, 'Heredia', 'Santa Bárbara', 'Purabá', 1);
INSERT INTO FIDE_DIRECCION_TB (ID_DIRECCION, PROVINCIA, CANTON, DISTRITO, ID_ESTADO) VALUES (111, 'San José', 'Montes de Oca', 'Sabanilla', 1);
INSERT INTO FIDE_DIRECCION_TB (ID_DIRECCION, PROVINCIA, CANTON, DISTRITO, ID_ESTADO) VALUES (112, 'San José', 'San José', 'San Francisco de Dos Ríos', 1);
INSERT INTO FIDE_DIRECCION_TB (ID_DIRECCION, PROVINCIA, CANTON, DISTRITO, ID_ESTADO) VALUES (113, 'Cartago', 'Oreamuno', 'Cot', 1);
INSERT INTO FIDE_DIRECCION_TB (ID_DIRECCION, PROVINCIA, CANTON, DISTRITO, ID_ESTADO) VALUES (114, 'San José', 'Leon Cortés', 'San Pablo', 1);
INSERT INTO FIDE_DIRECCION_TB (ID_DIRECCION, PROVINCIA, CANTON, DISTRITO, ID_ESTADO) VALUES (115, 'Guanacaste', 'La Cruz', 'La Cruz', 1);
INSERT INTO FIDE_DIRECCION_TB (ID_DIRECCION, PROVINCIA, CANTON, DISTRITO, ID_ESTADO) VALUES (116, 'Puntarenas', 'Buenos Aires', 'Buenos Aires', 1);
INSERT INTO FIDE_DIRECCION_TB (ID_DIRECCION, PROVINCIA, CANTON, DISTRITO, ID_ESTADO) VALUES (117, 'Alajuela', 'Sarchí', 'Sarchí Norte', 1);
INSERT INTO FIDE_DIRECCION_TB (ID_DIRECCION, PROVINCIA, CANTON, DISTRITO, ID_ESTADO) VALUES (118, 'San José', 'Goicoechea', 'San Francisco', 1);
INSERT INTO FIDE_DIRECCION_TB (ID_DIRECCION, PROVINCIA, CANTON, DISTRITO, ID_ESTADO) VALUES (119, 'Heredia', 'Santo Domingo', 'Tures', 1);
INSERT INTO FIDE_DIRECCION_TB (ID_DIRECCION, PROVINCIA, CANTON, DISTRITO, ID_ESTADO) VALUES (120, 'Limón', 'Matina', 'Batan', 1);
INSERT INTO FIDE_DIRECCION_TB (ID_DIRECCION, PROVINCIA, CANTON, DISTRITO, ID_ESTADO) VALUES (121, 'San José', 'Desamparados', 'San Juan de Dios', 1);
INSERT INTO FIDE_DIRECCION_TB (ID_DIRECCION, PROVINCIA, CANTON, DISTRITO, ID_ESTADO) VALUES (122, 'Alajuela', 'San Carlos', 'La Fortuna', 1);
INSERT INTO FIDE_DIRECCION_TB (ID_DIRECCION, PROVINCIA, CANTON, DISTRITO, ID_ESTADO) VALUES (123, 'San José', 'Santa Ana', 'Piedades', 1);
INSERT INTO FIDE_DIRECCION_TB (ID_DIRECCION, PROVINCIA, CANTON, DISTRITO, ID_ESTADO) VALUES (124, 'Cartago', 'La Unión', 'Concepción', 1);
INSERT INTO FIDE_DIRECCION_TB (ID_DIRECCION, PROVINCIA, CANTON, DISTRITO, ID_ESTADO) VALUES (125, 'Guanacaste', 'Hojancha', 'Hojancha', 1);
INSERT INTO FIDE_DIRECCION_TB (ID_DIRECCION, PROVINCIA, CANTON, DISTRITO, ID_ESTADO) VALUES (126, 'Puntarenas', 'Montes de Oro', 'Miramar', 1);
INSERT INTO FIDE_DIRECCION_TB (ID_DIRECCION, PROVINCIA, CANTON, DISTRITO, ID_ESTADO) VALUES (127, 'San José', 'Curridabat', 'Granadilla', 1);
INSERT INTO FIDE_DIRECCION_TB (ID_DIRECCION, PROVINCIA, CANTON, DISTRITO, ID_ESTADO) VALUES (128, 'Alajuela', 'Guatuso', 'San Rafael', 1);
INSERT INTO FIDE_DIRECCION_TB (ID_DIRECCION, PROVINCIA, CANTON, DISTRITO, ID_ESTADO) VALUES (129, 'Heredia', 'Heredia', 'Mercedes', 1);
INSERT INTO FIDE_DIRECCION_TB (ID_DIRECCION, PROVINCIA, CANTON, DISTRITO, ID_ESTADO) VALUES (130, 'Limón', 'Limón', 'Río Blanco', 1);
INSERT INTO FIDE_DIRECCION_TB (ID_DIRECCION, PROVINCIA, CANTON, DISTRITO, ID_ESTADO) VALUES (131, 'San José', 'San José', 'Pavas', 1);
INSERT INTO FIDE_DIRECCION_TB (ID_DIRECCION, PROVINCIA, CANTON, DISTRITO, ID_ESTADO) VALUES (132, 'Alajuela', 'San Ramón', 'Piedades Norte', 1);
INSERT INTO FIDE_DIRECCION_TB (ID_DIRECCION, PROVINCIA, CANTON, DISTRITO, ID_ESTADO) VALUES (133, 'San José', 'Escazú', 'San Rafael', 1);
INSERT INTO FIDE_DIRECCION_TB (ID_DIRECCION, PROVINCIA, CANTON, DISTRITO, ID_ESTADO) VALUES (134, 'Cartago', 'Turrialba', 'Santa Rosa', 1);
INSERT INTO FIDE_DIRECCION_TB (ID_DIRECCION, PROVINCIA, CANTON, DISTRITO, ID_ESTADO) VALUES (135, 'Guanacaste', 'Santa Cruz', 'Tamarindo', 1);
INSERT INTO FIDE_DIRECCION_TB (ID_DIRECCION, PROVINCIA, CANTON, DISTRITO, ID_ESTADO) VALUES (136, 'Puntarenas', 'Parrita', 'Parrita', 1);
INSERT INTO FIDE_DIRECCION_TB (ID_DIRECCION, PROVINCIA, CANTON, DISTRITO, ID_ESTADO) VALUES (137, 'San José', 'Tarrazú', 'San Marcos', 1);
INSERT INTO FIDE_DIRECCION_TB (ID_DIRECCION, PROVINCIA, CANTON, DISTRITO, ID_ESTADO) VALUES (138, 'Alajuela', 'Grecia', 'Puente de Piedra', 1);
INSERT INTO FIDE_DIRECCION_TB (ID_DIRECCION, PROVINCIA, CANTON, DISTRITO, ID_ESTADO) VALUES (139, 'Heredia', 'Barva', 'San Pablo', 1);
INSERT INTO FIDE_DIRECCION_TB (ID_DIRECCION, PROVINCIA, CANTON, DISTRITO, ID_ESTADO) VALUES (140, 'Limón', 'Pococí', 'Colorado', 1);
INSERT INTO FIDE_DIRECCION_TB (ID_DIRECCION, PROVINCIA, CANTON, DISTRITO, ID_ESTADO) VALUES (141, 'San José', 'Desamparados', 'San Rafael Abajo', 1);
INSERT INTO FIDE_DIRECCION_TB (ID_DIRECCION, PROVINCIA, CANTON, DISTRITO, ID_ESTADO) VALUES (142, 'San José', 'Tibás', 'Cinco Esquinas', 1);
INSERT INTO FIDE_DIRECCION_TB (ID_DIRECCION, PROVINCIA, CANTON, DISTRITO, ID_ESTADO) VALUES (143, 'Alajuela', 'Upala', 'Dos Ríos', 1);
INSERT INTO FIDE_DIRECCION_TB (ID_DIRECCION, PROVINCIA, CANTON, DISTRITO, ID_ESTADO) VALUES (144, 'Cartago', 'Paraíso', 'Cachí', 1);
INSERT INTO FIDE_DIRECCION_TB (ID_DIRECCION, PROVINCIA, CANTON, DISTRITO, ID_ESTADO) VALUES (145, 'San José', 'Vázquez de Coronado', 'San Rafael', 1);
INSERT INTO FIDE_DIRECCION_TB (ID_DIRECCION, PROVINCIA, CANTON, DISTRITO, ID_ESTADO) VALUES (146, 'Guanacaste', 'Nicoya', 'Mansión', 1);
INSERT INTO FIDE_DIRECCION_TB (ID_DIRECCION, PROVINCIA, CANTON, DISTRITO, ID_ESTADO) VALUES (147, 'Puntarenas', 'Golfito', 'Pavón', 1);
INSERT INTO FIDE_DIRECCION_TB (ID_DIRECCION, PROVINCIA, CANTON, DISTRITO, ID_ESTADO) VALUES (148, 'Limón', 'Siquirres', 'Florida', 1);
INSERT INTO FIDE_DIRECCION_TB (ID_DIRECCION, PROVINCIA, CANTON, DISTRITO, ID_ESTADO) VALUES (149, 'Heredia', 'San Isidro', 'San Isidro', 1);
INSERT INTO FIDE_DIRECCION_TB (ID_DIRECCION, PROVINCIA, CANTON, DISTRITO, ID_ESTADO) VALUES (150, 'San José', 'Curridabat', 'Tirrases', 1);
INSERT INTO FIDE_DIRECCION_TB (ID_DIRECCION, PROVINCIA, CANTON, DISTRITO, ID_ESTADO) VALUES (151, 'Alajuela', 'Alajuela', 'Tambor', 1);
INSERT INTO FIDE_DIRECCION_TB (ID_DIRECCION, PROVINCIA, CANTON, DISTRITO, ID_ESTADO) VALUES (152, 'Cartago', 'Cartago', 'San Francisco', 1);
INSERT INTO FIDE_DIRECCION_TB (ID_DIRECCION, PROVINCIA, CANTON, DISTRITO, ID_ESTADO) VALUES (153, 'San José', 'Goicoechea', 'Rancho Redondo', 1);
INSERT INTO FIDE_DIRECCION_TB (ID_DIRECCION, PROVINCIA, CANTON, DISTRITO, ID_ESTADO) VALUES (154, 'Heredia', 'Belén', 'La Ribera', 1);
INSERT INTO FIDE_DIRECCION_TB (ID_DIRECCION, PROVINCIA, CANTON, DISTRITO, ID_ESTADO) VALUES (155, 'Puntarenas', 'Puntarenas', 'Chacarita', 1);
INSERT INTO FIDE_DIRECCION_TB (ID_DIRECCION, PROVINCIA, CANTON, DISTRITO, ID_ESTADO) VALUES (156, 'Limón', 'Guácimo', 'Pocora', 1);
INSERT INTO FIDE_DIRECCION_TB (ID_DIRECCION, PROVINCIA, CANTON, DISTRITO, ID_ESTADO) VALUES (157, 'Guanacaste', 'Liberia', 'Cañas Dulces', 1);
INSERT INTO FIDE_DIRECCION_TB (ID_DIRECCION, PROVINCIA, CANTON, DISTRITO, ID_ESTADO) VALUES (158, 'San José', 'San José', 'Mata Redonda', 1);
INSERT INTO FIDE_DIRECCION_TB (ID_DIRECCION, PROVINCIA, CANTON, DISTRITO, ID_ESTADO) VALUES (159, 'Alajuela', 'Atenas', 'Mercedes', 1);
INSERT INTO FIDE_DIRECCION_TB (ID_DIRECCION, PROVINCIA, CANTON, DISTRITO, ID_ESTADO) VALUES (160, 'Cartago', 'La Unión', 'San Rafael', 1);
INSERT INTO FIDE_DIRECCION_TB (ID_DIRECCION, PROVINCIA, CANTON, DISTRITO, ID_ESTADO) VALUES (161, 'San José', 'Mora', 'Guayabo', 1);
INSERT INTO FIDE_DIRECCION_TB (ID_DIRECCION, PROVINCIA, CANTON, DISTRITO, ID_ESTADO) VALUES (162, 'Heredia', 'San Rafael', 'Santiago', 1);
INSERT INTO FIDE_DIRECCION_TB (ID_DIRECCION, PROVINCIA, CANTON, DISTRITO, ID_ESTADO) VALUES (163, 'Alajuela', 'Palmares', 'Buenos Aires', 1);
INSERT INTO FIDE_DIRECCION_TB (ID_DIRECCION, PROVINCIA, CANTON, DISTRITO, ID_ESTADO) VALUES (164, 'Puntarenas', 'Quepos', 'Savegre', 1);
INSERT INTO FIDE_DIRECCION_TB (ID_DIRECCION, PROVINCIA, CANTON, DISTRITO, ID_ESTADO) VALUES (165, 'Limón', 'Talamanca', 'Sixaola', 1);
INSERT INTO FIDE_DIRECCION_TB (ID_DIRECCION, PROVINCIA, CANTON, DISTRITO, ID_ESTADO) VALUES (166, 'Guanacaste', 'Nicoya', 'Nosara', 1);
INSERT INTO FIDE_DIRECCION_TB (ID_DIRECCION, PROVINCIA, CANTON, DISTRITO, ID_ESTADO) VALUES (167, 'San José', 'Santa Ana', 'Pozos', 1);
INSERT INTO FIDE_DIRECCION_TB (ID_DIRECCION, PROVINCIA, CANTON, DISTRITO, ID_ESTADO) VALUES (168, 'Cartago', 'Jiménez', 'Pejibaye', 1);
INSERT INTO FIDE_DIRECCION_TB (ID_DIRECCION, PROVINCIA, CANTON, DISTRITO, ID_ESTADO) VALUES (169, 'Alajuela', 'Poás', 'San Juan', 1);
INSERT INTO FIDE_DIRECCION_TB (ID_DIRECCION, PROVINCIA, CANTON, DISTRITO, ID_ESTADO) VALUES (170, 'Heredia', 'Sarapiquí', 'La Virgen', 1);
INSERT INTO FIDE_DIRECCION_TB (ID_DIRECCION, PROVINCIA, CANTON, DISTRITO, ID_ESTADO) VALUES (171, 'San José', 'Desamparados', 'Damas', 1);
INSERT INTO FIDE_DIRECCION_TB (ID_DIRECCION, PROVINCIA, CANTON, DISTRITO, ID_ESTADO) VALUES (172, 'San José', 'San Pedro', 'Montes de Oca', 1);
INSERT INTO FIDE_DIRECCION_TB (ID_DIRECCION, PROVINCIA, CANTON, DISTRITO, ID_ESTADO) VALUES (173, 'Guanacaste', 'Bagaces', 'Mogote', 1);
INSERT INTO FIDE_DIRECCION_TB (ID_DIRECCION, PROVINCIA, CANTON, DISTRITO, ID_ESTADO) VALUES (174, 'Puntarenas', 'Coto Brus', 'Sabalito', 1);
INSERT INTO FIDE_DIRECCION_TB (ID_DIRECCION, PROVINCIA, CANTON, DISTRITO, ID_ESTADO) VALUES (175, 'Alajuela', 'San Carlos', 'Pital', 1);
INSERT INTO FIDE_DIRECCION_TB (ID_DIRECCION, PROVINCIA, CANTON, DISTRITO, ID_ESTADO) VALUES (176, 'Limón', 'Limón', 'Limón', 1);
INSERT INTO FIDE_DIRECCION_TB (ID_DIRECCION, PROVINCIA, CANTON, DISTRITO, ID_ESTADO) VALUES (177, 'Cartago', 'Paraíso', 'Orosi', 1);
INSERT INTO FIDE_DIRECCION_TB (ID_DIRECCION, PROVINCIA, CANTON, DISTRITO, ID_ESTADO) VALUES (178, 'San José', 'Acosta', 'Palmichal', 1);
INSERT INTO FIDE_DIRECCION_TB (ID_DIRECCION, PROVINCIA, CANTON, DISTRITO, ID_ESTADO) VALUES (179, 'Heredia', 'Flores', 'Barrantes', 1);
INSERT INTO FIDE_DIRECCION_TB (ID_DIRECCION, PROVINCIA, CANTON, DISTRITO, ID_ESTADO) VALUES (180, 'San José', 'Curridabat', 'Curridabat', 1);
INSERT INTO FIDE_DIRECCION_TB (ID_DIRECCION, PROVINCIA, CANTON, DISTRITO, ID_ESTADO) VALUES (181, 'Alajuela', 'Orotina', 'Coyolar', 1);
INSERT INTO FIDE_DIRECCION_TB (ID_DIRECCION, PROVINCIA, CANTON, DISTRITO, ID_ESTADO) VALUES (182, 'San José', 'Pérez Zeledón', 'San Pedro', 1);
INSERT INTO FIDE_DIRECCION_TB (ID_DIRECCION, PROVINCIA, CANTON, DISTRITO, ID_ESTADO) VALUES (183, 'Cartago', 'El Guarco', 'Tejar', 1);
INSERT INTO FIDE_DIRECCION_TB (ID_DIRECCION, PROVINCIA, CANTON, DISTRITO, ID_ESTADO) VALUES (184, 'Guanacaste', 'Liberia', 'Liberia', 1);
INSERT INTO FIDE_DIRECCION_TB (ID_DIRECCION, PROVINCIA, CANTON, DISTRITO, ID_ESTADO) VALUES (185, 'Puntarenas', 'Esparza', 'San Juan Grande', 1);
INSERT INTO FIDE_DIRECCION_TB (ID_DIRECCION, PROVINCIA, CANTON, DISTRITO, ID_ESTADO) VALUES (186, 'San José', 'Tibás', 'San Juan', 1);
INSERT INTO FIDE_DIRECCION_TB (ID_DIRECCION, PROVINCIA, CANTON, DISTRITO, ID_ESTADO) VALUES (187, 'Alajuela', 'Naranjo', 'San José', 1);
INSERT INTO FIDE_DIRECCION_TB (ID_DIRECCION, PROVINCIA, CANTON, DISTRITO, ID_ESTADO) VALUES (188, 'Limón', 'Pococí', 'Guápiles', 1);
INSERT INTO FIDE_DIRECCION_TB (ID_DIRECCION, PROVINCIA, CANTON, DISTRITO, ID_ESTADO) VALUES (189, 'Heredia', 'San Isidro', 'San Isidro', 1);
INSERT INTO FIDE_DIRECCION_TB (ID_DIRECCION, PROVINCIA, CANTON, DISTRITO, ID_ESTADO) VALUES (190, 'Cartago', 'Alvarado', 'Cervantes', 1);
INSERT INTO FIDE_DIRECCION_TB (ID_DIRECCION, PROVINCIA, CANTON, DISTRITO, ID_ESTADO) VALUES (191, 'Puntarenas', 'Golfito', 'Guaycará', 1);
INSERT INTO FIDE_DIRECCION_TB (ID_DIRECCION, PROVINCIA, CANTON, DISTRITO, ID_ESTADO) VALUES (192, 'San José', 'Escazú', 'San Rafael', 1);
INSERT INTO FIDE_DIRECCION_TB (ID_DIRECCION, PROVINCIA, CANTON, DISTRITO, ID_ESTADO) VALUES (193, 'Heredia', 'Heredia', 'Ulloa', 1);
INSERT INTO FIDE_DIRECCION_TB (ID_DIRECCION, PROVINCIA, CANTON, DISTRITO, ID_ESTADO) VALUES (194, 'San José', 'Desamparados', 'San Miguel', 1);
INSERT INTO FIDE_DIRECCION_TB (ID_DIRECCION, PROVINCIA, CANTON, DISTRITO, ID_ESTADO) VALUES (195, 'Alajuela', 'San Mateo', 'San Mateo', 1);
INSERT INTO FIDE_DIRECCION_TB (ID_DIRECCION, PROVINCIA, CANTON, DISTRITO, ID_ESTADO) VALUES (196, 'Guanacaste', 'Cañas', 'Bebedero', 1);
INSERT INTO FIDE_DIRECCION_TB (ID_DIRECCION, PROVINCIA, CANTON, DISTRITO, ID_ESTADO) VALUES (197, 'Cartago', 'Cartago', 'San Nicolás', 1);
INSERT INTO FIDE_DIRECCION_TB (ID_DIRECCION, PROVINCIA, CANTON, DISTRITO, ID_ESTADO) VALUES (198, 'San José', 'Santa Ana', 'Santa Ana', 1);
INSERT INTO FIDE_DIRECCION_TB (ID_DIRECCION, PROVINCIA, CANTON, DISTRITO, ID_ESTADO) VALUES (199, 'Limón', 'Matina', 'Matina', 1);
INSERT INTO FIDE_DIRECCION_TB (ID_DIRECCION, PROVINCIA, CANTON, DISTRITO, ID_ESTADO) VALUES (200, 'San José', 'Zapote', 'San José', 1);
SELECT * FROM FIDE_DIRECCION_TB;

-- Inserts Tabla FIDE_NUMERO_TELEFONO_TB
INSERT INTO FIDE_NUMERO_TELEFONO_TB (ID_NUMERO, NUMERO_TELEFONO, ID_ESTADO) VALUES (1, '88451234', 1);
INSERT INTO FIDE_NUMERO_TELEFONO_TB (ID_NUMERO, NUMERO_TELEFONO, ID_ESTADO) VALUES (2, '83214567', 1);
INSERT INTO FIDE_NUMERO_TELEFONO_TB (ID_NUMERO, NUMERO_TELEFONO, ID_ESTADO) VALUES (3, '87654321', 1);
INSERT INTO FIDE_NUMERO_TELEFONO_TB (ID_NUMERO, NUMERO_TELEFONO, ID_ESTADO) VALUES (4, '85123456', 1);
INSERT INTO FIDE_NUMERO_TELEFONO_TB (ID_NUMERO, NUMERO_TELEFONO, ID_ESTADO) VALUES (5, '89456723', 1);
INSERT INTO FIDE_NUMERO_TELEFONO_TB (ID_NUMERO, NUMERO_TELEFONO, ID_ESTADO) VALUES (6, '84567890', 1);
INSERT INTO FIDE_NUMERO_TELEFONO_TB (ID_NUMERO, NUMERO_TELEFONO, ID_ESTADO) VALUES (7, '86123987', 1);
INSERT INTO FIDE_NUMERO_TELEFONO_TB (ID_NUMERO, NUMERO_TELEFONO, ID_ESTADO) VALUES (8, '88234512', 1);
INSERT INTO FIDE_NUMERO_TELEFONO_TB (ID_NUMERO, NUMERO_TELEFONO, ID_ESTADO) VALUES (9, '83456123', 1);
INSERT INTO FIDE_NUMERO_TELEFONO_TB (ID_NUMERO, NUMERO_TELEFONO, ID_ESTADO) VALUES (10, '87123456', 1);
INSERT INTO FIDE_NUMERO_TELEFONO_TB (ID_NUMERO, NUMERO_TELEFONO, ID_ESTADO) VALUES (11, '85678912', 1);
INSERT INTO FIDE_NUMERO_TELEFONO_TB (ID_NUMERO, NUMERO_TELEFONO, ID_ESTADO) VALUES (12, '89123478', 1);
INSERT INTO FIDE_NUMERO_TELEFONO_TB (ID_NUMERO, NUMERO_TELEFONO, ID_ESTADO) VALUES (13, '84123890', 1);
INSERT INTO FIDE_NUMERO_TELEFONO_TB (ID_NUMERO, NUMERO_TELEFONO, ID_ESTADO) VALUES (14, '86456712', 1);
INSERT INTO FIDE_NUMERO_TELEFONO_TB (ID_NUMERO, NUMERO_TELEFONO, ID_ESTADO) VALUES (15, '88789012', 1);
INSERT INTO FIDE_NUMERO_TELEFONO_TB (ID_NUMERO, NUMERO_TELEFONO, ID_ESTADO) VALUES (16, '83123456', 1);
INSERT INTO FIDE_NUMERO_TELEFONO_TB (ID_NUMERO, NUMERO_TELEFONO, ID_ESTADO) VALUES (17, '87456789', 1);
INSERT INTO FIDE_NUMERO_TELEFONO_TB (ID_NUMERO, NUMERO_TELEFONO, ID_ESTADO) VALUES (18, '85789012', 1);
INSERT INTO FIDE_NUMERO_TELEFONO_TB (ID_NUMERO, NUMERO_TELEFONO, ID_ESTADO) VALUES (19, '89123456', 1);
INSERT INTO FIDE_NUMERO_TELEFONO_TB (ID_NUMERO, NUMERO_TELEFONO, ID_ESTADO) VALUES (20, '84234567', 1);
INSERT INTO FIDE_NUMERO_TELEFONO_TB (ID_NUMERO, NUMERO_TELEFONO, ID_ESTADO) VALUES (21, '86345678', 1);
INSERT INTO FIDE_NUMERO_TELEFONO_TB (ID_NUMERO, NUMERO_TELEFONO, ID_ESTADO) VALUES (22, '88456789', 1);
INSERT INTO FIDE_NUMERO_TELEFONO_TB (ID_NUMERO, NUMERO_TELEFONO, ID_ESTADO) VALUES (23, '83567890', 1);
INSERT INTO FIDE_NUMERO_TELEFONO_TB (ID_NUMERO, NUMERO_TELEFONO, ID_ESTADO) VALUES (24, '87678901', 1);
INSERT INTO FIDE_NUMERO_TELEFONO_TB (ID_NUMERO, NUMERO_TELEFONO, ID_ESTADO) VALUES (25, '85789013', 1);
INSERT INTO FIDE_NUMERO_TELEFONO_TB (ID_NUMERO, NUMERO_TELEFONO, ID_ESTADO) VALUES (26, '89890124', 1);
INSERT INTO FIDE_NUMERO_TELEFONO_TB (ID_NUMERO, NUMERO_TELEFONO, ID_ESTADO) VALUES (27, '84901235', 1);
INSERT INTO FIDE_NUMERO_TELEFONO_TB (ID_NUMERO, NUMERO_TELEFONO, ID_ESTADO) VALUES (28, '86012346', 1);
INSERT INTO FIDE_NUMERO_TELEFONO_TB (ID_NUMERO, NUMERO_TELEFONO, ID_ESTADO) VALUES (29, '88123457', 1);
INSERT INTO FIDE_NUMERO_TELEFONO_TB (ID_NUMERO, NUMERO_TELEFONO, ID_ESTADO) VALUES (30, '83234568', 1);
INSERT INTO FIDE_NUMERO_TELEFONO_TB (ID_NUMERO, NUMERO_TELEFONO, ID_ESTADO) VALUES (31, '87345679', 1);
INSERT INTO FIDE_NUMERO_TELEFONO_TB (ID_NUMERO, NUMERO_TELEFONO, ID_ESTADO) VALUES (32, '85456780', 1);
INSERT INTO FIDE_NUMERO_TELEFONO_TB (ID_NUMERO, NUMERO_TELEFONO, ID_ESTADO) VALUES (33, '89567891', 1);
INSERT INTO FIDE_NUMERO_TELEFONO_TB (ID_NUMERO, NUMERO_TELEFONO, ID_ESTADO) VALUES (34, '84678902', 1);
INSERT INTO FIDE_NUMERO_TELEFONO_TB (ID_NUMERO, NUMERO_TELEFONO, ID_ESTADO) VALUES (35, '86789013', 1);
INSERT INTO FIDE_NUMERO_TELEFONO_TB (ID_NUMERO, NUMERO_TELEFONO, ID_ESTADO) VALUES (36, '88890124', 1);
INSERT INTO FIDE_NUMERO_TELEFONO_TB (ID_NUMERO, NUMERO_TELEFONO, ID_ESTADO) VALUES (37, '83901235', 1);
INSERT INTO FIDE_NUMERO_TELEFONO_TB (ID_NUMERO, NUMERO_TELEFONO, ID_ESTADO) VALUES (38, '87012346', 1);
INSERT INTO FIDE_NUMERO_TELEFONO_TB (ID_NUMERO, NUMERO_TELEFONO, ID_ESTADO) VALUES (39, '85123457', 1);
INSERT INTO FIDE_NUMERO_TELEFONO_TB (ID_NUMERO, NUMERO_TELEFONO, ID_ESTADO) VALUES (40, '89234568', 1);
INSERT INTO FIDE_NUMERO_TELEFONO_TB (ID_NUMERO, NUMERO_TELEFONO, ID_ESTADO) VALUES (41, '84345679', 1);
INSERT INTO FIDE_NUMERO_TELEFONO_TB (ID_NUMERO, NUMERO_TELEFONO, ID_ESTADO) VALUES (42, '86456780', 1);
INSERT INTO FIDE_NUMERO_TELEFONO_TB (ID_NUMERO, NUMERO_TELEFONO, ID_ESTADO) VALUES (43, '88567891', 1);
INSERT INTO FIDE_NUMERO_TELEFONO_TB (ID_NUMERO, NUMERO_TELEFONO, ID_ESTADO) VALUES (44, '83678902', 1);
INSERT INTO FIDE_NUMERO_TELEFONO_TB (ID_NUMERO, NUMERO_TELEFONO, ID_ESTADO) VALUES (45, '87789013', 1);
INSERT INTO FIDE_NUMERO_TELEFONO_TB (ID_NUMERO, NUMERO_TELEFONO, ID_ESTADO) VALUES (46, '85890124', 1);
INSERT INTO FIDE_NUMERO_TELEFONO_TB (ID_NUMERO, NUMERO_TELEFONO, ID_ESTADO) VALUES (47, '89901235', 1);
INSERT INTO FIDE_NUMERO_TELEFONO_TB (ID_NUMERO, NUMERO_TELEFONO, ID_ESTADO) VALUES (48, '84012346', 1);
INSERT INTO FIDE_NUMERO_TELEFONO_TB (ID_NUMERO, NUMERO_TELEFONO, ID_ESTADO) VALUES (49, '86123457', 1);
INSERT INTO FIDE_NUMERO_TELEFONO_TB (ID_NUMERO, NUMERO_TELEFONO, ID_ESTADO) VALUES (50, '88234568', 1);
INSERT INTO FIDE_NUMERO_TELEFONO_TB (ID_NUMERO, NUMERO_TELEFONO, ID_ESTADO) VALUES (51, '83345679', 1);
INSERT INTO FIDE_NUMERO_TELEFONO_TB (ID_NUMERO, NUMERO_TELEFONO, ID_ESTADO) VALUES (52, '87456780', 1);
INSERT INTO FIDE_NUMERO_TELEFONO_TB (ID_NUMERO, NUMERO_TELEFONO, ID_ESTADO) VALUES (53, '85567891', 1);
INSERT INTO FIDE_NUMERO_TELEFONO_TB (ID_NUMERO, NUMERO_TELEFONO, ID_ESTADO) VALUES (54, '89678902', 1);
INSERT INTO FIDE_NUMERO_TELEFONO_TB (ID_NUMERO, NUMERO_TELEFONO, ID_ESTADO) VALUES (55, '84789013', 1);
INSERT INTO FIDE_NUMERO_TELEFONO_TB (ID_NUMERO, NUMERO_TELEFONO, ID_ESTADO) VALUES (56, '86890124', 1);
INSERT INTO FIDE_NUMERO_TELEFONO_TB (ID_NUMERO, NUMERO_TELEFONO, ID_ESTADO) VALUES (57, '88901235', 1);
INSERT INTO FIDE_NUMERO_TELEFONO_TB (ID_NUMERO, NUMERO_TELEFONO, ID_ESTADO) VALUES (58, '83012346', 1);
INSERT INTO FIDE_NUMERO_TELEFONO_TB (ID_NUMERO, NUMERO_TELEFONO, ID_ESTADO) VALUES (59, '87123457', 1);
INSERT INTO FIDE_NUMERO_TELEFONO_TB (ID_NUMERO, NUMERO_TELEFONO, ID_ESTADO) VALUES (60, '85234568', 1);
INSERT INTO FIDE_NUMERO_TELEFONO_TB (ID_NUMERO, NUMERO_TELEFONO, ID_ESTADO) VALUES (61, '89345679', 1);
INSERT INTO FIDE_NUMERO_TELEFONO_TB (ID_NUMERO, NUMERO_TELEFONO, ID_ESTADO) VALUES (62, '84456780', 1);
INSERT INTO FIDE_NUMERO_TELEFONO_TB (ID_NUMERO, NUMERO_TELEFONO, ID_ESTADO) VALUES (63, '86567891', 1);
INSERT INTO FIDE_NUMERO_TELEFONO_TB (ID_NUMERO, NUMERO_TELEFONO, ID_ESTADO) VALUES (64, '88678902', 1);
INSERT INTO FIDE_NUMERO_TELEFONO_TB (ID_NUMERO, NUMERO_TELEFONO, ID_ESTADO) VALUES (65, '83789013', 1);
INSERT INTO FIDE_NUMERO_TELEFONO_TB (ID_NUMERO, NUMERO_TELEFONO, ID_ESTADO) VALUES (66, '87890124', 1);
INSERT INTO FIDE_NUMERO_TELEFONO_TB (ID_NUMERO, NUMERO_TELEFONO, ID_ESTADO) VALUES (67, '85901235', 1);
INSERT INTO FIDE_NUMERO_TELEFONO_TB (ID_NUMERO, NUMERO_TELEFONO, ID_ESTADO) VALUES (68, '89012346', 1);
INSERT INTO FIDE_NUMERO_TELEFONO_TB (ID_NUMERO, NUMERO_TELEFONO, ID_ESTADO) VALUES (69, '84123457', 1);
INSERT INTO FIDE_NUMERO_TELEFONO_TB (ID_NUMERO, NUMERO_TELEFONO, ID_ESTADO) VALUES (70, '86234568', 1);
INSERT INTO FIDE_NUMERO_TELEFONO_TB (ID_NUMERO, NUMERO_TELEFONO, ID_ESTADO) VALUES (71, '88345679', 1);
INSERT INTO FIDE_NUMERO_TELEFONO_TB (ID_NUMERO, NUMERO_TELEFONO, ID_ESTADO) VALUES (72, '83456780', 1);
INSERT INTO FIDE_NUMERO_TELEFONO_TB (ID_NUMERO, NUMERO_TELEFONO, ID_ESTADO) VALUES (73, '87567891', 1);
INSERT INTO FIDE_NUMERO_TELEFONO_TB (ID_NUMERO, NUMERO_TELEFONO, ID_ESTADO) VALUES (74, '85678902', 1);
INSERT INTO FIDE_NUMERO_TELEFONO_TB (ID_NUMERO, NUMERO_TELEFONO, ID_ESTADO) VALUES (75, '89789013', 1);
INSERT INTO FIDE_NUMERO_TELEFONO_TB (ID_NUMERO, NUMERO_TELEFONO, ID_ESTADO) VALUES (76, '84890124', 1);
INSERT INTO FIDE_NUMERO_TELEFONO_TB (ID_NUMERO, NUMERO_TELEFONO, ID_ESTADO) VALUES (77, '86901235', 1);
INSERT INTO FIDE_NUMERO_TELEFONO_TB (ID_NUMERO, NUMERO_TELEFONO, ID_ESTADO) VALUES (78, '88012346', 1);
INSERT INTO FIDE_NUMERO_TELEFONO_TB (ID_NUMERO, NUMERO_TELEFONO, ID_ESTADO) VALUES (79, '83123457', 1);
INSERT INTO FIDE_NUMERO_TELEFONO_TB (ID_NUMERO, NUMERO_TELEFONO, ID_ESTADO) VALUES (80, '87234568', 1);
INSERT INTO FIDE_NUMERO_TELEFONO_TB (ID_NUMERO, NUMERO_TELEFONO, ID_ESTADO) VALUES (81, '85345679', 1);
INSERT INTO FIDE_NUMERO_TELEFONO_TB (ID_NUMERO, NUMERO_TELEFONO, ID_ESTADO) VALUES (82, '89456780', 1);
INSERT INTO FIDE_NUMERO_TELEFONO_TB (ID_NUMERO, NUMERO_TELEFONO, ID_ESTADO) VALUES (83, '84567891', 1);
INSERT INTO FIDE_NUMERO_TELEFONO_TB (ID_NUMERO, NUMERO_TELEFONO, ID_ESTADO) VALUES (84, '86678902', 1);
INSERT INTO FIDE_NUMERO_TELEFONO_TB (ID_NUMERO, NUMERO_TELEFONO, ID_ESTADO) VALUES (85, '88789013', 1);
INSERT INTO FIDE_NUMERO_TELEFONO_TB (ID_NUMERO, NUMERO_TELEFONO, ID_ESTADO) VALUES (86, '83890124', 1);
INSERT INTO FIDE_NUMERO_TELEFONO_TB (ID_NUMERO, NUMERO_TELEFONO, ID_ESTADO) VALUES (87, '87901235', 1);
INSERT INTO FIDE_NUMERO_TELEFONO_TB (ID_NUMERO, NUMERO_TELEFONO, ID_ESTADO) VALUES (88, '85012346', 1);
INSERT INTO FIDE_NUMERO_TELEFONO_TB (ID_NUMERO, NUMERO_TELEFONO, ID_ESTADO) VALUES (89, '89123457', 1);
INSERT INTO FIDE_NUMERO_TELEFONO_TB (ID_NUMERO, NUMERO_TELEFONO, ID_ESTADO) VALUES (90, '84234568', 1);
INSERT INTO FIDE_NUMERO_TELEFONO_TB (ID_NUMERO, NUMERO_TELEFONO, ID_ESTADO) VALUES (91, '86345679', 1);
INSERT INTO FIDE_NUMERO_TELEFONO_TB (ID_NUMERO, NUMERO_TELEFONO, ID_ESTADO) VALUES (92, '88456780', 1);
INSERT INTO FIDE_NUMERO_TELEFONO_TB (ID_NUMERO, NUMERO_TELEFONO, ID_ESTADO) VALUES (93, '83567891', 1);
INSERT INTO FIDE_NUMERO_TELEFONO_TB (ID_NUMERO, NUMERO_TELEFONO, ID_ESTADO) VALUES (94, '87678902', 1);
INSERT INTO FIDE_NUMERO_TELEFONO_TB (ID_NUMERO, NUMERO_TELEFONO, ID_ESTADO) VALUES (95, '85789013', 1);
INSERT INTO FIDE_NUMERO_TELEFONO_TB (ID_NUMERO, NUMERO_TELEFONO, ID_ESTADO) VALUES (96, '89890124', 1);
INSERT INTO FIDE_NUMERO_TELEFONO_TB (ID_NUMERO, NUMERO_TELEFONO, ID_ESTADO) VALUES (97, '84901235', 1);
INSERT INTO FIDE_NUMERO_TELEFONO_TB (ID_NUMERO, NUMERO_TELEFONO, ID_ESTADO) VALUES (98, '86012346', 1);
INSERT INTO FIDE_NUMERO_TELEFONO_TB (ID_NUMERO, NUMERO_TELEFONO, ID_ESTADO) VALUES (99, '88123457', 1);
INSERT INTO FIDE_NUMERO_TELEFONO_TB (ID_NUMERO, NUMERO_TELEFONO, ID_ESTADO) VALUES (100, '83234568', 1);
INSERT INTO FIDE_NUMERO_TELEFONO_TB (ID_NUMERO, NUMERO_TELEFONO, ID_ESTADO) VALUES (101, '87345679', 1);
INSERT INTO FIDE_NUMERO_TELEFONO_TB (ID_NUMERO, NUMERO_TELEFONO, ID_ESTADO) VALUES (102, '85456780', 1);
INSERT INTO FIDE_NUMERO_TELEFONO_TB (ID_NUMERO, NUMERO_TELEFONO, ID_ESTADO) VALUES (103, '89567891', 1);
INSERT INTO FIDE_NUMERO_TELEFONO_TB (ID_NUMERO, NUMERO_TELEFONO, ID_ESTADO) VALUES (104, '84678902', 1);
INSERT INTO FIDE_NUMERO_TELEFONO_TB (ID_NUMERO, NUMERO_TELEFONO, ID_ESTADO) VALUES (105, '86789013', 1);
INSERT INTO FIDE_NUMERO_TELEFONO_TB (ID_NUMERO, NUMERO_TELEFONO, ID_ESTADO) VALUES (106, '88890124', 1);
INSERT INTO FIDE_NUMERO_TELEFONO_TB (ID_NUMERO, NUMERO_TELEFONO, ID_ESTADO) VALUES (107, '83901235', 1);
INSERT INTO FIDE_NUMERO_TELEFONO_TB (ID_NUMERO, NUMERO_TELEFONO, ID_ESTADO) VALUES (108, '87012346', 1);
INSERT INTO FIDE_NUMERO_TELEFONO_TB (ID_NUMERO, NUMERO_TELEFONO, ID_ESTADO) VALUES (109, '85123457', 1);
INSERT INTO FIDE_NUMERO_TELEFONO_TB (ID_NUMERO, NUMERO_TELEFONO, ID_ESTADO) VALUES (110, '89234568', 1);
INSERT INTO FIDE_NUMERO_TELEFONO_TB (ID_NUMERO, NUMERO_TELEFONO, ID_ESTADO) VALUES (111, '84345679', 1);
INSERT INTO FIDE_NUMERO_TELEFONO_TB (ID_NUMERO, NUMERO_TELEFONO, ID_ESTADO) VALUES (112, '86456780', 1);
INSERT INTO FIDE_NUMERO_TELEFONO_TB (ID_NUMERO, NUMERO_TELEFONO, ID_ESTADO) VALUES (113, '88567891', 1);
INSERT INTO FIDE_NUMERO_TELEFONO_TB (ID_NUMERO, NUMERO_TELEFONO, ID_ESTADO) VALUES (114, '83678902', 1);
INSERT INTO FIDE_NUMERO_TELEFONO_TB (ID_NUMERO, NUMERO_TELEFONO, ID_ESTADO) VALUES (115, '87789013', 1);
INSERT INTO FIDE_NUMERO_TELEFONO_TB (ID_NUMERO, NUMERO_TELEFONO, ID_ESTADO) VALUES (116, '85890124', 1);
INSERT INTO FIDE_NUMERO_TELEFONO_TB (ID_NUMERO, NUMERO_TELEFONO, ID_ESTADO) VALUES (117, '89901235', 1);
INSERT INTO FIDE_NUMERO_TELEFONO_TB (ID_NUMERO, NUMERO_TELEFONO, ID_ESTADO) VALUES (118, '84012346', 1);
INSERT INTO FIDE_NUMERO_TELEFONO_TB (ID_NUMERO, NUMERO_TELEFONO, ID_ESTADO) VALUES (119, '86123457', 1);
INSERT INTO FIDE_NUMERO_TELEFONO_TB (ID_NUMERO, NUMERO_TELEFONO, ID_ESTADO) VALUES (120, '88234568', 1);
INSERT INTO FIDE_NUMERO_TELEFONO_TB (ID_NUMERO, NUMERO_TELEFONO, ID_ESTADO) VALUES (121, '83345679', 1);
INSERT INTO FIDE_NUMERO_TELEFONO_TB (ID_NUMERO, NUMERO_TELEFONO, ID_ESTADO) VALUES (122, '87456780', 1);
INSERT INTO FIDE_NUMERO_TELEFONO_TB (ID_NUMERO, NUMERO_TELEFONO, ID_ESTADO) VALUES (123, '85567891', 1);
INSERT INTO FIDE_NUMERO_TELEFONO_TB (ID_NUMERO, NUMERO_TELEFONO, ID_ESTADO) VALUES (124, '89678902', 1);
INSERT INTO FIDE_NUMERO_TELEFONO_TB (ID_NUMERO, NUMERO_TELEFONO, ID_ESTADO) VALUES (125, '84789013', 1);
INSERT INTO FIDE_NUMERO_TELEFONO_TB (ID_NUMERO, NUMERO_TELEFONO, ID_ESTADO) VALUES (126, '86890124', 1);
INSERT INTO FIDE_NUMERO_TELEFONO_TB (ID_NUMERO, NUMERO_TELEFONO, ID_ESTADO) VALUES (127, '88901235', 1);
INSERT INTO FIDE_NUMERO_TELEFONO_TB (ID_NUMERO, NUMERO_TELEFONO, ID_ESTADO) VALUES (128, '83012346', 1);
INSERT INTO FIDE_NUMERO_TELEFONO_TB (ID_NUMERO, NUMERO_TELEFONO, ID_ESTADO) VALUES (129, '87123457', 1);
INSERT INTO FIDE_NUMERO_TELEFONO_TB (ID_NUMERO, NUMERO_TELEFONO, ID_ESTADO) VALUES (130, '85234568', 1);
INSERT INTO FIDE_NUMERO_TELEFONO_TB (ID_NUMERO, NUMERO_TELEFONO, ID_ESTADO) VALUES (131, '89345679', 1);
INSERT INTO FIDE_NUMERO_TELEFONO_TB (ID_NUMERO, NUMERO_TELEFONO, ID_ESTADO) VALUES (132, '84456780', 1);
INSERT INTO FIDE_NUMERO_TELEFONO_TB (ID_NUMERO, NUMERO_TELEFONO, ID_ESTADO) VALUES (133, '86567891', 1);
INSERT INTO FIDE_NUMERO_TELEFONO_TB (ID_NUMERO, NUMERO_TELEFONO, ID_ESTADO) VALUES (134, '88678902', 1);
INSERT INTO FIDE_NUMERO_TELEFONO_TB (ID_NUMERO, NUMERO_TELEFONO, ID_ESTADO) VALUES (135, '83789013', 1);
INSERT INTO FIDE_NUMERO_TELEFONO_TB (ID_NUMERO, NUMERO_TELEFONO, ID_ESTADO) VALUES (136, '87890124', 1);
INSERT INTO FIDE_NUMERO_TELEFONO_TB (ID_NUMERO, NUMERO_TELEFONO, ID_ESTADO) VALUES (137, '85901235', 1);
INSERT INTO FIDE_NUMERO_TELEFONO_TB (ID_NUMERO, NUMERO_TELEFONO, ID_ESTADO) VALUES (138, '89012346', 1);
INSERT INTO FIDE_NUMERO_TELEFONO_TB (ID_NUMERO, NUMERO_TELEFONO, ID_ESTADO) VALUES (139, '84123457', 1);
INSERT INTO FIDE_NUMERO_TELEFONO_TB (ID_NUMERO, NUMERO_TELEFONO, ID_ESTADO) VALUES (140, '86234568', 1);
INSERT INTO FIDE_NUMERO_TELEFONO_TB (ID_NUMERO, NUMERO_TELEFONO, ID_ESTADO) VALUES (141, '88345679', 1);
INSERT INTO FIDE_NUMERO_TELEFONO_TB (ID_NUMERO, NUMERO_TELEFONO, ID_ESTADO) VALUES (142, '83456780', 1);
INSERT INTO FIDE_NUMERO_TELEFONO_TB (ID_NUMERO, NUMERO_TELEFONO, ID_ESTADO) VALUES (143, '87567891', 1);
INSERT INTO FIDE_NUMERO_TELEFONO_TB (ID_NUMERO, NUMERO_TELEFONO, ID_ESTADO) VALUES (144, '85678902', 1);
INSERT INTO FIDE_NUMERO_TELEFONO_TB (ID_NUMERO, NUMERO_TELEFONO, ID_ESTADO) VALUES (145, '89789013', 1);
INSERT INTO FIDE_NUMERO_TELEFONO_TB (ID_NUMERO, NUMERO_TELEFONO, ID_ESTADO) VALUES (146, '84890124', 1);
INSERT INTO FIDE_NUMERO_TELEFONO_TB (ID_NUMERO, NUMERO_TELEFONO, ID_ESTADO) VALUES (147, '86901235', 1);
INSERT INTO FIDE_NUMERO_TELEFONO_TB (ID_NUMERO, NUMERO_TELEFONO, ID_ESTADO) VALUES (148, '88012346', 1);
INSERT INTO FIDE_NUMERO_TELEFONO_TB (ID_NUMERO, NUMERO_TELEFONO, ID_ESTADO) VALUES (149, '83123457', 1);
INSERT INTO FIDE_NUMERO_TELEFONO_TB (ID_NUMERO, NUMERO_TELEFONO, ID_ESTADO) VALUES (150, '87234568', 1);
INSERT INTO FIDE_NUMERO_TELEFONO_TB (ID_NUMERO, NUMERO_TELEFONO, ID_ESTADO) VALUES (151, '85345679', 1);
INSERT INTO FIDE_NUMERO_TELEFONO_TB (ID_NUMERO, NUMERO_TELEFONO, ID_ESTADO) VALUES (152, '89456780', 1);
INSERT INTO FIDE_NUMERO_TELEFONO_TB (ID_NUMERO, NUMERO_TELEFONO, ID_ESTADO) VALUES (153, '84567891', 1);
INSERT INTO FIDE_NUMERO_TELEFONO_TB (ID_NUMERO, NUMERO_TELEFONO, ID_ESTADO) VALUES (154, '86678902', 1);
INSERT INTO FIDE_NUMERO_TELEFONO_TB (ID_NUMERO, NUMERO_TELEFONO, ID_ESTADO) VALUES (155, '88789013', 1);
INSERT INTO FIDE_NUMERO_TELEFONO_TB (ID_NUMERO, NUMERO_TELEFONO, ID_ESTADO) VALUES (156, '83890124', 1);
INSERT INTO FIDE_NUMERO_TELEFONO_TB (ID_NUMERO, NUMERO_TELEFONO, ID_ESTADO) VALUES (157, '87901235', 1);
INSERT INTO FIDE_NUMERO_TELEFONO_TB (ID_NUMERO, NUMERO_TELEFONO, ID_ESTADO) VALUES (158, '85012346', 1);
INSERT INTO FIDE_NUMERO_TELEFONO_TB (ID_NUMERO, NUMERO_TELEFONO, ID_ESTADO) VALUES (159, '89123457', 1);
INSERT INTO FIDE_NUMERO_TELEFONO_TB (ID_NUMERO, NUMERO_TELEFONO, ID_ESTADO) VALUES (160, '84234568', 1);
INSERT INTO FIDE_NUMERO_TELEFONO_TB (ID_NUMERO, NUMERO_TELEFONO, ID_ESTADO) VALUES (161, '86345679', 1);
INSERT INTO FIDE_NUMERO_TELEFONO_TB (ID_NUMERO, NUMERO_TELEFONO, ID_ESTADO) VALUES (162, '88456780', 1);
INSERT INTO FIDE_NUMERO_TELEFONO_TB (ID_NUMERO, NUMERO_TELEFONO, ID_ESTADO) VALUES (163, '83567891', 1);
INSERT INTO FIDE_NUMERO_TELEFONO_TB (ID_NUMERO, NUMERO_TELEFONO, ID_ESTADO) VALUES (164, '87678902', 1);
INSERT INTO FIDE_NUMERO_TELEFONO_TB (ID_NUMERO, NUMERO_TELEFONO, ID_ESTADO) VALUES (165, '85789013', 1);
INSERT INTO FIDE_NUMERO_TELEFONO_TB (ID_NUMERO, NUMERO_TELEFONO, ID_ESTADO) VALUES (166, '89890124', 1);
INSERT INTO FIDE_NUMERO_TELEFONO_TB (ID_NUMERO, NUMERO_TELEFONO, ID_ESTADO) VALUES (167, '84901235', 1);
INSERT INTO FIDE_NUMERO_TELEFONO_TB (ID_NUMERO, NUMERO_TELEFONO, ID_ESTADO) VALUES (168, '86012346', 1);
INSERT INTO FIDE_NUMERO_TELEFONO_TB (ID_NUMERO, NUMERO_TELEFONO, ID_ESTADO) VALUES (169, '88123457', 1);
INSERT INTO FIDE_NUMERO_TELEFONO_TB (ID_NUMERO, NUMERO_TELEFONO, ID_ESTADO) VALUES (170, '83234568', 1);
INSERT INTO FIDE_NUMERO_TELEFONO_TB (ID_NUMERO, NUMERO_TELEFONO, ID_ESTADO) VALUES (171, '87345679', 1);
INSERT INTO FIDE_NUMERO_TELEFONO_TB (ID_NUMERO, NUMERO_TELEFONO, ID_ESTADO) VALUES (172, '85456780', 1);
INSERT INTO FIDE_NUMERO_TELEFONO_TB (ID_NUMERO, NUMERO_TELEFONO, ID_ESTADO) VALUES (173, '89567891', 1);
INSERT INTO FIDE_NUMERO_TELEFONO_TB (ID_NUMERO, NUMERO_TELEFONO, ID_ESTADO) VALUES (174, '84678902', 1);
INSERT INTO FIDE_NUMERO_TELEFONO_TB (ID_NUMERO, NUMERO_TELEFONO, ID_ESTADO) VALUES (175, '86789013', 1);
INSERT INTO FIDE_NUMERO_TELEFONO_TB (ID_NUMERO, NUMERO_TELEFONO, ID_ESTADO) VALUES (176, '88890124', 1);
INSERT INTO FIDE_NUMERO_TELEFONO_TB (ID_NUMERO, NUMERO_TELEFONO, ID_ESTADO) VALUES (177, '83901235', 1);
INSERT INTO FIDE_NUMERO_TELEFONO_TB (ID_NUMERO, NUMERO_TELEFONO, ID_ESTADO) VALUES (178, '87012346', 1);
INSERT INTO FIDE_NUMERO_TELEFONO_TB (ID_NUMERO, NUMERO_TELEFONO, ID_ESTADO) VALUES (179, '85123457', 1);
INSERT INTO FIDE_NUMERO_TELEFONO_TB (ID_NUMERO, NUMERO_TELEFONO, ID_ESTADO) VALUES (180, '89234568', 1);
INSERT INTO FIDE_NUMERO_TELEFONO_TB (ID_NUMERO, NUMERO_TELEFONO, ID_ESTADO) VALUES (181, '84345679', 1);
INSERT INTO FIDE_NUMERO_TELEFONO_TB (ID_NUMERO, NUMERO_TELEFONO, ID_ESTADO) VALUES (182, '86456780', 1);
INSERT INTO FIDE_NUMERO_TELEFONO_TB (ID_NUMERO, NUMERO_TELEFONO, ID_ESTADO) VALUES (183, '88567891', 1);
INSERT INTO FIDE_NUMERO_TELEFONO_TB (ID_NUMERO, NUMERO_TELEFONO, ID_ESTADO) VALUES (184, '83678902', 1);
INSERT INTO FIDE_NUMERO_TELEFONO_TB (ID_NUMERO, NUMERO_TELEFONO, ID_ESTADO) VALUES (185, '87789013', 1);
INSERT INTO FIDE_NUMERO_TELEFONO_TB (ID_NUMERO, NUMERO_TELEFONO, ID_ESTADO) VALUES (186, '85890124', 1);
INSERT INTO FIDE_NUMERO_TELEFONO_TB (ID_NUMERO, NUMERO_TELEFONO, ID_ESTADO) VALUES (187, '89901235', 1);
INSERT INTO FIDE_NUMERO_TELEFONO_TB (ID_NUMERO, NUMERO_TELEFONO, ID_ESTADO) VALUES (188, '84012346', 1);
INSERT INTO FIDE_NUMERO_TELEFONO_TB (ID_NUMERO, NUMERO_TELEFONO, ID_ESTADO) VALUES (189, '86123457', 1);
INSERT INTO FIDE_NUMERO_TELEFONO_TB (ID_NUMERO, NUMERO_TELEFONO, ID_ESTADO) VALUES (190, '88234568', 1);
INSERT INTO FIDE_NUMERO_TELEFONO_TB (ID_NUMERO, NUMERO_TELEFONO, ID_ESTADO) VALUES (191, '83345679', 1);
INSERT INTO FIDE_NUMERO_TELEFONO_TB (ID_NUMERO, NUMERO_TELEFONO, ID_ESTADO) VALUES (192, '87456780', 1);
INSERT INTO FIDE_NUMERO_TELEFONO_TB (ID_NUMERO, NUMERO_TELEFONO, ID_ESTADO) VALUES (193, '85567891', 1);
INSERT INTO FIDE_NUMERO_TELEFONO_TB (ID_NUMERO, NUMERO_TELEFONO, ID_ESTADO) VALUES (194, '89678902', 1);
INSERT INTO FIDE_NUMERO_TELEFONO_TB (ID_NUMERO, NUMERO_TELEFONO, ID_ESTADO) VALUES (195, '84789013', 1);
INSERT INTO FIDE_NUMERO_TELEFONO_TB (ID_NUMERO, NUMERO_TELEFONO, ID_ESTADO) VALUES (196, '86890124', 1);
INSERT INTO FIDE_NUMERO_TELEFONO_TB (ID_NUMERO, NUMERO_TELEFONO, ID_ESTADO) VALUES (197, '88901235', 1);
INSERT INTO FIDE_NUMERO_TELEFONO_TB (ID_NUMERO, NUMERO_TELEFONO, ID_ESTADO) VALUES (198, '83012346', 1);
INSERT INTO FIDE_NUMERO_TELEFONO_TB (ID_NUMERO, NUMERO_TELEFONO, ID_ESTADO) VALUES (199, '87123457', 1);
INSERT INTO FIDE_NUMERO_TELEFONO_TB (ID_NUMERO, NUMERO_TELEFONO, ID_ESTADO) VALUES (200, '85234568', 1);
SELECT * FROM FIDE_NUMERO_TELEFONO_TB;

-- Inserts Tabla FIDE_CORREO_ELECTRONICO_TB
INSERT INTO FIDE_CORREO_ELECTRONICO_TB (ID_CORREO, CORREO_ELECTRONICO, ID_ESTADO) VALUES (1, 'juan.rodriguez@asefide.cr', 1);
INSERT INTO FIDE_CORREO_ELECTRONICO_TB (ID_CORREO, CORREO_ELECTRONICO, ID_ESTADO) VALUES (2, 'maria.mora@asefide.cr', 1);
INSERT INTO FIDE_CORREO_ELECTRONICO_TB (ID_CORREO, CORREO_ELECTRONICO, ID_ESTADO) VALUES (3, 'carlos.jimenez@asefide.cr', 1);
INSERT INTO FIDE_CORREO_ELECTRONICO_TB (ID_CORREO, CORREO_ELECTRONICO, ID_ESTADO) VALUES (4, 'ana.gonzalez@asefide.cr', 1);
INSERT INTO FIDE_CORREO_ELECTRONICO_TB (ID_CORREO, CORREO_ELECTRONICO, ID_ESTADO) VALUES (5, 'luis.sanchez@asefide.cr', 1);
INSERT INTO FIDE_CORREO_ELECTRONICO_TB (ID_CORREO, CORREO_ELECTRONICO, ID_ESTADO) VALUES (6, 'elena.rivera@asefide.cr', 1);
INSERT INTO FIDE_CORREO_ELECTRONICO_TB (ID_CORREO, CORREO_ELECTRONICO, ID_ESTADO) VALUES (7, 'diego.castro@asefide.cr', 1);
INSERT INTO FIDE_CORREO_ELECTRONICO_TB (ID_CORREO, CORREO_ELECTRONICO, ID_ESTADO) VALUES (8, 'sofia.vargas@asefide.cr', 1);
INSERT INTO FIDE_CORREO_ELECTRONICO_TB (ID_CORREO, CORREO_ELECTRONICO, ID_ESTADO) VALUES (9, 'jose.salazar@asefide.cr', 1);
INSERT INTO FIDE_CORREO_ELECTRONICO_TB (ID_CORREO, CORREO_ELECTRONICO, ID_ESTADO) VALUES (10, 'lucia.rojas@asefide.cr', 1);
INSERT INTO FIDE_CORREO_ELECTRONICO_TB (ID_CORREO, CORREO_ELECTRONICO, ID_ESTADO) VALUES (11, 'jorge.soto@asefide.cr', 1);
INSERT INTO FIDE_CORREO_ELECTRONICO_TB (ID_CORREO, CORREO_ELECTRONICO, ID_ESTADO) VALUES (12, 'valentina.castillo@asefide.cr', 1);
INSERT INTO FIDE_CORREO_ELECTRONICO_TB (ID_CORREO, CORREO_ELECTRONICO, ID_ESTADO) VALUES (13, 'gabriel.guzman@asefide.cr', 1);
INSERT INTO FIDE_CORREO_ELECTRONICO_TB (ID_CORREO, CORREO_ELECTRONICO, ID_ESTADO) VALUES (14, 'isabella.morales@asefide.cr', 1);
INSERT INTO FIDE_CORREO_ELECTRONICO_TB (ID_CORREO, CORREO_ELECTRONICO, ID_ESTADO) VALUES (15, 'andres.chaves@asefide.cr', 1);
INSERT INTO FIDE_CORREO_ELECTRONICO_TB (ID_CORREO, CORREO_ELECTRONICO, ID_ESTADO) VALUES (16, 'victoria.alpizar@asefide.cr', 1);
INSERT INTO FIDE_CORREO_ELECTRONICO_TB (ID_CORREO, CORREO_ELECTRONICO, ID_ESTADO) VALUES (17, 'sebastian.cordero@asefide.cr', 1);
INSERT INTO FIDE_CORREO_ELECTRONICO_TB (ID_CORREO, CORREO_ELECTRONICO, ID_ESTADO) VALUES (18, 'camila.brenes@asefide.cr', 1);
INSERT INTO FIDE_CORREO_ELECTRONICO_TB (ID_CORREO, CORREO_ELECTRONICO, ID_ESTADO) VALUES (19, 'mateo.solano@asefide.cr', 1);
INSERT INTO FIDE_CORREO_ELECTRONICO_TB (ID_CORREO, CORREO_ELECTRONICO, ID_ESTADO) VALUES (20, 'valeria.umana@asefide.cr', 1);
INSERT INTO FIDE_CORREO_ELECTRONICO_TB (ID_CORREO, CORREO_ELECTRONICO, ID_ESTADO) VALUES (21, 'felipe.monge@asefide.cr', 1);
INSERT INTO FIDE_CORREO_ELECTRONICO_TB (ID_CORREO, CORREO_ELECTRONICO, ID_ESTADO) VALUES (22, 'mariana.quiros@asefide.cr', 1);
INSERT INTO FIDE_CORREO_ELECTRONICO_TB (ID_CORREO, CORREO_ELECTRONICO, ID_ESTADO) VALUES (23, 'ricardo.cascante@asefide.cr', 1);
INSERT INTO FIDE_CORREO_ELECTRONICO_TB (ID_CORREO, CORREO_ELECTRONICO, ID_ESTADO) VALUES (24, 'daniela.barrantes@asefide.cr', 1);
INSERT INTO FIDE_CORREO_ELECTRONICO_TB (ID_CORREO, CORREO_ELECTRONICO, ID_ESTADO) VALUES (25, 'alejandro.araya@asefide.cr', 1);
INSERT INTO FIDE_CORREO_ELECTRONICO_TB (ID_CORREO, CORREO_ELECTRONICO, ID_ESTADO) VALUES (26, 'paula.vargas@asefide.cr', 1);
INSERT INTO FIDE_CORREO_ELECTRONICO_TB (ID_CORREO, CORREO_ELECTRONICO, ID_ESTADO) VALUES (27, 'javier.madrigal@asefide.cr', 1);
INSERT INTO FIDE_CORREO_ELECTRONICO_TB (ID_CORREO, CORREO_ELECTRONICO, ID_ESTADO) VALUES (28, 'adriana.vega@asefide.cr', 1);
INSERT INTO FIDE_CORREO_ELECTRONICO_TB (ID_CORREO, CORREO_ELECTRONICO, ID_ESTADO) VALUES (29, 'manuel.campos@asefide.cr', 1);
INSERT INTO FIDE_CORREO_ELECTRONICO_TB (ID_CORREO, CORREO_ELECTRONICO, ID_ESTADO) VALUES (30, 'catalina.blanco@asefide.cr', 1);
INSERT INTO FIDE_CORREO_ELECTRONICO_TB (ID_CORREO, CORREO_ELECTRONICO, ID_ESTADO) VALUES (31, 'esteban.calderon@asefide.cr', 1);
INSERT INTO FIDE_CORREO_ELECTRONICO_TB (ID_CORREO, CORREO_ELECTRONICO, ID_ESTADO) VALUES (32, 'natalia.mesen@asefide.cr', 1);
INSERT INTO FIDE_CORREO_ELECTRONICO_TB (ID_CORREO, CORREO_ELECTRONICO, ID_ESTADO) VALUES (33, 'adrian.elizondo@asefide.cr', 1);
INSERT INTO FIDE_CORREO_ELECTRONICO_TB (ID_CORREO, CORREO_ELECTRONICO, ID_ESTADO) VALUES (34, 'gabriela.villalobos@asefide.cr', 1);
INSERT INTO FIDE_CORREO_ELECTRONICO_TB (ID_CORREO, CORREO_ELECTRONICO, ID_ESTADO) VALUES (35, 'david.murillo@asefide.cr', 1);
INSERT INTO FIDE_CORREO_ELECTRONICO_TB (ID_CORREO, CORREO_ELECTRONICO, ID_ESTADO) VALUES (36, 'monica.pereira@asefide.cr', 1);
INSERT INTO FIDE_CORREO_ELECTRONICO_TB (ID_CORREO, CORREO_ELECTRONICO, ID_ESTADO) VALUES (37, 'pablo.valverde@asefide.cr', 1);
INSERT INTO FIDE_CORREO_ELECTRONICO_TB (ID_CORREO, CORREO_ELECTRONICO, ID_ESTADO) VALUES (38, 'silvia.aguilar@asefide.cr', 1);
INSERT INTO FIDE_CORREO_ELECTRONICO_TB (ID_CORREO, CORREO_ELECTRONICO, ID_ESTADO) VALUES (39, 'oscar.leiva@asefide.cr', 1);
INSERT INTO FIDE_CORREO_ELECTRONICO_TB (ID_CORREO, CORREO_ELECTRONICO, ID_ESTADO) VALUES (40, 'karla.ucles@asefide.cr', 1);
INSERT INTO FIDE_CORREO_ELECTRONICO_TB (ID_CORREO, CORREO_ELECTRONICO, ID_ESTADO) VALUES (41, 'francisco.badilla@asefide.cr', 1);
INSERT INTO FIDE_CORREO_ELECTRONICO_TB (ID_CORREO, CORREO_ELECTRONICO, ID_ESTADO) VALUES (42, 'andrea.arguedas@asefide.cr', 1);
INSERT INTO FIDE_CORREO_ELECTRONICO_TB (ID_CORREO, CORREO_ELECTRONICO, ID_ESTADO) VALUES (43, 'roberto.mendez@asefide.cr', 1);
INSERT INTO FIDE_CORREO_ELECTRONICO_TB (ID_CORREO, CORREO_ELECTRONICO, ID_ESTADO) VALUES (44, 'claudia.flores@asefide.cr', 1);
INSERT INTO FIDE_CORREO_ELECTRONICO_TB (ID_CORREO, CORREO_ELECTRONICO, ID_ESTADO) VALUES (45, 'gustavo.bolanos@asefide.cr', 1);
INSERT INTO FIDE_CORREO_ELECTRONICO_TB (ID_CORREO, CORREO_ELECTRONICO, ID_ESTADO) VALUES (46, 'lorena.arias@asefide.cr', 1);
INSERT INTO FIDE_CORREO_ELECTRONICO_TB (ID_CORREO, CORREO_ELECTRONICO, ID_ESTADO) VALUES (47, 'hugo.zuniga@asefide.cr', 1);
INSERT INTO FIDE_CORREO_ELECTRONICO_TB (ID_CORREO, CORREO_ELECTRONICO, ID_ESTADO) VALUES (48, 'beatriz.navarro@asefide.cr', 1);
INSERT INTO FIDE_CORREO_ELECTRONICO_TB (ID_CORREO, CORREO_ELECTRONICO, ID_ESTADO) VALUES (49, 'marco.porras@asefide.cr', 1);
INSERT INTO FIDE_CORREO_ELECTRONICO_TB (ID_CORREO, CORREO_ELECTRONICO, ID_ESTADO) VALUES (50, 'raquel.moya@asefide.cr', 1);
INSERT INTO FIDE_CORREO_ELECTRONICO_TB (ID_CORREO, CORREO_ELECTRONICO, ID_ESTADO) VALUES (51, 'raul.guillen@asefide.cr', 1);
INSERT INTO FIDE_CORREO_ELECTRONICO_TB (ID_CORREO, CORREO_ELECTRONICO, ID_ESTADO) VALUES (52, 'patricia.fonseca@asefide.cr', 1);
INSERT INTO FIDE_CORREO_ELECTRONICO_TB (ID_CORREO, CORREO_ELECTRONICO, ID_ESTADO) VALUES (53, 'victor.delgado@asefide.cr', 1);
INSERT INTO FIDE_CORREO_ELECTRONICO_TB (ID_CORREO, CORREO_ELECTRONICO, ID_ESTADO) VALUES (54, 'ximena.gomez@asefide.cr', 1);
INSERT INTO FIDE_CORREO_ELECTRONICO_TB (ID_CORREO, CORREO_ELECTRONICO, ID_ESTADO) VALUES (55, 'leonardo.avila@asefide.cr', 1);
INSERT INTO FIDE_CORREO_ELECTRONICO_TB (ID_CORREO, CORREO_ELECTRONICO, ID_ESTADO) VALUES (56, 'elisa.duarte@asefide.cr', 1);
INSERT INTO FIDE_CORREO_ELECTRONICO_TB (ID_CORREO, CORREO_ELECTRONICO, ID_ESTADO) VALUES (57, 'fernando.portilla@asefide.cr', 1);
INSERT INTO FIDE_CORREO_ELECTRONICO_TB (ID_CORREO, CORREO_ELECTRONICO, ID_ESTADO) VALUES (58, 'isabel.maroto@asefide.cr', 1);
INSERT INTO FIDE_CORREO_ELECTRONICO_TB (ID_CORREO, CORREO_ELECTRONICO, ID_ESTADO) VALUES (59, 'sergio.vicente@asefide.cr', 1);
INSERT INTO FIDE_CORREO_ELECTRONICO_TB (ID_CORREO, CORREO_ELECTRONICO, ID_ESTADO) VALUES (60, 'carla.ortega@asefide.cr', 1);
INSERT INTO FIDE_CORREO_ELECTRONICO_TB (ID_CORREO, CORREO_ELECTRONICO, ID_ESTADO) VALUES (61, 'samuel.pacheco@asefide.cr', 1);
INSERT INTO FIDE_CORREO_ELECTRONICO_TB (ID_CORREO, CORREO_ELECTRONICO, ID_ESTADO) VALUES (62, 'rebeca.miranda@asefide.cr', 1);
INSERT INTO FIDE_CORREO_ELECTRONICO_TB (ID_CORREO, CORREO_ELECTRONICO, ID_ESTADO) VALUES (63, 'julio.herrera@asefide.cr', 1);
INSERT INTO FIDE_CORREO_ELECTRONICO_TB (ID_CORREO, CORREO_ELECTRONICO, ID_ESTADO) VALUES (64, 'alicia.ugalde@asefide.cr', 1);
INSERT INTO FIDE_CORREO_ELECTRONICO_TB (ID_CORREO, CORREO_ELECTRONICO, ID_ESTADO) VALUES (65, 'mauricio.calvo@asefide.cr', 1);
INSERT INTO FIDE_CORREO_ELECTRONICO_TB (ID_CORREO, CORREO_ELECTRONICO, ID_ESTADO) VALUES (66, 'angela.sequeira@asefide.cr', 1);
INSERT INTO FIDE_CORREO_ELECTRONICO_TB (ID_CORREO, CORREO_ELECTRONICO, ID_ESTADO) VALUES (67, 'emilio.meneses@asefide.cr', 1);
INSERT INTO FIDE_CORREO_ELECTRONICO_TB (ID_CORREO, CORREO_ELECTRONICO, ID_ESTADO) VALUES (68, 'diana.fallas@asefide.cr', 1);
INSERT INTO FIDE_CORREO_ELECTRONICO_TB (ID_CORREO, CORREO_ELECTRONICO, ID_ESTADO) VALUES (69, 'ignacio.garita@asefide.cr', 1);
INSERT INTO FIDE_CORREO_ELECTRONICO_TB (ID_CORREO, CORREO_ELECTRONICO, ID_ESTADO) VALUES (70, 'fernanda.luna@asefide.cr', 1);
INSERT INTO FIDE_CORREO_ELECTRONICO_TB (ID_CORREO, CORREO_ELECTRONICO, ID_ESTADO) VALUES (71, 'cesar.cordero@asefide.cr', 1);
INSERT INTO FIDE_CORREO_ELECTRONICO_TB (ID_CORREO, CORREO_ELECTRONICO, ID_ESTADO) VALUES (72, 'sofia.granados@asefide.cr', 1);
INSERT INTO FIDE_CORREO_ELECTRONICO_TB (ID_CORREO, CORREO_ELECTRONICO, ID_ESTADO) VALUES (73, 'ruben.carvajal@asefide.cr', 1);
INSERT INTO FIDE_CORREO_ELECTRONICO_TB (ID_CORREO, CORREO_ELECTRONICO, ID_ESTADO) VALUES (74, 'josefina.matamoros@asefide.cr', 1);
INSERT INTO FIDE_CORREO_ELECTRONICO_TB (ID_CORREO, CORREO_ELECTRONICO, ID_ESTADO) VALUES (75, 'ivan.esquivel@asefide.cr', 1);
INSERT INTO FIDE_CORREO_ELECTRONICO_TB (ID_CORREO, CORREO_ELECTRONICO, ID_ESTADO) VALUES (76, 'rosa.villalta@asefide.cr', 1);
INSERT INTO FIDE_CORREO_ELECTRONICO_TB (ID_CORREO, CORREO_ELECTRONICO, ID_ESTADO) VALUES (77, 'alberto.saenz@asefide.cr', 1);
INSERT INTO FIDE_CORREO_ELECTRONICO_TB (ID_CORREO, CORREO_ELECTRONICO, ID_ESTADO) VALUES (78, 'cristina.campos@asefide.cr', 1);
INSERT INTO FIDE_CORREO_ELECTRONICO_TB (ID_CORREO, CORREO_ELECTRONICO, ID_ESTADO) VALUES (79, 'mario.loaiza@asefide.cr', 1);
INSERT INTO FIDE_CORREO_ELECTRONICO_TB (ID_CORREO, CORREO_ELECTRONICO, ID_ESTADO) VALUES (80, 'teresa.obando@asefide.cr', 1);
INSERT INTO FIDE_CORREO_ELECTRONICO_TB (ID_CORREO, CORREO_ELECTRONICO, ID_ESTADO) VALUES (81, 'alfredo.bonilla@asefide.cr', 1);
INSERT INTO FIDE_CORREO_ELECTRONICO_TB (ID_CORREO, CORREO_ELECTRONICO, ID_ESTADO) VALUES (82, 'olga.gamboa@asefide.cr', 1);
INSERT INTO FIDE_CORREO_ELECTRONICO_TB (ID_CORREO, CORREO_ELECTRONICO, ID_ESTADO) VALUES (83, 'eduardo.roto@asefide.cr', 1);
INSERT INTO FIDE_CORREO_ELECTRONICO_TB (ID_CORREO, CORREO_ELECTRONICO, ID_ESTADO) VALUES (84, 'lucia.villegas@asefide.cr', 1);
INSERT INTO FIDE_CORREO_ELECTRONICO_TB (ID_CORREO, CORREO_ELECTRONICO, ID_ESTADO) VALUES (85, 'rodrigo.sibaja@asefide.cr', 1);
INSERT INTO FIDE_CORREO_ELECTRONICO_TB (ID_CORREO, CORREO_ELECTRONICO, ID_ESTADO) VALUES (86, 'elena.gaitan@asefide.cr', 1);
INSERT INTO FIDE_CORREO_ELECTRONICO_TB (ID_CORREO, CORREO_ELECTRONICO, ID_ESTADO) VALUES (87, 'hugo.mena@asefide.cr', 1);
INSERT INTO FIDE_CORREO_ELECTRONICO_TB (ID_CORREO, CORREO_ELECTRONICO, ID_ESTADO) VALUES (88, 'clara.herrera@asefide.cr', 1);
INSERT INTO FIDE_CORREO_ELECTRONICO_TB (ID_CORREO, CORREO_ELECTRONICO, ID_ESTADO) VALUES (89, 'ernesto.pinto@asefide.cr', 1);
INSERT INTO FIDE_CORREO_ELECTRONICO_TB (ID_CORREO, CORREO_ELECTRONICO, ID_ESTADO) VALUES (90, 'maritza.leyva@asefide.cr', 1);
INSERT INTO FIDE_CORREO_ELECTRONICO_TB (ID_CORREO, CORREO_ELECTRONICO, ID_ESTADO) VALUES (91, 'cristobal.ugalde@asefide.cr', 1);
INSERT INTO FIDE_CORREO_ELECTRONICO_TB (ID_CORREO, CORREO_ELECTRONICO, ID_ESTADO) VALUES (92, 'lourdes.farias@asefide.cr', 1);
INSERT INTO FIDE_CORREO_ELECTRONICO_TB (ID_CORREO, CORREO_ELECTRONICO, ID_ESTADO) VALUES (93, 'gonzalo.prieto@asefide.cr', 1);
INSERT INTO FIDE_CORREO_ELECTRONICO_TB (ID_CORREO, CORREO_ELECTRONICO, ID_ESTADO) VALUES (94, 'marcela.pizarro@asefide.cr', 1);
INSERT INTO FIDE_CORREO_ELECTRONICO_TB (ID_CORREO, CORREO_ELECTRONICO, ID_ESTADO) VALUES (95, 'benjamin.valdez@asefide.cr', 1);
INSERT INTO FIDE_CORREO_ELECTRONICO_TB (ID_CORREO, CORREO_ELECTRONICO, ID_ESTADO) VALUES (96, 'ines.serrano@asefide.cr', 1);
INSERT INTO FIDE_CORREO_ELECTRONICO_TB (ID_CORREO, CORREO_ELECTRONICO, ID_ESTADO) VALUES (97, 'esteban.solis@asefide.cr', 1);
INSERT INTO FIDE_CORREO_ELECTRONICO_TB (ID_CORREO, CORREO_ELECTRONICO, ID_ESTADO) VALUES (98, 'miriam.gallardo@asefide.cr', 1);
INSERT INTO FIDE_CORREO_ELECTRONICO_TB (ID_CORREO, CORREO_ELECTRONICO, ID_ESTADO) VALUES (99, 'marcos.aguirre@asefide.cr', 1);
INSERT INTO FIDE_CORREO_ELECTRONICO_TB (ID_CORREO, CORREO_ELECTRONICO, ID_ESTADO) VALUES (100, 'lorena.paredes@asefide.cr', 1);
INSERT INTO FIDE_CORREO_ELECTRONICO_TB (ID_CORREO, CORREO_ELECTRONICO, ID_ESTADO) VALUES (101, 'andres.rivas@asefide.cr', 1);
INSERT INTO FIDE_CORREO_ELECTRONICO_TB (ID_CORREO, CORREO_ELECTRONICO, ID_ESTADO) VALUES (102, 'paula.ortiz@asefide.cr', 1);
INSERT INTO FIDE_CORREO_ELECTRONICO_TB (ID_CORREO, CORREO_ELECTRONICO, ID_ESTADO) VALUES (103, 'luis.medina@asefide.cr', 1);
INSERT INTO FIDE_CORREO_ELECTRONICO_TB (ID_CORREO, CORREO_ELECTRONICO, ID_ESTADO) VALUES (104, 'camila.cano@asefide.cr', 1);
INSERT INTO FIDE_CORREO_ELECTRONICO_TB (ID_CORREO, CORREO_ELECTRONICO, ID_ESTADO) VALUES (105, 'mateo.molina@asefide.cr', 1);
INSERT INTO FIDE_CORREO_ELECTRONICO_TB (ID_CORREO, CORREO_ELECTRONICO, ID_ESTADO) VALUES (106, 'valeria.suarez@asefide.cr', 1);
INSERT INTO FIDE_CORREO_ELECTRONICO_TB (ID_CORREO, CORREO_ELECTRONICO, ID_ESTADO) VALUES (107, 'santiago.blanco@asefide.cr', 1);
INSERT INTO FIDE_CORREO_ELECTRONICO_TB (ID_CORREO, CORREO_ELECTRONICO, ID_ESTADO) VALUES (108, 'ana.mendez@asefide.cr', 1);
INSERT INTO FIDE_CORREO_ELECTRONICO_TB (ID_CORREO, CORREO_ELECTRONICO, ID_ESTADO) VALUES (109, 'diego.marquez@asefide.cr', 1);
INSERT INTO FIDE_CORREO_ELECTRONICO_TB (ID_CORREO, CORREO_ELECTRONICO, ID_ESTADO) VALUES (110, 'isabella.cruz@asefide.cr', 1);
INSERT INTO FIDE_CORREO_ELECTRONICO_TB (ID_CORREO, CORREO_ELECTRONICO, ID_ESTADO) VALUES (111, 'nicolas.castro@asefide.cr', 1);
INSERT INTO FIDE_CORREO_ELECTRONICO_TB (ID_CORREO, CORREO_ELECTRONICO, ID_ESTADO) VALUES (112, 'sofia.reyes@asefide.cr', 1);
INSERT INTO FIDE_CORREO_ELECTRONICO_TB (ID_CORREO, CORREO_ELECTRONICO, ID_ESTADO) VALUES (113, 'matias.ruiz@asefide.cr', 1);
INSERT INTO FIDE_CORREO_ELECTRONICO_TB (ID_CORREO, CORREO_ELECTRONICO, ID_ESTADO) VALUES (114, 'victoria.morales@asefide.cr', 1);
INSERT INTO FIDE_CORREO_ELECTRONICO_TB (ID_CORREO, CORREO_ELECTRONICO, ID_ESTADO) VALUES (115, 'lucas.gomez@asefide.cr', 1);
INSERT INTO FIDE_CORREO_ELECTRONICO_TB (ID_CORREO, CORREO_ELECTRONICO, ID_ESTADO) VALUES (116, 'martina.herrera@asefide.cr', 1);
INSERT INTO FIDE_CORREO_ELECTRONICO_TB (ID_CORREO, CORREO_ELECTRONICO, ID_ESTADO) VALUES (117, 'tomas.flores@asefide.cr', 1);
INSERT INTO FIDE_CORREO_ELECTRONICO_TB (ID_CORREO, CORREO_ELECTRONICO, ID_ESTADO) VALUES (118, 'lucia.jimenez@asefide.cr', 1);
INSERT INTO FIDE_CORREO_ELECTRONICO_TB (ID_CORREO, CORREO_ELECTRONICO, ID_ESTADO) VALUES (119, 'joaquin.gonzalez@asefide.cr', 1);
INSERT INTO FIDE_CORREO_ELECTRONICO_TB (ID_CORREO, CORREO_ELECTRONICO, ID_ESTADO) VALUES (120, 'antonella.rivera@asefide.cr', 1);
INSERT INTO FIDE_CORREO_ELECTRONICO_TB (ID_CORREO, CORREO_ELECTRONICO, ID_ESTADO) VALUES (121, 'benjamin.navarro@asefide.cr', 1);
INSERT INTO FIDE_CORREO_ELECTRONICO_TB (ID_CORREO, CORREO_ELECTRONICO, ID_ESTADO) VALUES (122, 'emilia.vargas@asefide.cr', 1);
INSERT INTO FIDE_CORREO_ELECTRONICO_TB (ID_CORREO, CORREO_ELECTRONICO, ID_ESTADO) VALUES (123, 'felipe.castillo@asefide.cr', 1);
INSERT INTO FIDE_CORREO_ELECTRONICO_TB (ID_CORREO, CORREO_ELECTRONICO, ID_ESTADO) VALUES (124, 'florencia.rojas@asefide.cr', 1);
INSERT INTO FIDE_CORREO_ELECTRONICO_TB (ID_CORREO, CORREO_ELECTRONICO, ID_ESTADO) VALUES (125, 'bautista.guzman@asefide.cr', 1);
INSERT INTO FIDE_CORREO_ELECTRONICO_TB (ID_CORREO, CORREO_ELECTRONICO, ID_ESTADO) VALUES (126, 'renata.araya@asefide.cr', 1);
INSERT INTO FIDE_CORREO_ELECTRONICO_TB (ID_CORREO, CORREO_ELECTRONICO, ID_ESTADO) VALUES (127, 'juan.monge@asefide.cr', 1);
INSERT INTO FIDE_CORREO_ELECTRONICO_TB (ID_CORREO, CORREO_ELECTRONICO, ID_ESTADO) VALUES (128, 'elena.quiros@asefide.cr', 1);
INSERT INTO FIDE_CORREO_ELECTRONICO_TB (ID_CORREO, CORREO_ELECTRONICO, ID_ESTADO) VALUES (129, 'bruno.cascante@asefide.cr', 1);
INSERT INTO FIDE_CORREO_ELECTRONICO_TB (ID_CORREO, CORREO_ELECTRONICO, ID_ESTADO) VALUES (130, 'catalina.barrantes@asefide.cr', 1);
INSERT INTO FIDE_CORREO_ELECTRONICO_TB (ID_CORREO, CORREO_ELECTRONICO, ID_ESTADO) VALUES (131, 'agustin.solis@asefide.cr', 1);
INSERT INTO FIDE_CORREO_ELECTRONICO_TB (ID_CORREO, CORREO_ELECTRONICO, ID_ESTADO) VALUES (132, 'jazmin.madrigal@asefide.cr', 1);
INSERT INTO FIDE_CORREO_ELECTRONICO_TB (ID_CORREO, CORREO_ELECTRONICO, ID_ESTADO) VALUES (133, 'dante.vega@asefide.cr', 1);
INSERT INTO FIDE_CORREO_ELECTRONICO_TB (ID_CORREO, CORREO_ELECTRONICO, ID_ESTADO) VALUES (134, 'lola.campos@asefide.cr', 1);
INSERT INTO FIDE_CORREO_ELECTRONICO_TB (ID_CORREO, CORREO_ELECTRONICO, ID_ESTADO) VALUES (135, 'valentin.blanco@asefide.cr', 1);
INSERT INTO FIDE_CORREO_ELECTRONICO_TB (ID_CORREO, CORREO_ELECTRONICO, ID_ESTADO) VALUES (136, 'maia.calderon@asefide.cr', 1);
INSERT INTO FIDE_CORREO_ELECTRONICO_TB (ID_CORREO, CORREO_ELECTRONICO, ID_ESTADO) VALUES (137, 'alonso.mesen@asefide.cr', 1);
INSERT INTO FIDE_CORREO_ELECTRONICO_TB (ID_CORREO, CORREO_ELECTRONICO, ID_ESTADO) VALUES (138, 'clara.elizondo@asefide.cr', 1);
INSERT INTO FIDE_CORREO_ELECTRONICO_TB (ID_CORREO, CORREO_ELECTRONICO, ID_ESTADO) VALUES (139, 'maximo.villalobos@asefide.cr', 1);
INSERT INTO FIDE_CORREO_ELECTRONICO_TB (ID_CORREO, CORREO_ELECTRONICO, ID_ESTADO) VALUES (140, 'alma.murillo@asefide.cr', 1);
INSERT INTO FIDE_CORREO_ELECTRONICO_TB (ID_CORREO, CORREO_ELECTRONICO, ID_ESTADO) VALUES (141, 'pascual.pereira@asefide.cr', 1);
INSERT INTO FIDE_CORREO_ELECTRONICO_TB (ID_CORREO, CORREO_ELECTRONICO, ID_ESTADO) VALUES (142, 'vera.valverde@asefide.cr', 1);
INSERT INTO FIDE_CORREO_ELECTRONICO_TB (ID_CORREO, CORREO_ELECTRONICO, ID_ESTADO) VALUES (143, 'rocco.aguilar@asefide.cr', 1);
INSERT INTO FIDE_CORREO_ELECTRONICO_TB (ID_CORREO, CORREO_ELECTRONICO, ID_ESTADO) VALUES (144, 'perla.leiva@asefide.cr', 1);
INSERT INTO FIDE_CORREO_ELECTRONICO_TB (ID_CORREO, CORREO_ELECTRONICO, ID_ESTADO) VALUES (145, 'fausto.ucles@asefide.cr', 1);
INSERT INTO FIDE_CORREO_ELECTRONICO_TB (ID_CORREO, CORREO_ELECTRONICO, ID_ESTADO) VALUES (146, 'gema.badilla@asefide.cr', 1);
INSERT INTO FIDE_CORREO_ELECTRONICO_TB (ID_CORREO, CORREO_ELECTRONICO, ID_ESTADO) VALUES (147, 'lazaro.arguedas@asefide.cr', 1);
INSERT INTO FIDE_CORREO_ELECTRONICO_TB (ID_CORREO, CORREO_ELECTRONICO, ID_ESTADO) VALUES (148, 'iris.mendez@asefide.cr', 1);
INSERT INTO FIDE_CORREO_ELECTRONICO_TB (ID_CORREO, CORREO_ELECTRONICO, ID_ESTADO) VALUES (149, 'simon.flores@asefide.cr', 1);
INSERT INTO FIDE_CORREO_ELECTRONICO_TB (ID_CORREO, CORREO_ELECTRONICO, ID_ESTADO) VALUES (150, 'flora.bolanos@asefide.cr', 1);
INSERT INTO FIDE_CORREO_ELECTRONICO_TB (ID_CORREO, CORREO_ELECTRONICO, ID_ESTADO) VALUES (151, 'elias.arias@asefide.cr', 1);
INSERT INTO FIDE_CORREO_ELECTRONICO_TB (ID_CORREO, CORREO_ELECTRONICO, ID_ESTADO) VALUES (152, 'dora.zuniga@asefide.cr', 1);
INSERT INTO FIDE_CORREO_ELECTRONICO_TB (ID_CORREO, CORREO_ELECTRONICO, ID_ESTADO) VALUES (153, 'abel.navarro@asefide.cr', 1);
INSERT INTO FIDE_CORREO_ELECTRONICO_TB (ID_CORREO, CORREO_ELECTRONICO, ID_ESTADO) VALUES (154, 'rita.porras@asefide.cr', 1);
INSERT INTO FIDE_CORREO_ELECTRONICO_TB (ID_CORREO, CORREO_ELECTRONICO, ID_ESTADO) VALUES (155, 'hugo.moya@asefide.cr', 1);
INSERT INTO FIDE_CORREO_ELECTRONICO_TB (ID_CORREO, CORREO_ELECTRONICO, ID_ESTADO) VALUES (156, 'sara.guillen@asefide.cr', 1);
INSERT INTO FIDE_CORREO_ELECTRONICO_TB (ID_CORREO, CORREO_ELECTRONICO, ID_ESTADO) VALUES (157, 'omar.fonseca@asefide.cr', 1);
INSERT INTO FIDE_CORREO_ELECTRONICO_TB (ID_CORREO, CORREO_ELECTRONICO, ID_ESTADO) VALUES (158, 'olga.delgado@asefide.cr', 1);
INSERT INTO FIDE_CORREO_ELECTRONICO_TB (ID_CORREO, CORREO_ELECTRONICO, ID_ESTADO) VALUES (159, 'ivan.gomez@asefide.cr', 1);
INSERT INTO FIDE_CORREO_ELECTRONICO_TB (ID_CORREO, CORREO_ELECTRONICO, ID_ESTADO) VALUES (160, 'elsa.avila@asefide.cr', 1);
INSERT INTO FIDE_CORREO_ELECTRONICO_TB (ID_CORREO, CORREO_ELECTRONICO, ID_ESTADO) VALUES (161, 'raul.duarte@asefide.cr', 1);
INSERT INTO FIDE_CORREO_ELECTRONICO_TB (ID_CORREO, CORREO_ELECTRONICO, ID_ESTADO) VALUES (162, 'ines.portilla@asefide.cr', 1);
INSERT INTO FIDE_CORREO_ELECTRONICO_TB (ID_CORREO, CORREO_ELECTRONICO, ID_ESTADO) VALUES (163, 'saul.maroto@asefide.cr', 1);
INSERT INTO FIDE_CORREO_ELECTRONICO_TB (ID_CORREO, CORREO_ELECTRONICO, ID_ESTADO) VALUES (164, 'emma.vicente@asefide.cr', 1);
INSERT INTO FIDE_CORREO_ELECTRONICO_TB (ID_CORREO, CORREO_ELECTRONICO, ID_ESTADO) VALUES (165, 'otto.ortega@asefide.cr', 1);
INSERT INTO FIDE_CORREO_ELECTRONICO_TB (ID_CORREO, CORREO_ELECTRONICO, ID_ESTADO) VALUES (166, 'alba.pacheco@asefide.cr', 1);
INSERT INTO FIDE_CORREO_ELECTRONICO_TB (ID_CORREO, CORREO_ELECTRONICO, ID_ESTADO) VALUES (167, 'noel.miranda@asefide.cr', 1);
INSERT INTO FIDE_CORREO_ELECTRONICO_TB (ID_CORREO, CORREO_ELECTRONICO, ID_ESTADO) VALUES (168, 'ada.herrera@asefide.cr', 1);
INSERT INTO FIDE_CORREO_ELECTRONICO_TB (ID_CORREO, CORREO_ELECTRONICO, ID_ESTADO) VALUES (169, 'leon.ugalde@asefide.cr', 1);
INSERT INTO FIDE_CORREO_ELECTRONICO_TB (ID_CORREO, CORREO_ELECTRONICO, ID_ESTADO) VALUES (170, 'luz.calvo@asefide.cr', 1);
INSERT INTO FIDE_CORREO_ELECTRONICO_TB (ID_CORREO, CORREO_ELECTRONICO, ID_ESTADO) VALUES (171, 'joel.sequeira@asefide.cr', 1);
INSERT INTO FIDE_CORREO_ELECTRONICO_TB (ID_CORREO, CORREO_ELECTRONICO, ID_ESTADO) VALUES (172, 'paz.meneses@asefide.cr', 1);
INSERT INTO FIDE_CORREO_ELECTRONICO_TB (ID_CORREO, CORREO_ELECTRONICO, ID_ESTADO) VALUES (173, 'eric.fallas@asefide.cr', 1);
INSERT INTO FIDE_CORREO_ELECTRONICO_TB (ID_CORREO, CORREO_ELECTRONICO, ID_ESTADO) VALUES (174, 'sol.garita@asefide.cr', 1);
INSERT INTO FIDE_CORREO_ELECTRONICO_TB (ID_CORREO, CORREO_ELECTRONICO, ID_ESTADO) VALUES (175, 'adam.luna@asefide.cr', 1);
INSERT INTO FIDE_CORREO_ELECTRONICO_TB (ID_CORREO, CORREO_ELECTRONICO, ID_ESTADO) VALUES (176, 'mia.cordero@asefide.cr', 1);
INSERT INTO FIDE_CORREO_ELECTRONICO_TB (ID_CORREO, CORREO_ELECTRONICO, ID_ESTADO) VALUES (177, 'axel.granados@asefide.cr', 1);
INSERT INTO FIDE_CORREO_ELECTRONICO_TB (ID_CORREO, CORREO_ELECTRONICO, ID_ESTADO) VALUES (178, 'lia.carvajal@asefide.cr', 1);
INSERT INTO FIDE_CORREO_ELECTRONICO_TB (ID_CORREO, CORREO_ELECTRONICO, ID_ESTADO) VALUES (179, 'enoc.matamoros@asefide.cr', 1);
INSERT INTO FIDE_CORREO_ELECTRONICO_TB (ID_CORREO, CORREO_ELECTRONICO, ID_ESTADO) VALUES (180, 'ana.esquivel@asefide.cr', 1);
INSERT INTO FIDE_CORREO_ELECTRONICO_TB (ID_CORREO, CORREO_ELECTRONICO, ID_ESTADO) VALUES (181, 'luis.villalta@asefide.cr', 1);
INSERT INTO FIDE_CORREO_ELECTRONICO_TB (ID_CORREO, CORREO_ELECTRONICO, ID_ESTADO) VALUES (182, 'jose.saenz@asefide.cr', 1);
INSERT INTO FIDE_CORREO_ELECTRONICO_TB (ID_CORREO, CORREO_ELECTRONICO, ID_ESTADO) VALUES (183, 'ruth.campos@asefide.cr', 1);
INSERT INTO FIDE_CORREO_ELECTRONICO_TB (ID_CORREO, CORREO_ELECTRONICO, ID_ESTADO) VALUES (184, 'omar.loaiza@asefide.cr', 1);
INSERT INTO FIDE_CORREO_ELECTRONICO_TB (ID_CORREO, CORREO_ELECTRONICO, ID_ESTADO) VALUES (185, 'iris.obando@asefide.cr', 1);
INSERT INTO FIDE_CORREO_ELECTRONICO_TB (ID_CORREO, CORREO_ELECTRONICO, ID_ESTADO) VALUES (186, 'abel.bonilla@asefide.cr', 1);
INSERT INTO FIDE_CORREO_ELECTRONICO_TB (ID_CORREO, CORREO_ELECTRONICO, ID_ESTADO) VALUES (187, 'elsa.gamboa@asefide.cr', 1);
INSERT INTO FIDE_CORREO_ELECTRONICO_TB (ID_CORREO, CORREO_ELECTRONICO, ID_ESTADO) VALUES (188, 'hugo.roto@asefide.cr', 1);
INSERT INTO FIDE_CORREO_ELECTRONICO_TB (ID_CORREO, CORREO_ELECTRONICO, ID_ESTADO) VALUES (189, 'vera.villegas@asefide.cr', 1);
INSERT INTO FIDE_CORREO_ELECTRONICO_TB (ID_CORREO, CORREO_ELECTRONICO, ID_ESTADO) VALUES (190, 'raul.sibaja@asefide.cr', 1);
INSERT INTO FIDE_CORREO_ELECTRONICO_TB (ID_CORREO, CORREO_ELECTRONICO, ID_ESTADO) VALUES (191, 'inma.gaitan@asefide.cr', 1);
INSERT INTO FIDE_CORREO_ELECTRONICO_TB (ID_CORREO, CORREO_ELECTRONICO, ID_ESTADO) VALUES (192, 'saul.mena@asefide.cr', 1);
INSERT INTO FIDE_CORREO_ELECTRONICO_TB (ID_CORREO, CORREO_ELECTRONICO, ID_ESTADO) VALUES (193, 'emma.herrera@asefide.cr', 1);
INSERT INTO FIDE_CORREO_ELECTRONICO_TB (ID_CORREO, CORREO_ELECTRONICO, ID_ESTADO) VALUES (194, 'otto.pinto@asefide.cr', 1);
INSERT INTO FIDE_CORREO_ELECTRONICO_TB (ID_CORREO, CORREO_ELECTRONICO, ID_ESTADO) VALUES (195, 'alba.leyva@asefide.cr', 1);
INSERT INTO FIDE_CORREO_ELECTRONICO_TB (ID_CORREO, CORREO_ELECTRONICO, ID_ESTADO) VALUES (196, 'noel.ugalde@asefide.cr', 1);
INSERT INTO FIDE_CORREO_ELECTRONICO_TB (ID_CORREO, CORREO_ELECTRONICO, ID_ESTADO) VALUES (197, 'ada.farias@asefide.cr', 1);
INSERT INTO FIDE_CORREO_ELECTRONICO_TB (ID_CORREO, CORREO_ELECTRONICO, ID_ESTADO) VALUES (198, 'leon.prieto@asefide.cr', 1);
INSERT INTO FIDE_CORREO_ELECTRONICO_TB (ID_CORREO, CORREO_ELECTRONICO, ID_ESTADO) VALUES (199, 'luz.pizarro@asefide.cr', 1);
INSERT INTO FIDE_CORREO_ELECTRONICO_TB (ID_CORREO, CORREO_ELECTRONICO, ID_ESTADO) VALUES (200, 'joel.valdez@asefide.cr', 1);
SELECT * FROM FIDE_CORREO_ELECTRONICO_TB;

-- Inserts Tabla FIDE_PUESTO_EMPRESA_ASOCIADO_TB
INSERT INTO FIDE_PUESTO_EMPRESA_ASOCIADO_TB (ID_PUESTO_EMPRESA, PUESTO_EMPRESA, ID_ESTADO) VALUES (1, 'Gerente General', 1);
INSERT INTO FIDE_PUESTO_EMPRESA_ASOCIADO_TB (ID_PUESTO_EMPRESA, PUESTO_EMPRESA, ID_ESTADO) VALUES (2, 'Director Académico', 1);
INSERT INTO FIDE_PUESTO_EMPRESA_ASOCIADO_TB (ID_PUESTO_EMPRESA, PUESTO_EMPRESA, ID_ESTADO) VALUES (3, 'Profesor Con Plaza', 1);
INSERT INTO FIDE_PUESTO_EMPRESA_ASOCIADO_TB (ID_PUESTO_EMPRESA, PUESTO_EMPRESA, ID_ESTADO) VALUES (4, 'Profesor por Horas', 1);
INSERT INTO FIDE_PUESTO_EMPRESA_ASOCIADO_TB (ID_PUESTO_EMPRESA, PUESTO_EMPRESA, ID_ESTADO) VALUES (5, 'Contador', 1);
INSERT INTO FIDE_PUESTO_EMPRESA_ASOCIADO_TB (ID_PUESTO_EMPRESA, PUESTO_EMPRESA, ID_ESTADO) VALUES (6, 'Asistente Administrativo', 1);
INSERT INTO FIDE_PUESTO_EMPRESA_ASOCIADO_TB (ID_PUESTO_EMPRESA, PUESTO_EMPRESA, ID_ESTADO) VALUES (7, 'Desarrollador de Software', 1);
INSERT INTO FIDE_PUESTO_EMPRESA_ASOCIADO_TB (ID_PUESTO_EMPRESA, PUESTO_EMPRESA, ID_ESTADO) VALUES (8, 'Analista de Sistemas', 1);
INSERT INTO FIDE_PUESTO_EMPRESA_ASOCIADO_TB (ID_PUESTO_EMPRESA, PUESTO_EMPRESA, ID_ESTADO) VALUES (9, 'Encargado de Mantenimiento', 1);
INSERT INTO FIDE_PUESTO_EMPRESA_ASOCIADO_TB (ID_PUESTO_EMPRESA, PUESTO_EMPRESA, ID_ESTADO) VALUES (10, 'Recepcionista', 1);
INSERT INTO FIDE_PUESTO_EMPRESA_ASOCIADO_TB (ID_PUESTO_EMPRESA, PUESTO_EMPRESA, ID_ESTADO) VALUES (11, 'Oficial de Seguridad', 1);
INSERT INTO FIDE_PUESTO_EMPRESA_ASOCIADO_TB (ID_PUESTO_EMPRESA, PUESTO_EMPRESA, ID_ESTADO) VALUES (12, 'Coordinador de Carrera', 1);
INSERT INTO FIDE_PUESTO_EMPRESA_ASOCIADO_TB (ID_PUESTO_EMPRESA, PUESTO_EMPRESA, ID_ESTADO) VALUES (13, 'Especialista en Recursos Humanos', 1);
INSERT INTO FIDE_PUESTO_EMPRESA_ASOCIADO_TB (ID_PUESTO_EMPRESA, PUESTO_EMPRESA, ID_ESTADO) VALUES (14, 'Ejecutivo de Mercadeo', 1);
INSERT INTO FIDE_PUESTO_EMPRESA_ASOCIADO_TB (ID_PUESTO_EMPRESA, PUESTO_EMPRESA, ID_ESTADO) VALUES (15, 'Bibliotecario', 1);
INSERT INTO FIDE_PUESTO_EMPRESA_ASOCIADO_TB (ID_PUESTO_EMPRESA, PUESTO_EMPRESA, ID_ESTADO) VALUES (16, 'Psicólogo Institucional', 1);
INSERT INTO FIDE_PUESTO_EMPRESA_ASOCIADO_TB (ID_PUESTO_EMPRESA, PUESTO_EMPRESA, ID_ESTADO) VALUES (17, 'Asesor Legal', 1);
INSERT INTO FIDE_PUESTO_EMPRESA_ASOCIADO_TB (ID_PUESTO_EMPRESA, PUESTO_EMPRESA, ID_ESTADO) VALUES (18, 'Técnico de Soporte TI', 1);
INSERT INTO FIDE_PUESTO_EMPRESA_ASOCIADO_TB (ID_PUESTO_EMPRESA, PUESTO_EMPRESA, ID_ESTADO) VALUES (19, 'Conserje', 1);
INSERT INTO FIDE_PUESTO_EMPRESA_ASOCIADO_TB (ID_PUESTO_EMPRESA, PUESTO_EMPRESA, ID_ESTADO) VALUES (20, 'Chofer', 1);
SELECT * FROM FIDE_PUESTO_EMPRESA_ASOCIADO_TB;

-- Inserts Tabla FIDE_CATEGORIA_TB
INSERT INTO FIDE_CATEGORIA_TB (ID_CATEGORIA, NOMBRE, DESCRIPCION, ID_ESTADO) VALUES (1, 'Bienestar', 'Beneficios relacionados con salud y calidad de vida del asociado', 1);
INSERT INTO FIDE_CATEGORIA_TB (ID_CATEGORIA, NOMBRE, DESCRIPCION, ID_ESTADO) VALUES (2, 'Social', 'Eventos de integración, celebraciones y actividades grupales', 1);
INSERT INTO FIDE_CATEGORIA_TB (ID_CATEGORIA, NOMBRE, DESCRIPCION, ID_ESTADO) VALUES (3, 'Financiero', 'Gestión de capital, ahorros y movimientos monetarios', 1);
INSERT INTO FIDE_CATEGORIA_TB (ID_CATEGORIA, NOMBRE, DESCRIPCION, ID_ESTADO) VALUES (4, 'Administrativo', 'Procesos operativos internos y gestión organizacional', 1);
INSERT INTO FIDE_CATEGORIA_TB (ID_CATEGORIA, NOMBRE, DESCRIPCION, ID_ESTADO) VALUES (5, 'Educativo', 'Convenios académicos, becas y formación continua', 1);
INSERT INTO FIDE_CATEGORIA_TB (ID_CATEGORIA, NOMBRE, DESCRIPCION, ID_ESTADO) VALUES (6, 'Salud', 'Servicios médicos, odontológicos y convenios de farmacia', 1);
INSERT INTO FIDE_CATEGORIA_TB (ID_CATEGORIA, NOMBRE, DESCRIPCION, ID_ESTADO) VALUES (7, 'Deportivo', 'Patrocinios en torneos y acceso a instalaciones recreativas', 1);
INSERT INTO FIDE_CATEGORIA_TB (ID_CATEGORIA, NOMBRE, DESCRIPCION, ID_ESTADO) VALUES (8, 'Emergencias', 'Fondos de auxilio para situaciones de crisis o imprevistos', 1);
INSERT INTO FIDE_CATEGORIA_TB (ID_CATEGORIA, NOMBRE, DESCRIPCION, ID_ESTADO) VALUES (9, 'Vivienda', 'Programas de apoyo para soluciones habitacionales', 1);
INSERT INTO FIDE_CATEGORIA_TB (ID_CATEGORIA, NOMBRE, DESCRIPCION, ID_ESTADO) VALUES (10, 'Cultura', 'Actividades artísticas, teatro y talleres creativos', 1);
INSERT INTO FIDE_CATEGORIA_TB (ID_CATEGORIA, NOMBRE, DESCRIPCION, ID_ESTADO) VALUES (11, 'Seguros', 'Pólizas colectivas de vida, gastos médicos e incendios', 1);
INSERT INTO FIDE_CATEGORIA_TB (ID_CATEGORIA, NOMBRE, DESCRIPCION, ID_ESTADO) VALUES (12, 'Suministros', 'Convenios para compra de artículos de oficina y hogar', 1);
INSERT INTO FIDE_CATEGORIA_TB (ID_CATEGORIA, NOMBRE, DESCRIPCION, ID_ESTADO) VALUES (13, 'Turismo', 'Convenios con hoteles y agencias de viajes locales', 1);
INSERT INTO FIDE_CATEGORIA_TB (ID_CATEGORIA, NOMBRE, DESCRIPCION, ID_ESTADO) VALUES (14, 'Solidarismo', 'Actividades propias de la filosofía solidarista', 1);
INSERT INTO FIDE_CATEGORIA_TB (ID_CATEGORIA, NOMBRE, DESCRIPCION, ID_ESTADO) VALUES (15, 'Legal', 'Asesoría jurídica y trámites notariales para asociados', 1);
SELECT * FROM FIDE_CATEGORIA_TB;

-- Inserts Tabla FIDE_TIPO_TRANSACCION_TB
INSERT INTO FIDE_TIPO_TRANSACCION_TB (ID_TIPO_TRANSACCION, NOMBRE, DESCRIPCION, ID_ESTADO) VALUES (1, 'Depósito', 'Ingreso de efectivo o transferencia a cuenta de ahorro', 1);
INSERT INTO FIDE_TIPO_TRANSACCION_TB (ID_TIPO_TRANSACCION, NOMBRE, DESCRIPCION, ID_ESTADO) VALUES (2, 'Retiro', 'Salida de fondos autorizada por el titular de la cuenta', 1);
INSERT INTO FIDE_TIPO_TRANSACCION_TB (ID_TIPO_TRANSACCION, NOMBRE, DESCRIPCION, ID_ESTADO) VALUES (3, 'Ajuste', 'Corrección de saldos por errores en el procesamiento', 1);
INSERT INTO FIDE_TIPO_TRANSACCION_TB (ID_TIPO_TRANSACCION, NOMBRE, DESCRIPCION, ID_ESTADO) VALUES (4, 'Interés', 'Rendimiento generado por el saldo promedio mensual', 1);
INSERT INTO FIDE_TIPO_TRANSACCION_TB (ID_TIPO_TRANSACCION, NOMBRE, DESCRIPCION, ID_ESTADO) VALUES (5, 'Comisión', 'Cargo administrativo por servicios o gestiones financieras', 1);
INSERT INTO FIDE_TIPO_TRANSACCION_TB (ID_TIPO_TRANSACCION, NOMBRE, DESCRIPCION, ID_ESTADO) VALUES (6, 'Transferencia', 'Movimiento de fondos entre cuentas del mismo asociado', 1);
INSERT INTO FIDE_TIPO_TRANSACCION_TB (ID_TIPO_TRANSACCION, NOMBRE, DESCRIPCION, ID_ESTADO) VALUES (7, 'Pago de Préstamo', 'Amortización mensual de cuota de crédito vigente', 1);
INSERT INTO FIDE_TIPO_TRANSACCION_TB (ID_TIPO_TRANSACCION, NOMBRE, DESCRIPCION, ID_ESTADO) VALUES (8, 'Desembolso', 'Entrega de fondos por aprobación de nueva operación crediticia', 1);
INSERT INTO FIDE_TIPO_TRANSACCION_TB (ID_TIPO_TRANSACCION, NOMBRE, DESCRIPCION, ID_ESTADO) VALUES (9, 'Excedentes', 'Distribución anual de utilidades de la asociación', 1);
INSERT INTO FIDE_TIPO_TRANSACCION_TB (ID_TIPO_TRANSACCION, NOMBRE, DESCRIPCION, ID_ESTADO) VALUES (10, 'Penalización', 'Cargo por incumplimiento de términos o pagos tardíos', 1);
INSERT INTO FIDE_TIPO_TRANSACCION_TB (ID_TIPO_TRANSACCION, NOMBRE, DESCRIPCION, ID_ESTADO) VALUES (11, 'Devolución', 'Reintegro de montos por trámites cancelados', 1);
INSERT INTO FIDE_TIPO_TRANSACCION_TB (ID_TIPO_TRANSACCION, NOMBRE, DESCRIPCION, ID_ESTADO) VALUES (12, 'Bono', 'Ingreso extraordinario por promociones o incentivos', 1);
INSERT INTO FIDE_TIPO_TRANSACCION_TB (ID_TIPO_TRANSACCION, NOMBRE, DESCRIPCION, ID_ESTADO) VALUES (13, 'Subsidio', 'Aporte de la asociación para casos específicos de bienestar', 1);
INSERT INTO FIDE_TIPO_TRANSACCION_TB (ID_TIPO_TRANSACCION, NOMBRE, DESCRIPCION, ID_ESTADO) VALUES (14, 'Capitalización', 'Reinversión de intereses en el saldo principal', 1);
INSERT INTO FIDE_TIPO_TRANSACCION_TB (ID_TIPO_TRANSACCION, NOMBRE, DESCRIPCION, ID_ESTADO) VALUES (15, 'Donación', 'Aporte voluntario para fines sociales o solidarios', 1);
SELECT * FROM FIDE_TIPO_TRANSACCION_TB;

-- Inserts Tabla FIDE_TIPO_AHORRO_TB
INSERT INTO FIDE_TIPO_AHORRO_TB (ID_TIPO_AHORRO, NOMBRE, DESCRIPCION, ID_ESTADO) VALUES (1, 'Navideño', 'Fondo acumulado para entrega en el mes de diciembre', 1);
INSERT INTO FIDE_TIPO_AHORRO_TB (ID_TIPO_AHORRO, NOMBRE, DESCRIPCION, ID_ESTADO) VALUES (2, 'Escolar', 'Destinado a gastos de matrícula, uniformes y útiles', 1);
INSERT INTO FIDE_TIPO_AHORRO_TB (ID_TIPO_AHORRO, NOMBRE, DESCRIPCION, ID_ESTADO) VALUES (3, 'Marchamo', 'Ahorro programado para el pago de derechos de circulación', 1);
INSERT INTO FIDE_TIPO_AHORRO_TB (ID_TIPO_AHORRO, NOMBRE, DESCRIPCION, ID_ESTADO) VALUES (4, 'Voluntario', 'Ahorro de libre gestión con disponibilidad inmediata', 1);
INSERT INTO FIDE_TIPO_AHORRO_TB (ID_TIPO_AHORRO, NOMBRE, DESCRIPCION, ID_ESTADO) VALUES (5, 'Extraordinario', 'Cuentas especiales con tasas de interés preferenciales', 1);
INSERT INTO FIDE_TIPO_AHORRO_TB (ID_TIPO_AHORRO, NOMBRE, DESCRIPCION, ID_ESTADO) VALUES (6, 'Vacacional', 'Fondo para recreación y viajes en periodos de descanso', 1);
INSERT INTO FIDE_TIPO_AHORRO_TB (ID_TIPO_AHORRO, NOMBRE, DESCRIPCION, ID_ESTADO) VALUES (7, 'Vivienda', 'Ahorro a largo plazo para prima de casa o remodelación', 1);
INSERT INTO FIDE_TIPO_AHORRO_TB (ID_TIPO_AHORRO, NOMBRE, DESCRIPCION, ID_ESTADO) VALUES (8, 'Salud', 'Reserva para emergencias médicas o cirugías programadas', 1);
INSERT INTO FIDE_TIPO_AHORRO_TB (ID_TIPO_AHORRO, NOMBRE, DESCRIPCION, ID_ESTADO) VALUES (9, 'Retiro', 'Fondo complementario para la jubilación del asociado', 1);
INSERT INTO FIDE_TIPO_AHORRO_TB (ID_TIPO_AHORRO, NOMBRE, DESCRIPCION, ID_ESTADO) VALUES (10, 'A la Vista', 'Cuenta transaccional para uso diario sin restricciones', 1);
INSERT INTO FIDE_TIPO_AHORRO_TB (ID_TIPO_AHORRO, NOMBRE, DESCRIPCION, ID_ESTADO) VALUES (11, 'Plazo Fijo', 'Inversión por tiempo determinado con penalización por retiro', 1);
INSERT INTO FIDE_TIPO_AHORRO_TB (ID_TIPO_AHORRO, NOMBRE, DESCRIPCION, ID_ESTADO) VALUES (12, 'Multiuso', 'Ahorro flexible para cualquier necesidad del usuario', 1);
INSERT INTO FIDE_TIPO_AHORRO_TB (ID_TIPO_AHORRO, NOMBRE, DESCRIPCION, ID_ESTADO) VALUES (13, 'Fondo de Inversión', 'Cartera colectiva para maximizar rendimientos anuales', 1);
INSERT INTO FIDE_TIPO_AHORRO_TB (ID_TIPO_AHORRO, NOMBRE, DESCRIPCION, ID_ESTADO) VALUES (14, 'Educación Superior', 'Fondo para estudios de posgrado o especializaciones', 1);
INSERT INTO FIDE_TIPO_AHORRO_TB (ID_TIPO_AHORRO, NOMBRE, DESCRIPCION, ID_ESTADO) VALUES (15, 'Ahorro Patronal', 'Aportes realizados por la empresa a nombre del empleado', 1);
SELECT * FROM FIDE_TIPO_AHORRO_TB;

-- Inserts Tabla FIDE_MODULO_TB
INSERT INTO FIDE_MODULO_TB (ID_MODULO, NOMBRE, DESCRIPCION, ID_ESTADO) VALUES (1, 'Asociados', 'Gestión integral de expedientes personales y laborales', 1);
INSERT INTO FIDE_MODULO_TB (ID_MODULO, NOMBRE, DESCRIPCION, ID_ESTADO) VALUES (2, 'Ahorros', 'Control de saldos, cuentas y movimientos de ahorro', 1);
INSERT INTO FIDE_MODULO_TB (ID_MODULO, NOMBRE, DESCRIPCION, ID_ESTADO) VALUES (3, 'Préstamos', 'Administración de créditos, cobros y tablas de amortización', 1);
INSERT INTO FIDE_MODULO_TB (ID_MODULO, NOMBRE, DESCRIPCION, ID_ESTADO) VALUES (4, 'Actividades', 'Planificación de eventos, inscripciones y logística', 1);
INSERT INTO FIDE_MODULO_TB (ID_MODULO, NOMBRE, DESCRIPCION, ID_ESTADO) VALUES (5, 'Reportes', 'Generación de inteligencia de negocios y estadísticas', 1);
INSERT INTO FIDE_MODULO_TB (ID_MODULO, NOMBRE, DESCRIPCION, ID_ESTADO) VALUES (6, 'Seguridad', 'Control de accesos, roles, permisos y auditoría', 1);
INSERT INTO FIDE_MODULO_TB (ID_MODULO, NOMBRE, DESCRIPCION, ID_ESTADO) VALUES (7, 'Contabilidad', 'Integración de movimientos diarios con el libro mayor', 1);
INSERT INTO FIDE_MODULO_TB (ID_MODULO, NOMBRE, DESCRIPCION, ID_ESTADO) VALUES (8, 'Proveedores', 'Administración de convenios y pagos a terceros', 1);
INSERT INTO FIDE_MODULO_TB (ID_MODULO, NOMBRE, DESCRIPCION, ID_ESTADO) VALUES (9, 'Comunicación', 'Gestión de notificaciones, correos y avisos al asociado', 1);
INSERT INTO FIDE_MODULO_TB (ID_MODULO, NOMBRE, DESCRIPCION, ID_ESTADO) VALUES (10, 'Recursos Humanos', 'Control de puestos, planilla y beneficios internos', 1);
INSERT INTO FIDE_MODULO_TB (ID_MODULO, NOMBRE, DESCRIPCION, ID_ESTADO) VALUES (11, 'Inventario', 'Control de activos físicos de la asociación', 1);
INSERT INTO FIDE_MODULO_TB (ID_MODULO, NOMBRE, DESCRIPCION, ID_ESTADO) VALUES (12, 'Configuración', 'Parámetros globales del sistema y mantenimiento', 1);
INSERT INTO FIDE_MODULO_TB (ID_MODULO, NOMBRE, DESCRIPCION, ID_ESTADO) VALUES (13, 'Dashboard', 'Visualización de indicadores clave de desempeño (KPI)', 1);
INSERT INTO FIDE_MODULO_TB (ID_MODULO, NOMBRE, DESCRIPCION, ID_ESTADO) VALUES (14, 'Auditoría', 'Registro de bitácoras y cumplimiento de normativas', 1);
INSERT INTO FIDE_MODULO_TB (ID_MODULO, NOMBRE, DESCRIPCION, ID_ESTADO) VALUES (15, 'Facturación', 'Emisión de comprobantes por servicios y comisiones', 1);
SELECT * FROM FIDE_MODULO_TB;

-- Inserts Tabla FIDE_TIPO_REPORTE_TB
INSERT INTO FIDE_TIPO_REPORTE_TB (ID_TIPO_REPORTE, NOMBRE, ID_ESTADO) VALUES (1, 'Financiero', 1);
INSERT INTO FIDE_TIPO_REPORTE_TB (ID_TIPO_REPORTE, NOMBRE, ID_ESTADO) VALUES (2, 'Administrativo', 1);
INSERT INTO FIDE_TIPO_REPORTE_TB (ID_TIPO_REPORTE, NOMBRE, ID_ESTADO) VALUES (3, 'Auditoría', 1);
INSERT INTO FIDE_TIPO_REPORTE_TB (ID_TIPO_REPORTE, NOMBRE, ID_ESTADO) VALUES (4, 'Estadístico', 1);
INSERT INTO FIDE_TIPO_REPORTE_TB (ID_TIPO_REPORTE, NOMBRE, ID_ESTADO) VALUES (5, 'Histórico', 1);
INSERT INTO FIDE_TIPO_REPORTE_TB (ID_TIPO_REPORTE, NOMBRE, ID_ESTADO) VALUES (6, 'Transaccional', 1);
INSERT INTO FIDE_TIPO_REPORTE_TB (ID_TIPO_REPORTE, NOMBRE, ID_ESTADO) VALUES (7, 'Morosidad', 1);
INSERT INTO FIDE_TIPO_REPORTE_TB (ID_TIPO_REPORTE, NOMBRE, ID_ESTADO) VALUES (8, 'Operativo', 1);
INSERT INTO FIDE_TIPO_REPORTE_TB (ID_TIPO_REPORTE, NOMBRE, ID_ESTADO) VALUES (9, 'Gerencial', 1);
INSERT INTO FIDE_TIPO_REPORTE_TB (ID_TIPO_REPORTE, NOMBRE, ID_ESTADO) VALUES (10, 'Fiscal', 1);
INSERT INTO FIDE_TIPO_REPORTE_TB (ID_TIPO_REPORTE, NOMBRE, ID_ESTADO) VALUES (11, 'Seguridad de Datos', 1);
INSERT INTO FIDE_TIPO_REPORTE_TB (ID_TIPO_REPORTE, NOMBRE, ID_ESTADO) VALUES (12, 'Participación Social', 1);
INSERT INTO FIDE_TIPO_REPORTE_TB (ID_TIPO_REPORTE, NOMBRE, ID_ESTADO) VALUES (13, 'Análisis de Riesgo', 1);
INSERT INTO FIDE_TIPO_REPORTE_TB (ID_TIPO_REPORTE, NOMBRE, ID_ESTADO) VALUES (14, 'Consolidado', 1);
INSERT INTO FIDE_TIPO_REPORTE_TB (ID_TIPO_REPORTE, NOMBRE, ID_ESTADO) VALUES (15, 'Proyección Financiera', 1);
SELECT * FROM FIDE_TIPO_REPORTE_TB;

-- Inserts Tabla FIDE_DATOS_ASOCIADOS_TB
INSERT INTO FIDE_DATOS_ASOCIADOS_TB (ID_DATOS_ASOCIADOS, ID_PUESTO_EMPRESA, FECHA_AFILIACION, APORTE_MENSUAL) VALUES (1, 1, TO_DATE('2025-01-10', 'YYYY-MM-DD'), 75000);
INSERT INTO FIDE_DATOS_ASOCIADOS_TB (ID_DATOS_ASOCIADOS, ID_PUESTO_EMPRESA, FECHA_AFILIACION, APORTE_MENSUAL) VALUES (2, 2, TO_DATE('2025-01-12', 'YYYY-MM-DD'), 70000);
INSERT INTO FIDE_DATOS_ASOCIADOS_TB (ID_DATOS_ASOCIADOS, ID_PUESTO_EMPRESA, FECHA_AFILIACION, APORTE_MENSUAL) VALUES (3, 3, TO_DATE('2025-01-15', 'YYYY-MM-DD'), 45000);
INSERT INTO FIDE_DATOS_ASOCIADOS_TB (ID_DATOS_ASOCIADOS, ID_PUESTO_EMPRESA, FECHA_AFILIACION, APORTE_MENSUAL) VALUES (4, 12, TO_DATE('2025-01-18', 'YYYY-MM-DD'), 50000);
INSERT INTO FIDE_DATOS_ASOCIADOS_TB (ID_DATOS_ASOCIADOS, ID_PUESTO_EMPRESA, FECHA_AFILIACION, APORTE_MENSUAL) VALUES (5, 3, TO_DATE('2025-01-20', 'YYYY-MM-DD'), 45000);
INSERT INTO FIDE_DATOS_ASOCIADOS_TB (ID_DATOS_ASOCIADOS, ID_PUESTO_EMPRESA, FECHA_AFILIACION, APORTE_MENSUAL) VALUES (6, 4, TO_DATE('2025-01-22', 'YYYY-MM-DD'), 30000);
INSERT INTO FIDE_DATOS_ASOCIADOS_TB (ID_DATOS_ASOCIADOS, ID_PUESTO_EMPRESA, FECHA_AFILIACION, APORTE_MENSUAL) VALUES (7, 6, TO_DATE('2025-01-25', 'YYYY-MM-DD'), 20000);
INSERT INTO FIDE_DATOS_ASOCIADOS_TB (ID_DATOS_ASOCIADOS, ID_PUESTO_EMPRESA, FECHA_AFILIACION, APORTE_MENSUAL) VALUES (8, 3, TO_DATE('2025-01-28', 'YYYY-MM-DD'), 45000);
INSERT INTO FIDE_DATOS_ASOCIADOS_TB (ID_DATOS_ASOCIADOS, ID_PUESTO_EMPRESA, FECHA_AFILIACION, APORTE_MENSUAL) VALUES (9, 18, TO_DATE('2025-02-01', 'YYYY-MM-DD'), 35000);
INSERT INTO FIDE_DATOS_ASOCIADOS_TB (ID_DATOS_ASOCIADOS, ID_PUESTO_EMPRESA, FECHA_AFILIACION, APORTE_MENSUAL) VALUES (10, 10, TO_DATE('2025-02-03', 'YYYY-MM-DD'), 15000);
INSERT INTO FIDE_DATOS_ASOCIADOS_TB (ID_DATOS_ASOCIADOS, ID_PUESTO_EMPRESA, FECHA_AFILIACION, APORTE_MENSUAL) VALUES (11, 3, TO_DATE('2025-02-05', 'YYYY-MM-DD'), 45000);
INSERT INTO FIDE_DATOS_ASOCIADOS_TB (ID_DATOS_ASOCIADOS, ID_PUESTO_EMPRESA, FECHA_AFILIACION, APORTE_MENSUAL) VALUES (12, 4, TO_DATE('2025-02-08', 'YYYY-MM-DD'), 30000);
INSERT INTO FIDE_DATOS_ASOCIADOS_TB (ID_DATOS_ASOCIADOS, ID_PUESTO_EMPRESA, FECHA_AFILIACION, APORTE_MENSUAL) VALUES (13, 13, TO_DATE('2025-02-10', 'YYYY-MM-DD'), 40000);
INSERT INTO FIDE_DATOS_ASOCIADOS_TB (ID_DATOS_ASOCIADOS, ID_PUESTO_EMPRESA, FECHA_AFILIACION, APORTE_MENSUAL) VALUES (14, 5, TO_DATE('2025-02-12', 'YYYY-MM-DD'), 40000);
INSERT INTO FIDE_DATOS_ASOCIADOS_TB (ID_DATOS_ASOCIADOS, ID_PUESTO_EMPRESA, FECHA_AFILIACION, APORTE_MENSUAL) VALUES (15, 6, TO_DATE('2025-02-15', 'YYYY-MM-DD'), 20000);
INSERT INTO FIDE_DATOS_ASOCIADOS_TB (ID_DATOS_ASOCIADOS, ID_PUESTO_EMPRESA, FECHA_AFILIACION, APORTE_MENSUAL) VALUES (16, 3, TO_DATE('2025-02-18', 'YYYY-MM-DD'), 45000);
INSERT INTO FIDE_DATOS_ASOCIADOS_TB (ID_DATOS_ASOCIADOS, ID_PUESTO_EMPRESA, FECHA_AFILIACION, APORTE_MENSUAL) VALUES (17, 4, TO_DATE('2025-02-20', 'YYYY-MM-DD'), 30000);
INSERT INTO FIDE_DATOS_ASOCIADOS_TB (ID_DATOS_ASOCIADOS, ID_PUESTO_EMPRESA, FECHA_AFILIACION, APORTE_MENSUAL) VALUES (18, 6, TO_DATE('2025-02-22', 'YYYY-MM-DD'), 20000);
INSERT INTO FIDE_DATOS_ASOCIADOS_TB (ID_DATOS_ASOCIADOS, ID_PUESTO_EMPRESA, FECHA_AFILIACION, APORTE_MENSUAL) VALUES (19, 3, TO_DATE('2025-02-25', 'YYYY-MM-DD'), 45000);
INSERT INTO FIDE_DATOS_ASOCIADOS_TB (ID_DATOS_ASOCIADOS, ID_PUESTO_EMPRESA, FECHA_AFILIACION, APORTE_MENSUAL) VALUES (20, 19, TO_DATE('2025-02-28', 'YYYY-MM-DD'), 12000);
INSERT INTO FIDE_DATOS_ASOCIADOS_TB (ID_DATOS_ASOCIADOS, ID_PUESTO_EMPRESA, FECHA_AFILIACION, APORTE_MENSUAL) VALUES (21, 3, TO_DATE('2025-03-01', 'YYYY-MM-DD'), 45000);
INSERT INTO FIDE_DATOS_ASOCIADOS_TB (ID_DATOS_ASOCIADOS, ID_PUESTO_EMPRESA, FECHA_AFILIACION, APORTE_MENSUAL) VALUES (22, 4, TO_DATE('2025-03-03', 'YYYY-MM-DD'), 30000);
INSERT INTO FIDE_DATOS_ASOCIADOS_TB (ID_DATOS_ASOCIADOS, ID_PUESTO_EMPRESA, FECHA_AFILIACION, APORTE_MENSUAL) VALUES (23, 6, TO_DATE('2025-03-05', 'YYYY-MM-DD'), 20000);
INSERT INTO FIDE_DATOS_ASOCIADOS_TB (ID_DATOS_ASOCIADOS, ID_PUESTO_EMPRESA, FECHA_AFILIACION, APORTE_MENSUAL) VALUES (24, 7, TO_DATE('2025-03-08', 'YYYY-MM-DD'), 60000);
INSERT INTO FIDE_DATOS_ASOCIADOS_TB (ID_DATOS_ASOCIADOS, ID_PUESTO_EMPRESA, FECHA_AFILIACION, APORTE_MENSUAL) VALUES (25, 8, TO_DATE('2025-03-10', 'YYYY-MM-DD'), 55000);
INSERT INTO FIDE_DATOS_ASOCIADOS_TB (ID_DATOS_ASOCIADOS, ID_PUESTO_EMPRESA, FECHA_AFILIACION, APORTE_MENSUAL) VALUES (26, 3, TO_DATE('2025-03-12', 'YYYY-MM-DD'), 45000);
INSERT INTO FIDE_DATOS_ASOCIADOS_TB (ID_DATOS_ASOCIADOS, ID_PUESTO_EMPRESA, FECHA_AFILIACION, APORTE_MENSUAL) VALUES (27, 4, TO_DATE('2025-03-15', 'YYYY-MM-DD'), 30000);
INSERT INTO FIDE_DATOS_ASOCIADOS_TB (ID_DATOS_ASOCIADOS, ID_PUESTO_EMPRESA, FECHA_AFILIACION, APORTE_MENSUAL) VALUES (28, 6, TO_DATE('2025-03-18', 'YYYY-MM-DD'), 20000);
INSERT INTO FIDE_DATOS_ASOCIADOS_TB (ID_DATOS_ASOCIADOS, ID_PUESTO_EMPRESA, FECHA_AFILIACION, APORTE_MENSUAL) VALUES (29, 3, TO_DATE('2025-03-20', 'YYYY-MM-DD'), 45000);
INSERT INTO FIDE_DATOS_ASOCIADOS_TB (ID_DATOS_ASOCIADOS, ID_PUESTO_EMPRESA, FECHA_AFILIACION, APORTE_MENSUAL) VALUES (30, 4, TO_DATE('2025-03-22', 'YYYY-MM-DD'), 30000);
INSERT INTO FIDE_DATOS_ASOCIADOS_TB (ID_DATOS_ASOCIADOS, ID_PUESTO_EMPRESA, FECHA_AFILIACION, APORTE_MENSUAL) VALUES (31, 6, TO_DATE('2025-03-25', 'YYYY-MM-DD'), 20000);
INSERT INTO FIDE_DATOS_ASOCIADOS_TB (ID_DATOS_ASOCIADOS, ID_PUESTO_EMPRESA, FECHA_AFILIACION, APORTE_MENSUAL) VALUES (32, 11, TO_DATE('2025-03-28', 'YYYY-MM-DD'), 18000);
INSERT INTO FIDE_DATOS_ASOCIADOS_TB (ID_DATOS_ASOCIADOS, ID_PUESTO_EMPRESA, FECHA_AFILIACION, APORTE_MENSUAL) VALUES (33, 3, TO_DATE('2025-04-01', 'YYYY-MM-DD'), 45000);
INSERT INTO FIDE_DATOS_ASOCIADOS_TB (ID_DATOS_ASOCIADOS, ID_PUESTO_EMPRESA, FECHA_AFILIACION, APORTE_MENSUAL) VALUES (34, 4, TO_DATE('2025-04-03', 'YYYY-MM-DD'), 30000);
INSERT INTO FIDE_DATOS_ASOCIADOS_TB (ID_DATOS_ASOCIADOS, ID_PUESTO_EMPRESA, FECHA_AFILIACION, APORTE_MENSUAL) VALUES (35, 6, TO_DATE('2025-04-05', 'YYYY-MM-DD'), 20000);
INSERT INTO FIDE_DATOS_ASOCIADOS_TB (ID_DATOS_ASOCIADOS, ID_PUESTO_EMPRESA, FECHA_AFILIACION, APORTE_MENSUAL) VALUES (36, 12, TO_DATE('2025-04-08', 'YYYY-MM-DD'), 50000);
INSERT INTO FIDE_DATOS_ASOCIADOS_TB (ID_DATOS_ASOCIADOS, ID_PUESTO_EMPRESA, FECHA_AFILIACION, APORTE_MENSUAL) VALUES (37, 3, TO_DATE('2025-04-10', 'YYYY-MM-DD'), 45000);
INSERT INTO FIDE_DATOS_ASOCIADOS_TB (ID_DATOS_ASOCIADOS, ID_PUESTO_EMPRESA, FECHA_AFILIACION, APORTE_MENSUAL) VALUES (38, 4, TO_DATE('2025-04-12', 'YYYY-MM-DD'), 30000);
INSERT INTO FIDE_DATOS_ASOCIADOS_TB (ID_DATOS_ASOCIADOS, ID_PUESTO_EMPRESA, FECHA_AFILIACION, APORTE_MENSUAL) VALUES (39, 6, TO_DATE('2025-04-15', 'YYYY-MM-DD'), 20000);
INSERT INTO FIDE_DATOS_ASOCIADOS_TB (ID_DATOS_ASOCIADOS, ID_PUESTO_EMPRESA, FECHA_AFILIACION, APORTE_MENSUAL) VALUES (40, 14, TO_DATE('2025-04-18', 'YYYY-MM-DD'), 40000);
INSERT INTO FIDE_DATOS_ASOCIADOS_TB (ID_DATOS_ASOCIADOS, ID_PUESTO_EMPRESA, FECHA_AFILIACION, APORTE_MENSUAL) VALUES (41, 3, TO_DATE('2025-04-20', 'YYYY-MM-DD'), 45000);
INSERT INTO FIDE_DATOS_ASOCIADOS_TB (ID_DATOS_ASOCIADOS, ID_PUESTO_EMPRESA, FECHA_AFILIACION, APORTE_MENSUAL) VALUES (42, 4, TO_DATE('2025-04-22', 'YYYY-MM-DD'), 30000);
INSERT INTO FIDE_DATOS_ASOCIADOS_TB (ID_DATOS_ASOCIADOS, ID_PUESTO_EMPRESA, FECHA_AFILIACION, APORTE_MENSUAL) VALUES (43, 6, TO_DATE('2025-04-25', 'YYYY-MM-DD'), 20000);
INSERT INTO FIDE_DATOS_ASOCIADOS_TB (ID_DATOS_ASOCIADOS, ID_PUESTO_EMPRESA, FECHA_AFILIACION, APORTE_MENSUAL) VALUES (44, 15, TO_DATE('2025-04-28', 'YYYY-MM-DD'), 15000);
INSERT INTO FIDE_DATOS_ASOCIADOS_TB (ID_DATOS_ASOCIADOS, ID_PUESTO_EMPRESA, FECHA_AFILIACION, APORTE_MENSUAL) VALUES (45, 3, TO_DATE('2025-05-01', 'YYYY-MM-DD'), 45000);
INSERT INTO FIDE_DATOS_ASOCIADOS_TB (ID_DATOS_ASOCIADOS, ID_PUESTO_EMPRESA, FECHA_AFILIACION, APORTE_MENSUAL) VALUES (46, 4, TO_DATE('2025-05-03', 'YYYY-MM-DD'), 30000);
INSERT INTO FIDE_DATOS_ASOCIADOS_TB (ID_DATOS_ASOCIADOS, ID_PUESTO_EMPRESA, FECHA_AFILIACION, APORTE_MENSUAL) VALUES (47, 6, TO_DATE('2025-05-05', 'YYYY-MM-DD'), 20000);
INSERT INTO FIDE_DATOS_ASOCIADOS_TB (ID_DATOS_ASOCIADOS, ID_PUESTO_EMPRESA, FECHA_AFILIACION, APORTE_MENSUAL) VALUES (48, 16, TO_DATE('2025-05-08', 'YYYY-MM-DD'), 35000);
INSERT INTO FIDE_DATOS_ASOCIADOS_TB (ID_DATOS_ASOCIADOS, ID_PUESTO_EMPRESA, FECHA_AFILIACION, APORTE_MENSUAL) VALUES (49, 3, TO_DATE('2025-05-10', 'YYYY-MM-DD'), 45000);
INSERT INTO FIDE_DATOS_ASOCIADOS_TB (ID_DATOS_ASOCIADOS, ID_PUESTO_EMPRESA, FECHA_AFILIACION, APORTE_MENSUAL) VALUES (50, 4, TO_DATE('2025-05-12', 'YYYY-MM-DD'), 30000);
INSERT INTO FIDE_DATOS_ASOCIADOS_TB (ID_DATOS_ASOCIADOS, ID_PUESTO_EMPRESA, FECHA_AFILIACION, APORTE_MENSUAL) VALUES (51, 6, TO_DATE('2025-05-15', 'YYYY-MM-DD'), 20000);
INSERT INTO FIDE_DATOS_ASOCIADOS_TB (ID_DATOS_ASOCIADOS, ID_PUESTO_EMPRESA, FECHA_AFILIACION, APORTE_MENSUAL) VALUES (52, 17, TO_DATE('2025-05-18', 'YYYY-MM-DD'), 65000);
INSERT INTO FIDE_DATOS_ASOCIADOS_TB (ID_DATOS_ASOCIADOS, ID_PUESTO_EMPRESA, FECHA_AFILIACION, APORTE_MENSUAL) VALUES (53, 3, TO_DATE('2025-05-20', 'YYYY-MM-DD'), 45000);
INSERT INTO FIDE_DATOS_ASOCIADOS_TB (ID_DATOS_ASOCIADOS, ID_PUESTO_EMPRESA, FECHA_AFILIACION, APORTE_MENSUAL) VALUES (54, 4, TO_DATE('2025-05-22', 'YYYY-MM-DD'), 30000);
INSERT INTO FIDE_DATOS_ASOCIADOS_TB (ID_DATOS_ASOCIADOS, ID_PUESTO_EMPRESA, FECHA_AFILIACION, APORTE_MENSUAL) VALUES (55, 6, TO_DATE('2025-05-25', 'YYYY-MM-DD'), 20000);
INSERT INTO FIDE_DATOS_ASOCIADOS_TB (ID_DATOS_ASOCIADOS, ID_PUESTO_EMPRESA, FECHA_AFILIACION, APORTE_MENSUAL) VALUES (56, 3, TO_DATE('2025-05-28', 'YYYY-MM-DD'), 45000);
INSERT INTO FIDE_DATOS_ASOCIADOS_TB (ID_DATOS_ASOCIADOS, ID_PUESTO_EMPRESA, FECHA_AFILIACION, APORTE_MENSUAL) VALUES (57, 4, TO_DATE('2025-06-01', 'YYYY-MM-DD'), 30000);
INSERT INTO FIDE_DATOS_ASOCIADOS_TB (ID_DATOS_ASOCIADOS, ID_PUESTO_EMPRESA, FECHA_AFILIACION, APORTE_MENSUAL) VALUES (58, 6, TO_DATE('2025-06-03', 'YYYY-MM-DD'), 20000);
INSERT INTO FIDE_DATOS_ASOCIADOS_TB (ID_DATOS_ASOCIADOS, ID_PUESTO_EMPRESA, FECHA_AFILIACION, APORTE_MENSUAL) VALUES (59, 3, TO_DATE('2025-06-05', 'YYYY-MM-DD'), 45000);
INSERT INTO FIDE_DATOS_ASOCIADOS_TB (ID_DATOS_ASOCIADOS, ID_PUESTO_EMPRESA, FECHA_AFILIACION, APORTE_MENSUAL) VALUES (60, 20, TO_DATE('2025-06-08', 'YYYY-MM-DD'), 18000);
INSERT INTO FIDE_DATOS_ASOCIADOS_TB (ID_DATOS_ASOCIADOS, ID_PUESTO_EMPRESA, FECHA_AFILIACION, APORTE_MENSUAL) VALUES (61, 3, TO_DATE('2025-06-10', 'YYYY-MM-DD'), 45000);
INSERT INTO FIDE_DATOS_ASOCIADOS_TB (ID_DATOS_ASOCIADOS, ID_PUESTO_EMPRESA, FECHA_AFILIACION, APORTE_MENSUAL) VALUES (62, 4, TO_DATE('2025-06-12', 'YYYY-MM-DD'), 30000);
INSERT INTO FIDE_DATOS_ASOCIADOS_TB (ID_DATOS_ASOCIADOS, ID_PUESTO_EMPRESA, FECHA_AFILIACION, APORTE_MENSUAL) VALUES (63, 6, TO_DATE('2025-06-15', 'YYYY-MM-DD'), 20000);
INSERT INTO FIDE_DATOS_ASOCIADOS_TB (ID_DATOS_ASOCIADOS, ID_PUESTO_EMPRESA, FECHA_AFILIACION, APORTE_MENSUAL) VALUES (64, 3, TO_DATE('2025-06-18', 'YYYY-MM-DD'), 45000);
INSERT INTO FIDE_DATOS_ASOCIADOS_TB (ID_DATOS_ASOCIADOS, ID_PUESTO_EMPRESA, FECHA_AFILIACION, APORTE_MENSUAL) VALUES (65, 4, TO_DATE('2025-06-20', 'YYYY-MM-DD'), 30000);
INSERT INTO FIDE_DATOS_ASOCIADOS_TB (ID_DATOS_ASOCIADOS, ID_PUESTO_EMPRESA, FECHA_AFILIACION, APORTE_MENSUAL) VALUES (66, 6, TO_DATE('2025-06-22', 'YYYY-MM-DD'), 20000);
INSERT INTO FIDE_DATOS_ASOCIADOS_TB (ID_DATOS_ASOCIADOS, ID_PUESTO_EMPRESA, FECHA_AFILIACION, APORTE_MENSUAL) VALUES (67, 12, TO_DATE('2025-06-25', 'YYYY-MM-DD'), 50000);
INSERT INTO FIDE_DATOS_ASOCIADOS_TB (ID_DATOS_ASOCIADOS, ID_PUESTO_EMPRESA, FECHA_AFILIACION, APORTE_MENSUAL) VALUES (68, 3, TO_DATE('2025-06-28', 'YYYY-MM-DD'), 45000);
INSERT INTO FIDE_DATOS_ASOCIADOS_TB (ID_DATOS_ASOCIADOS, ID_PUESTO_EMPRESA, FECHA_AFILIACION, APORTE_MENSUAL) VALUES (69, 4, TO_DATE('2025-07-01', 'YYYY-MM-DD'), 30000);
INSERT INTO FIDE_DATOS_ASOCIADOS_TB (ID_DATOS_ASOCIADOS, ID_PUESTO_EMPRESA, FECHA_AFILIACION, APORTE_MENSUAL) VALUES (70, 6, TO_DATE('2025-07-03', 'YYYY-MM-DD'), 20000);
INSERT INTO FIDE_DATOS_ASOCIADOS_TB (ID_DATOS_ASOCIADOS, ID_PUESTO_EMPRESA, FECHA_AFILIACION, APORTE_MENSUAL) VALUES (71, 3, TO_DATE('2025-07-05', 'YYYY-MM-DD'), 45000);
INSERT INTO FIDE_DATOS_ASOCIADOS_TB (ID_DATOS_ASOCIADOS, ID_PUESTO_EMPRESA, FECHA_AFILIACION, APORTE_MENSUAL) VALUES (72, 4, TO_DATE('2025-07-08', 'YYYY-MM-DD'), 30000);
INSERT INTO FIDE_DATOS_ASOCIADOS_TB (ID_DATOS_ASOCIADOS, ID_PUESTO_EMPRESA, FECHA_AFILIACION, APORTE_MENSUAL) VALUES (73, 6, TO_DATE('2025-07-10', 'YYYY-MM-DD'), 20000);
INSERT INTO FIDE_DATOS_ASOCIADOS_TB (ID_DATOS_ASOCIADOS, ID_PUESTO_EMPRESA, FECHA_AFILIACION, APORTE_MENSUAL) VALUES (74, 18, TO_DATE('2025-07-12', 'YYYY-MM-DD'), 35000);
INSERT INTO FIDE_DATOS_ASOCIADOS_TB (ID_DATOS_ASOCIADOS, ID_PUESTO_EMPRESA, FECHA_AFILIACION, APORTE_MENSUAL) VALUES (75, 3, TO_DATE('2025-07-15', 'YYYY-MM-DD'), 45000);
INSERT INTO FIDE_DATOS_ASOCIADOS_TB (ID_DATOS_ASOCIADOS, ID_PUESTO_EMPRESA, FECHA_AFILIACION, APORTE_MENSUAL) VALUES (76, 4, TO_DATE('2025-07-18', 'YYYY-MM-DD'), 30000);
INSERT INTO FIDE_DATOS_ASOCIADOS_TB (ID_DATOS_ASOCIADOS, ID_PUESTO_EMPRESA, FECHA_AFILIACION, APORTE_MENSUAL) VALUES (77, 6, TO_DATE('2025-07-20', 'YYYY-MM-DD'), 20000);
INSERT INTO FIDE_DATOS_ASOCIADOS_TB (ID_DATOS_ASOCIADOS, ID_PUESTO_EMPRESA, FECHA_AFILIACION, APORTE_MENSUAL) VALUES (78, 3, TO_DATE('2025-07-22', 'YYYY-MM-DD'), 45000);
INSERT INTO FIDE_DATOS_ASOCIADOS_TB (ID_DATOS_ASOCIADOS, ID_PUESTO_EMPRESA, FECHA_AFILIACION, APORTE_MENSUAL) VALUES (79, 4, TO_DATE('2025-07-25', 'YYYY-MM-DD'), 30000);
INSERT INTO FIDE_DATOS_ASOCIADOS_TB (ID_DATOS_ASOCIADOS, ID_PUESTO_EMPRESA, FECHA_AFILIACION, APORTE_MENSUAL) VALUES (80, 6, TO_DATE('2025-07-28', 'YYYY-MM-DD'), 20000);
INSERT INTO FIDE_DATOS_ASOCIADOS_TB (ID_DATOS_ASOCIADOS, ID_PUESTO_EMPRESA, FECHA_AFILIACION, APORTE_MENSUAL) VALUES (81, 13, TO_DATE('2025-08-01', 'YYYY-MM-DD'), 40000);
INSERT INTO FIDE_DATOS_ASOCIADOS_TB (ID_DATOS_ASOCIADOS, ID_PUESTO_EMPRESA, FECHA_AFILIACION, APORTE_MENSUAL) VALUES (82, 3, TO_DATE('2025-08-03', 'YYYY-MM-DD'), 45000);
INSERT INTO FIDE_DATOS_ASOCIADOS_TB (ID_DATOS_ASOCIADOS, ID_PUESTO_EMPRESA, FECHA_AFILIACION, APORTE_MENSUAL) VALUES (83, 4, TO_DATE('2025-08-05', 'YYYY-MM-DD'), 30000);
INSERT INTO FIDE_DATOS_ASOCIADOS_TB (ID_DATOS_ASOCIADOS, ID_PUESTO_EMPRESA, FECHA_AFILIACION, APORTE_MENSUAL) VALUES (84, 6, TO_DATE('2025-08-08', 'YYYY-MM-DD'), 20000);
INSERT INTO FIDE_DATOS_ASOCIADOS_TB (ID_DATOS_ASOCIADOS, ID_PUESTO_EMPRESA, FECHA_AFILIACION, APORTE_MENSUAL) VALUES (85, 3, TO_DATE('2025-08-10', 'YYYY-MM-DD'), 45000);
INSERT INTO FIDE_DATOS_ASOCIADOS_TB (ID_DATOS_ASOCIADOS, ID_PUESTO_EMPRESA, FECHA_AFILIACION, APORTE_MENSUAL) VALUES (86, 4, TO_DATE('2025-08-12', 'YYYY-MM-DD'), 30000);
INSERT INTO FIDE_DATOS_ASOCIADOS_TB (ID_DATOS_ASOCIADOS, ID_PUESTO_EMPRESA, FECHA_AFILIACION, APORTE_MENSUAL) VALUES (87, 6, TO_DATE('2025-08-15', 'YYYY-MM-DD'), 20000);
INSERT INTO FIDE_DATOS_ASOCIADOS_TB (ID_DATOS_ASOCIADOS, ID_PUESTO_EMPRESA, FECHA_AFILIACION, APORTE_MENSUAL) VALUES (88, 3, TO_DATE('2025-08-18', 'YYYY-MM-DD'), 45000);
INSERT INTO FIDE_DATOS_ASOCIADOS_TB (ID_DATOS_ASOCIADOS, ID_PUESTO_EMPRESA, FECHA_AFILIACION, APORTE_MENSUAL) VALUES (89, 4, TO_DATE('2025-08-20', 'YYYY-MM-DD'), 30000);
INSERT INTO FIDE_DATOS_ASOCIADOS_TB (ID_DATOS_ASOCIADOS, ID_PUESTO_EMPRESA, FECHA_AFILIACION, APORTE_MENSUAL) VALUES (90, 6, TO_DATE('2025-08-22', 'YYYY-MM-DD'), 20000);
INSERT INTO FIDE_DATOS_ASOCIADOS_TB (ID_DATOS_ASOCIADOS, ID_PUESTO_EMPRESA, FECHA_AFILIACION, APORTE_MENSUAL) VALUES (91, 7, TO_DATE('2025-08-25', 'YYYY-MM-DD'), 60000);
INSERT INTO FIDE_DATOS_ASOCIADOS_TB (ID_DATOS_ASOCIADOS, ID_PUESTO_EMPRESA, FECHA_AFILIACION, APORTE_MENSUAL) VALUES (92, 8, TO_DATE('2025-08-28', 'YYYY-MM-DD'), 55000);
INSERT INTO FIDE_DATOS_ASOCIADOS_TB (ID_DATOS_ASOCIADOS, ID_PUESTO_EMPRESA, FECHA_AFILIACION, APORTE_MENSUAL) VALUES (93, 3, TO_DATE('2025-09-01', 'YYYY-MM-DD'), 45000);
INSERT INTO FIDE_DATOS_ASOCIADOS_TB (ID_DATOS_ASOCIADOS, ID_PUESTO_EMPRESA, FECHA_AFILIACION, APORTE_MENSUAL) VALUES (94, 4, TO_DATE('2025-09-03', 'YYYY-MM-DD'), 30000);
INSERT INTO FIDE_DATOS_ASOCIADOS_TB (ID_DATOS_ASOCIADOS, ID_PUESTO_EMPRESA, FECHA_AFILIACION, APORTE_MENSUAL) VALUES (95, 6, TO_DATE('2025-09-05', 'YYYY-MM-DD'), 20000);
INSERT INTO FIDE_DATOS_ASOCIADOS_TB (ID_DATOS_ASOCIADOS, ID_PUESTO_EMPRESA, FECHA_AFILIACION, APORTE_MENSUAL) VALUES (96, 3, TO_DATE('2025-09-08', 'YYYY-MM-DD'), 45000);
INSERT INTO FIDE_DATOS_ASOCIADOS_TB (ID_DATOS_ASOCIADOS, ID_PUESTO_EMPRESA, FECHA_AFILIACION, APORTE_MENSUAL) VALUES (97, 4, TO_DATE('2025-09-10', 'YYYY-MM-DD'), 30000);
INSERT INTO FIDE_DATOS_ASOCIADOS_TB (ID_DATOS_ASOCIADOS, ID_PUESTO_EMPRESA, FECHA_AFILIACION, APORTE_MENSUAL) VALUES (98, 6, TO_DATE('2025-09-12', 'YYYY-MM-DD'), 20000);
INSERT INTO FIDE_DATOS_ASOCIADOS_TB (ID_DATOS_ASOCIADOS, ID_PUESTO_EMPRESA, FECHA_AFILIACION, APORTE_MENSUAL) VALUES (99, 3, TO_DATE('2025-09-15', 'YYYY-MM-DD'), 45000);
INSERT INTO FIDE_DATOS_ASOCIADOS_TB (ID_DATOS_ASOCIADOS, ID_PUESTO_EMPRESA, FECHA_AFILIACION, APORTE_MENSUAL) VALUES (100, 10, TO_DATE('2025-09-18', 'YYYY-MM-DD'), 15000);
INSERT INTO FIDE_DATOS_ASOCIADOS_TB (ID_DATOS_ASOCIADOS, ID_PUESTO_EMPRESA, FECHA_AFILIACION, APORTE_MENSUAL) VALUES (101, 3, TO_DATE('2025-09-20', 'YYYY-MM-DD'), 45000);
INSERT INTO FIDE_DATOS_ASOCIADOS_TB (ID_DATOS_ASOCIADOS, ID_PUESTO_EMPRESA, FECHA_AFILIACION, APORTE_MENSUAL) VALUES (102, 4, TO_DATE('2025-09-22', 'YYYY-MM-DD'), 30000);
INSERT INTO FIDE_DATOS_ASOCIADOS_TB (ID_DATOS_ASOCIADOS, ID_PUESTO_EMPRESA, FECHA_AFILIACION, APORTE_MENSUAL) VALUES (103, 6, TO_DATE('2025-09-25', 'YYYY-MM-DD'), 20000);
INSERT INTO FIDE_DATOS_ASOCIADOS_TB (ID_DATOS_ASOCIADOS, ID_PUESTO_EMPRESA, FECHA_AFILIACION, APORTE_MENSUAL) VALUES (104, 3, TO_DATE('2025-09-28', 'YYYY-MM-DD'), 45000);
INSERT INTO FIDE_DATOS_ASOCIADOS_TB (ID_DATOS_ASOCIADOS, ID_PUESTO_EMPRESA, FECHA_AFILIACION, APORTE_MENSUAL) VALUES (105, 4, TO_DATE('2025-10-01', 'YYYY-MM-DD'), 30000);
INSERT INTO FIDE_DATOS_ASOCIADOS_TB (ID_DATOS_ASOCIADOS, ID_PUESTO_EMPRESA, FECHA_AFILIACION, APORTE_MENSUAL) VALUES (106, 6, TO_DATE('2025-10-03', 'YYYY-MM-DD'), 20000);
INSERT INTO FIDE_DATOS_ASOCIADOS_TB (ID_DATOS_ASOCIADOS, ID_PUESTO_EMPRESA, FECHA_AFILIACION, APORTE_MENSUAL) VALUES (107, 11, TO_DATE('2025-10-05', 'YYYY-MM-DD'), 18000);
INSERT INTO FIDE_DATOS_ASOCIADOS_TB (ID_DATOS_ASOCIADOS, ID_PUESTO_EMPRESA, FECHA_AFILIACION, APORTE_MENSUAL) VALUES (108, 3, TO_DATE('2025-10-08', 'YYYY-MM-DD'), 45000);
INSERT INTO FIDE_DATOS_ASOCIADOS_TB (ID_DATOS_ASOCIADOS, ID_PUESTO_EMPRESA, FECHA_AFILIACION, APORTE_MENSUAL) VALUES (109, 4, TO_DATE('2025-10-10', 'YYYY-MM-DD'), 30000);
INSERT INTO FIDE_DATOS_ASOCIADOS_TB (ID_DATOS_ASOCIADOS, ID_PUESTO_EMPRESA, FECHA_AFILIACION, APORTE_MENSUAL) VALUES (110, 6, TO_DATE('2025-10-12', 'YYYY-MM-DD'), 20000);
INSERT INTO FIDE_DATOS_ASOCIADOS_TB (ID_DATOS_ASOCIADOS, ID_PUESTO_EMPRESA, FECHA_AFILIACION, APORTE_MENSUAL) VALUES (111, 3, TO_DATE('2025-10-15', 'YYYY-MM-DD'), 45000);
INSERT INTO FIDE_DATOS_ASOCIADOS_TB (ID_DATOS_ASOCIADOS, ID_PUESTO_EMPRESA, FECHA_AFILIACION, APORTE_MENSUAL) VALUES (112, 4, TO_DATE('2025-10-18', 'YYYY-MM-DD'), 30000);
INSERT INTO FIDE_DATOS_ASOCIADOS_TB (ID_DATOS_ASOCIADOS, ID_PUESTO_EMPRESA, FECHA_AFILIACION, APORTE_MENSUAL) VALUES (113, 6, TO_DATE('2025-10-20', 'YYYY-MM-DD'), 20000);
INSERT INTO FIDE_DATOS_ASOCIADOS_TB (ID_DATOS_ASOCIADOS, ID_PUESTO_EMPRESA, FECHA_AFILIACION, APORTE_MENSUAL) VALUES (114, 12, TO_DATE('2025-10-22', 'YYYY-MM-DD'), 50000);
INSERT INTO FIDE_DATOS_ASOCIADOS_TB (ID_DATOS_ASOCIADOS, ID_PUESTO_EMPRESA, FECHA_AFILIACION, APORTE_MENSUAL) VALUES (115, 3, TO_DATE('2025-10-25', 'YYYY-MM-DD'), 45000);
INSERT INTO FIDE_DATOS_ASOCIADOS_TB (ID_DATOS_ASOCIADOS, ID_PUESTO_EMPRESA, FECHA_AFILIACION, APORTE_MENSUAL) VALUES (116, 4, TO_DATE('2025-10-28', 'YYYY-MM-DD'), 30000);
INSERT INTO FIDE_DATOS_ASOCIADOS_TB (ID_DATOS_ASOCIADOS, ID_PUESTO_EMPRESA, FECHA_AFILIACION, APORTE_MENSUAL) VALUES (117, 6, TO_DATE('2025-11-01', 'YYYY-MM-DD'), 20000);
INSERT INTO FIDE_DATOS_ASOCIADOS_TB (ID_DATOS_ASOCIADOS, ID_PUESTO_EMPRESA, FECHA_AFILIACION, APORTE_MENSUAL) VALUES (118, 3, TO_DATE('2025-11-03', 'YYYY-MM-DD'), 45000);
INSERT INTO FIDE_DATOS_ASOCIADOS_TB (ID_DATOS_ASOCIADOS, ID_PUESTO_EMPRESA, FECHA_AFILIACION, APORTE_MENSUAL) VALUES (119, 4, TO_DATE('2025-11-05', 'YYYY-MM-DD'), 30000);
INSERT INTO FIDE_DATOS_ASOCIADOS_TB (ID_DATOS_ASOCIADOS, ID_PUESTO_EMPRESA, FECHA_AFILIACION, APORTE_MENSUAL) VALUES (120, 6, TO_DATE('2025-11-08', 'YYYY-MM-DD'), 20000);
INSERT INTO FIDE_DATOS_ASOCIADOS_TB (ID_DATOS_ASOCIADOS, ID_PUESTO_EMPRESA, FECHA_AFILIACION, APORTE_MENSUAL) VALUES (121, 14, TO_DATE('2025-11-10', 'YYYY-MM-DD'), 40000);
INSERT INTO FIDE_DATOS_ASOCIADOS_TB (ID_DATOS_ASOCIADOS, ID_PUESTO_EMPRESA, FECHA_AFILIACION, APORTE_MENSUAL) VALUES (122, 3, TO_DATE('2025-11-12', 'YYYY-MM-DD'), 45000);
INSERT INTO FIDE_DATOS_ASOCIADOS_TB (ID_DATOS_ASOCIADOS, ID_PUESTO_EMPRESA, FECHA_AFILIACION, APORTE_MENSUAL) VALUES (123, 4, TO_DATE('2025-11-15', 'YYYY-MM-DD'), 30000);
INSERT INTO FIDE_DATOS_ASOCIADOS_TB (ID_DATOS_ASOCIADOS, ID_PUESTO_EMPRESA, FECHA_AFILIACION, APORTE_MENSUAL) VALUES (124, 6, TO_DATE('2025-11-18', 'YYYY-MM-DD'), 20000);
INSERT INTO FIDE_DATOS_ASOCIADOS_TB (ID_DATOS_ASOCIADOS, ID_PUESTO_EMPRESA, FECHA_AFILIACION, APORTE_MENSUAL) VALUES (125, 3, TO_DATE('2025-11-20', 'YYYY-MM-DD'), 45000);
INSERT INTO FIDE_DATOS_ASOCIADOS_TB (ID_DATOS_ASOCIADOS, ID_PUESTO_EMPRESA, FECHA_AFILIACION, APORTE_MENSUAL) VALUES (126, 4, TO_DATE('2025-11-22', 'YYYY-MM-DD'), 30000);
INSERT INTO FIDE_DATOS_ASOCIADOS_TB (ID_DATOS_ASOCIADOS, ID_PUESTO_EMPRESA, FECHA_AFILIACION, APORTE_MENSUAL) VALUES (127, 6, TO_DATE('2025-11-25', 'YYYY-MM-DD'), 20000);
INSERT INTO FIDE_DATOS_ASOCIADOS_TB (ID_DATOS_ASOCIADOS, ID_PUESTO_EMPRESA, FECHA_AFILIACION, APORTE_MENSUAL) VALUES (128, 15, TO_DATE('2025-11-28', 'YYYY-MM-DD'), 15000);
INSERT INTO FIDE_DATOS_ASOCIADOS_TB (ID_DATOS_ASOCIADOS, ID_PUESTO_EMPRESA, FECHA_AFILIACION, APORTE_MENSUAL) VALUES (129, 3, TO_DATE('2025-12-01', 'YYYY-MM-DD'), 45000);
INSERT INTO FIDE_DATOS_ASOCIADOS_TB (ID_DATOS_ASOCIADOS, ID_PUESTO_EMPRESA, FECHA_AFILIACION, APORTE_MENSUAL) VALUES (130, 4, TO_DATE('2025-12-03', 'YYYY-MM-DD'), 30000);
INSERT INTO FIDE_DATOS_ASOCIADOS_TB (ID_DATOS_ASOCIADOS, ID_PUESTO_EMPRESA, FECHA_AFILIACION, APORTE_MENSUAL) VALUES (131, 6, TO_DATE('2025-12-05', 'YYYY-MM-DD'), 20000);
INSERT INTO FIDE_DATOS_ASOCIADOS_TB (ID_DATOS_ASOCIADOS, ID_PUESTO_EMPRESA, FECHA_AFILIACION, APORTE_MENSUAL) VALUES (132, 3, TO_DATE('2025-12-08', 'YYYY-MM-DD'), 45000);
INSERT INTO FIDE_DATOS_ASOCIADOS_TB (ID_DATOS_ASOCIADOS, ID_PUESTO_EMPRESA, FECHA_AFILIACION, APORTE_MENSUAL) VALUES (133, 4, TO_DATE('2025-12-10', 'YYYY-MM-DD'), 30000);
INSERT INTO FIDE_DATOS_ASOCIADOS_TB (ID_DATOS_ASOCIADOS, ID_PUESTO_EMPRESA, FECHA_AFILIACION, APORTE_MENSUAL) VALUES (134, 6, TO_DATE('2025-12-12', 'YYYY-MM-DD'), 20000);
INSERT INTO FIDE_DATOS_ASOCIADOS_TB (ID_DATOS_ASOCIADOS, ID_PUESTO_EMPRESA, FECHA_AFILIACION, APORTE_MENSUAL) VALUES (135, 16, TO_DATE('2025-12-15', 'YYYY-MM-DD'), 35000);
INSERT INTO FIDE_DATOS_ASOCIADOS_TB (ID_DATOS_ASOCIADOS, ID_PUESTO_EMPRESA, FECHA_AFILIACION, APORTE_MENSUAL) VALUES (136, 3, TO_DATE('2025-12-18', 'YYYY-MM-DD'), 45000);
INSERT INTO FIDE_DATOS_ASOCIADOS_TB (ID_DATOS_ASOCIADOS, ID_PUESTO_EMPRESA, FECHA_AFILIACION, APORTE_MENSUAL) VALUES (137, 4, TO_DATE('2025-12-20', 'YYYY-MM-DD'), 30000);
INSERT INTO FIDE_DATOS_ASOCIADOS_TB (ID_DATOS_ASOCIADOS, ID_PUESTO_EMPRESA, FECHA_AFILIACION, APORTE_MENSUAL) VALUES (138, 6, TO_DATE('2025-12-22', 'YYYY-MM-DD'), 20000);
INSERT INTO FIDE_DATOS_ASOCIADOS_TB (ID_DATOS_ASOCIADOS, ID_PUESTO_EMPRESA, FECHA_AFILIACION, APORTE_MENSUAL) VALUES (139, 3, TO_DATE('2025-12-25', 'YYYY-MM-DD'), 45000);
INSERT INTO FIDE_DATOS_ASOCIADOS_TB (ID_DATOS_ASOCIADOS, ID_PUESTO_EMPRESA, FECHA_AFILIACION, APORTE_MENSUAL) VALUES (140, 17, TO_DATE('2025-12-28', 'YYYY-MM-DD'), 65000);
INSERT INTO FIDE_DATOS_ASOCIADOS_TB (ID_DATOS_ASOCIADOS, ID_PUESTO_EMPRESA, FECHA_AFILIACION, APORTE_MENSUAL) VALUES (141, 3, TO_DATE('2025-01-10', 'YYYY-MM-DD'), 45000);
INSERT INTO FIDE_DATOS_ASOCIADOS_TB (ID_DATOS_ASOCIADOS, ID_PUESTO_EMPRESA, FECHA_AFILIACION, APORTE_MENSUAL) VALUES (142, 4, TO_DATE('2025-02-10', 'YYYY-MM-DD'), 30000);
INSERT INTO FIDE_DATOS_ASOCIADOS_TB (ID_DATOS_ASOCIADOS, ID_PUESTO_EMPRESA, FECHA_AFILIACION, APORTE_MENSUAL) VALUES (143, 6, TO_DATE('2025-03-10', 'YYYY-MM-DD'), 20000);
INSERT INTO FIDE_DATOS_ASOCIADOS_TB (ID_DATOS_ASOCIADOS, ID_PUESTO_EMPRESA, FECHA_AFILIACION, APORTE_MENSUAL) VALUES (144, 3, TO_DATE('2025-04-10', 'YYYY-MM-DD'), 45000);
INSERT INTO FIDE_DATOS_ASOCIADOS_TB (ID_DATOS_ASOCIADOS, ID_PUESTO_EMPRESA, FECHA_AFILIACION, APORTE_MENSUAL) VALUES (145, 4, TO_DATE('2025-05-10', 'YYYY-MM-DD'), 30000);
INSERT INTO FIDE_DATOS_ASOCIADOS_TB (ID_DATOS_ASOCIADOS, ID_PUESTO_EMPRESA, FECHA_AFILIACION, APORTE_MENSUAL) VALUES (146, 6, TO_DATE('2025-06-10', 'YYYY-MM-DD'), 20000);
INSERT INTO FIDE_DATOS_ASOCIADOS_TB (ID_DATOS_ASOCIADOS, ID_PUESTO_EMPRESA, FECHA_AFILIACION, APORTE_MENSUAL) VALUES (147, 3, TO_DATE('2025-07-10', 'YYYY-MM-DD'), 45000);
INSERT INTO FIDE_DATOS_ASOCIADOS_TB (ID_DATOS_ASOCIADOS, ID_PUESTO_EMPRESA, FECHA_AFILIACION, APORTE_MENSUAL) VALUES (148, 4, TO_DATE('2025-08-10', 'YYYY-MM-DD'), 30000);
INSERT INTO FIDE_DATOS_ASOCIADOS_TB (ID_DATOS_ASOCIADOS, ID_PUESTO_EMPRESA, FECHA_AFILIACION, APORTE_MENSUAL) VALUES (149, 6, TO_DATE('2025-09-10', 'YYYY-MM-DD'), 20000);
INSERT INTO FIDE_DATOS_ASOCIADOS_TB (ID_DATOS_ASOCIADOS, ID_PUESTO_EMPRESA, FECHA_AFILIACION, APORTE_MENSUAL) VALUES (150, 3, TO_DATE('2025-10-10', 'YYYY-MM-DD'), 45000);
INSERT INTO FIDE_DATOS_ASOCIADOS_TB (ID_DATOS_ASOCIADOS, ID_PUESTO_EMPRESA, FECHA_AFILIACION, APORTE_MENSUAL) VALUES (151, 4, TO_DATE('2025-11-10', 'YYYY-MM-DD'), 30000);
INSERT INTO FIDE_DATOS_ASOCIADOS_TB (ID_DATOS_ASOCIADOS, ID_PUESTO_EMPRESA, FECHA_AFILIACION, APORTE_MENSUAL) VALUES (152, 6, TO_DATE('2025-12-10', 'YYYY-MM-DD'), 20000);
INSERT INTO FIDE_DATOS_ASOCIADOS_TB (ID_DATOS_ASOCIADOS, ID_PUESTO_EMPRESA, FECHA_AFILIACION, APORTE_MENSUAL) VALUES (153, 3, TO_DATE('2025-01-15', 'YYYY-MM-DD'), 45000);
INSERT INTO FIDE_DATOS_ASOCIADOS_TB (ID_DATOS_ASOCIADOS, ID_PUESTO_EMPRESA, FECHA_AFILIACION, APORTE_MENSUAL) VALUES (154, 4, TO_DATE('2025-02-15', 'YYYY-MM-DD'), 30000);
INSERT INTO FIDE_DATOS_ASOCIADOS_TB (ID_DATOS_ASOCIADOS, ID_PUESTO_EMPRESA, FECHA_AFILIACION, APORTE_MENSUAL) VALUES (155, 6, TO_DATE('2025-03-15', 'YYYY-MM-DD'), 20000);
INSERT INTO FIDE_DATOS_ASOCIADOS_TB (ID_DATOS_ASOCIADOS, ID_PUESTO_EMPRESA, FECHA_AFILIACION, APORTE_MENSUAL) VALUES (156, 3, TO_DATE('2025-04-15', 'YYYY-MM-DD'), 45000);
INSERT INTO FIDE_DATOS_ASOCIADOS_TB (ID_DATOS_ASOCIADOS, ID_PUESTO_EMPRESA, FECHA_AFILIACION, APORTE_MENSUAL) VALUES (157, 4, TO_DATE('2025-05-15', 'YYYY-MM-DD'), 30000);
INSERT INTO FIDE_DATOS_ASOCIADOS_TB (ID_DATOS_ASOCIADOS, ID_PUESTO_EMPRESA, FECHA_AFILIACION, APORTE_MENSUAL) VALUES (158, 6, TO_DATE('2025-06-15', 'YYYY-MM-DD'), 20000);
INSERT INTO FIDE_DATOS_ASOCIADOS_TB (ID_DATOS_ASOCIADOS, ID_PUESTO_EMPRESA, FECHA_AFILIACION, APORTE_MENSUAL) VALUES (159, 3, TO_DATE('2025-07-15', 'YYYY-MM-DD'), 45000);
INSERT INTO FIDE_DATOS_ASOCIADOS_TB (ID_DATOS_ASOCIADOS, ID_PUESTO_EMPRESA, FECHA_AFILIACION, APORTE_MENSUAL) VALUES (160, 4, TO_DATE('2025-08-15', 'YYYY-MM-DD'), 30000);
INSERT INTO FIDE_DATOS_ASOCIADOS_TB (ID_DATOS_ASOCIADOS, ID_PUESTO_EMPRESA, FECHA_AFILIACION, APORTE_MENSUAL) VALUES (161, 6, TO_DATE('2025-09-15', 'YYYY-MM-DD'), 20000);
INSERT INTO FIDE_DATOS_ASOCIADOS_TB (ID_DATOS_ASOCIADOS, ID_PUESTO_EMPRESA, FECHA_AFILIACION, APORTE_MENSUAL) VALUES (162, 3, TO_DATE('2025-10-15', 'YYYY-MM-DD'), 45000);
INSERT INTO FIDE_DATOS_ASOCIADOS_TB (ID_DATOS_ASOCIADOS, ID_PUESTO_EMPRESA, FECHA_AFILIACION, APORTE_MENSUAL) VALUES (163, 4, TO_DATE('2025-11-15', 'YYYY-MM-DD'), 30000);
INSERT INTO FIDE_DATOS_ASOCIADOS_TB (ID_DATOS_ASOCIADOS, ID_PUESTO_EMPRESA, FECHA_AFILIACION, APORTE_MENSUAL) VALUES (164, 6, TO_DATE('2025-12-15', 'YYYY-MM-DD'), 20000);
INSERT INTO FIDE_DATOS_ASOCIADOS_TB (ID_DATOS_ASOCIADOS, ID_PUESTO_EMPRESA, FECHA_AFILIACION, APORTE_MENSUAL) VALUES (165, 3, TO_DATE('2025-01-20', 'YYYY-MM-DD'), 45000);
INSERT INTO FIDE_DATOS_ASOCIADOS_TB (ID_DATOS_ASOCIADOS, ID_PUESTO_EMPRESA, FECHA_AFILIACION, APORTE_MENSUAL) VALUES (166, 4, TO_DATE('2025-02-20', 'YYYY-MM-DD'), 30000);
INSERT INTO FIDE_DATOS_ASOCIADOS_TB (ID_DATOS_ASOCIADOS, ID_PUESTO_EMPRESA, FECHA_AFILIACION, APORTE_MENSUAL) VALUES (167, 6, TO_DATE('2025-03-20', 'YYYY-MM-DD'), 20000);
INSERT INTO FIDE_DATOS_ASOCIADOS_TB (ID_DATOS_ASOCIADOS, ID_PUESTO_EMPRESA, FECHA_AFILIACION, APORTE_MENSUAL) VALUES (168, 3, TO_DATE('2025-04-20', 'YYYY-MM-DD'), 45000);
INSERT INTO FIDE_DATOS_ASOCIADOS_TB (ID_DATOS_ASOCIADOS, ID_PUESTO_EMPRESA, FECHA_AFILIACION, APORTE_MENSUAL) VALUES (169, 4, TO_DATE('2025-05-20', 'YYYY-MM-DD'), 30000);
INSERT INTO FIDE_DATOS_ASOCIADOS_TB (ID_DATOS_ASOCIADOS, ID_PUESTO_EMPRESA, FECHA_AFILIACION, APORTE_MENSUAL) VALUES (170, 6, TO_DATE('2025-06-20', 'YYYY-MM-DD'), 20000);
INSERT INTO FIDE_DATOS_ASOCIADOS_TB (ID_DATOS_ASOCIADOS, ID_PUESTO_EMPRESA, FECHA_AFILIACION, APORTE_MENSUAL) VALUES (171, 3, TO_DATE('2025-07-20', 'YYYY-MM-DD'), 45000);
INSERT INTO FIDE_DATOS_ASOCIADOS_TB (ID_DATOS_ASOCIADOS, ID_PUESTO_EMPRESA, FECHA_AFILIACION, APORTE_MENSUAL) VALUES (172, 4, TO_DATE('2025-08-20', 'YYYY-MM-DD'), 30000);
INSERT INTO FIDE_DATOS_ASOCIADOS_TB (ID_DATOS_ASOCIADOS, ID_PUESTO_EMPRESA, FECHA_AFILIACION, APORTE_MENSUAL) VALUES (173, 6, TO_DATE('2025-09-20', 'YYYY-MM-DD'), 20000);
INSERT INTO FIDE_DATOS_ASOCIADOS_TB (ID_DATOS_ASOCIADOS, ID_PUESTO_EMPRESA, FECHA_AFILIACION, APORTE_MENSUAL) VALUES (174, 3, TO_DATE('2025-10-20', 'YYYY-MM-DD'), 45000);
INSERT INTO FIDE_DATOS_ASOCIADOS_TB (ID_DATOS_ASOCIADOS, ID_PUESTO_EMPRESA, FECHA_AFILIACION, APORTE_MENSUAL) VALUES (175, 4, TO_DATE('2025-11-20', 'YYYY-MM-DD'), 30000);
INSERT INTO FIDE_DATOS_ASOCIADOS_TB (ID_DATOS_ASOCIADOS, ID_PUESTO_EMPRESA, FECHA_AFILIACION, APORTE_MENSUAL) VALUES (176, 6, TO_DATE('2025-12-20', 'YYYY-MM-DD'), 20000);
INSERT INTO FIDE_DATOS_ASOCIADOS_TB (ID_DATOS_ASOCIADOS, ID_PUESTO_EMPRESA, FECHA_AFILIACION, APORTE_MENSUAL) VALUES (177, 3, TO_DATE('2025-01-25', 'YYYY-MM-DD'), 45000);
INSERT INTO FIDE_DATOS_ASOCIADOS_TB (ID_DATOS_ASOCIADOS, ID_PUESTO_EMPRESA, FECHA_AFILIACION, APORTE_MENSUAL) VALUES (178, 4, TO_DATE('2025-02-25', 'YYYY-MM-DD'), 30000);
INSERT INTO FIDE_DATOS_ASOCIADOS_TB (ID_DATOS_ASOCIADOS, ID_PUESTO_EMPRESA, FECHA_AFILIACION, APORTE_MENSUAL) VALUES (179, 6, TO_DATE('2025-03-25', 'YYYY-MM-DD'), 20000);
INSERT INTO FIDE_DATOS_ASOCIADOS_TB (ID_DATOS_ASOCIADOS, ID_PUESTO_EMPRESA, FECHA_AFILIACION, APORTE_MENSUAL) VALUES (180, 3, TO_DATE('2025-04-25', 'YYYY-MM-DD'), 45000);
INSERT INTO FIDE_DATOS_ASOCIADOS_TB (ID_DATOS_ASOCIADOS, ID_PUESTO_EMPRESA, FECHA_AFILIACION, APORTE_MENSUAL) VALUES (181, 4, TO_DATE('2025-05-25', 'YYYY-MM-DD'), 30000);
INSERT INTO FIDE_DATOS_ASOCIADOS_TB (ID_DATOS_ASOCIADOS, ID_PUESTO_EMPRESA, FECHA_AFILIACION, APORTE_MENSUAL) VALUES (182, 6, TO_DATE('2025-06-25', 'YYYY-MM-DD'), 20000);
INSERT INTO FIDE_DATOS_ASOCIADOS_TB (ID_DATOS_ASOCIADOS, ID_PUESTO_EMPRESA, FECHA_AFILIACION, APORTE_MENSUAL) VALUES (183, 3, TO_DATE('2025-07-25', 'YYYY-MM-DD'), 45000);
INSERT INTO FIDE_DATOS_ASOCIADOS_TB (ID_DATOS_ASOCIADOS, ID_PUESTO_EMPRESA, FECHA_AFILIACION, APORTE_MENSUAL) VALUES (184, 4, TO_DATE('2025-08-25', 'YYYY-MM-DD'), 30000);
INSERT INTO FIDE_DATOS_ASOCIADOS_TB (ID_DATOS_ASOCIADOS, ID_PUESTO_EMPRESA, FECHA_AFILIACION, APORTE_MENSUAL) VALUES (185, 6, TO_DATE('2025-09-25', 'YYYY-MM-DD'), 20000);
INSERT INTO FIDE_DATOS_ASOCIADOS_TB (ID_DATOS_ASOCIADOS, ID_PUESTO_EMPRESA, FECHA_AFILIACION, APORTE_MENSUAL) VALUES (186, 3, TO_DATE('2025-10-25', 'YYYY-MM-DD'), 45000);
INSERT INTO FIDE_DATOS_ASOCIADOS_TB (ID_DATOS_ASOCIADOS, ID_PUESTO_EMPRESA, FECHA_AFILIACION, APORTE_MENSUAL) VALUES (187, 4, TO_DATE('2025-11-25', 'YYYY-MM-DD'), 30000);
INSERT INTO FIDE_DATOS_ASOCIADOS_TB (ID_DATOS_ASOCIADOS, ID_PUESTO_EMPRESA, FECHA_AFILIACION, APORTE_MENSUAL) VALUES (188, 6, TO_DATE('2025-12-25', 'YYYY-MM-DD'), 20000);
INSERT INTO FIDE_DATOS_ASOCIADOS_TB (ID_DATOS_ASOCIADOS, ID_PUESTO_EMPRESA, FECHA_AFILIACION, APORTE_MENSUAL) VALUES (189, 3, TO_DATE('2025-01-30', 'YYYY-MM-DD'), 45000);
INSERT INTO FIDE_DATOS_ASOCIADOS_TB (ID_DATOS_ASOCIADOS, ID_PUESTO_EMPRESA, FECHA_AFILIACION, APORTE_MENSUAL) VALUES (190, 4, TO_DATE('2025-02-28', 'YYYY-MM-DD'), 30000);
INSERT INTO FIDE_DATOS_ASOCIADOS_TB (ID_DATOS_ASOCIADOS, ID_PUESTO_EMPRESA, FECHA_AFILIACION, APORTE_MENSUAL) VALUES (191, 6, TO_DATE('2025-03-30', 'YYYY-MM-DD'), 20000);
INSERT INTO FIDE_DATOS_ASOCIADOS_TB (ID_DATOS_ASOCIADOS, ID_PUESTO_EMPRESA, FECHA_AFILIACION, APORTE_MENSUAL) VALUES (192, 3, TO_DATE('2025-04-30', 'YYYY-MM-DD'), 45000);
INSERT INTO FIDE_DATOS_ASOCIADOS_TB (ID_DATOS_ASOCIADOS, ID_PUESTO_EMPRESA, FECHA_AFILIACION, APORTE_MENSUAL) VALUES (193, 4, TO_DATE('2025-05-30', 'YYYY-MM-DD'), 30000);
INSERT INTO FIDE_DATOS_ASOCIADOS_TB (ID_DATOS_ASOCIADOS, ID_PUESTO_EMPRESA, FECHA_AFILIACION, APORTE_MENSUAL) VALUES (194, 6, TO_DATE('2025-06-30', 'YYYY-MM-DD'), 20000);
INSERT INTO FIDE_DATOS_ASOCIADOS_TB (ID_DATOS_ASOCIADOS, ID_PUESTO_EMPRESA, FECHA_AFILIACION, APORTE_MENSUAL) VALUES (195, 3, TO_DATE('2025-07-30', 'YYYY-MM-DD'), 45000);
INSERT INTO FIDE_DATOS_ASOCIADOS_TB (ID_DATOS_ASOCIADOS, ID_PUESTO_EMPRESA, FECHA_AFILIACION, APORTE_MENSUAL) VALUES (196, 4, TO_DATE('2025-08-30', 'YYYY-MM-DD'), 30000);
INSERT INTO FIDE_DATOS_ASOCIADOS_TB (ID_DATOS_ASOCIADOS, ID_PUESTO_EMPRESA, FECHA_AFILIACION, APORTE_MENSUAL) VALUES (197, 6, TO_DATE('2025-09-30', 'YYYY-MM-DD'), 20000);
INSERT INTO FIDE_DATOS_ASOCIADOS_TB (ID_DATOS_ASOCIADOS, ID_PUESTO_EMPRESA, FECHA_AFILIACION, APORTE_MENSUAL) VALUES (198, 3, TO_DATE('2025-10-30', 'YYYY-MM-DD'), 45000);
INSERT INTO FIDE_DATOS_ASOCIADOS_TB (ID_DATOS_ASOCIADOS, ID_PUESTO_EMPRESA, FECHA_AFILIACION, APORTE_MENSUAL) VALUES (199, 4, TO_DATE('2025-11-30', 'YYYY-MM-DD'), 30000);
INSERT INTO FIDE_DATOS_ASOCIADOS_TB (ID_DATOS_ASOCIADOS, ID_PUESTO_EMPRESA, FECHA_AFILIACION, APORTE_MENSUAL) VALUES (200, 20, TO_DATE('2025-12-30', 'YYYY-MM-DD'), 12000);
SELECT * FROM FIDE_DATOS_ASOCIADOS_TB;

-- Inserts Tabla FIDE_USUARIO_TB
INSERT INTO FIDE_USUARIO_TB (ID_USUARIO, NOMBRE, APELLIDO_PATERNO, APELLIDO_MATERNO, ID_NUMERO, ID_DATOS_ASOCIADOS, ID_ROL, ID_ESTADO, ID_DIRECCION, NOMBRE_USUARIO, CONTRASENIA, ID_CORREO) VALUES (1, 'Juan', 'Rodriguez', 'Perez', 1, 1, 1, 1, 1, 'juan.rodriguez', 'Asefide2026*', 1);
INSERT INTO FIDE_USUARIO_TB (ID_USUARIO, NOMBRE, APELLIDO_PATERNO, APELLIDO_MATERNO, ID_NUMERO, ID_DATOS_ASOCIADOS, ID_ROL, ID_ESTADO, ID_DIRECCION, NOMBRE_USUARIO, CONTRASENIA, ID_CORREO) VALUES (2, 'Maria', 'Mora', 'Castro', 2, 2, 1, 1, 2, 'maria.mora', 'Asefide2026*', 2);
INSERT INTO FIDE_USUARIO_TB (ID_USUARIO, NOMBRE, APELLIDO_PATERNO, APELLIDO_MATERNO, ID_NUMERO, ID_DATOS_ASOCIADOS, ID_ROL, ID_ESTADO, ID_DIRECCION, NOMBRE_USUARIO, CONTRASENIA, ID_CORREO) VALUES (3, 'Carlos', 'Jimenez', 'Soto', 3, 3, 3, 1, 3, 'carlos.jimenez', 'Asefide2026*', 3);
INSERT INTO FIDE_USUARIO_TB (ID_USUARIO, NOMBRE, APELLIDO_PATERNO, APELLIDO_MATERNO, ID_NUMERO, ID_DATOS_ASOCIADOS, ID_ROL, ID_ESTADO, ID_DIRECCION, NOMBRE_USUARIO, CONTRASENIA, ID_CORREO) VALUES (4, 'Ana', 'Gonzalez', 'Vega', 4, 4, 3, 1, 4, 'ana.gonzalez', 'Asefide2026*', 4);
INSERT INTO FIDE_USUARIO_TB (ID_USUARIO, NOMBRE, APELLIDO_PATERNO, APELLIDO_MATERNO, ID_NUMERO, ID_DATOS_ASOCIADOS, ID_ROL, ID_ESTADO, ID_DIRECCION, NOMBRE_USUARIO, CONTRASENIA, ID_CORREO) VALUES (5, 'Luis', 'Sanchez', 'Rojas', 5, 5, 4, 1, 5, 'luis.sanchez', 'Asefide2026*', 5);
INSERT INTO FIDE_USUARIO_TB (ID_USUARIO, NOMBRE, APELLIDO_PATERNO, APELLIDO_MATERNO, ID_NUMERO, ID_DATOS_ASOCIADOS, ID_ROL, ID_ESTADO, ID_DIRECCION, NOMBRE_USUARIO, CONTRASENIA, ID_CORREO) VALUES (6, 'Elena', 'Rivera', 'Brenes', 6, 6, 5, 1, 6, 'elena.rivera', 'Asefide2026*', 6);
INSERT INTO FIDE_USUARIO_TB (ID_USUARIO, NOMBRE, APELLIDO_PATERNO, APELLIDO_MATERNO, ID_NUMERO, ID_DATOS_ASOCIADOS, ID_ROL, ID_ESTADO, ID_DIRECCION, NOMBRE_USUARIO, CONTRASENIA, ID_CORREO) VALUES (7, 'Diego', 'Castro', 'Vargas', 7, 7, 6, 1, 7, 'diego.castro', 'Asefide2026*', 7);
INSERT INTO FIDE_USUARIO_TB (ID_USUARIO, NOMBRE, APELLIDO_PATERNO, APELLIDO_MATERNO, ID_NUMERO, ID_DATOS_ASOCIADOS, ID_ROL, ID_ESTADO, ID_DIRECCION, NOMBRE_USUARIO, CONTRASENIA, ID_CORREO) VALUES (8, 'Sofia', 'Vargas', 'Ruiz', 8, 8, 6, 1, 8, 'sofia.vargas', 'Asefide2026*', 8);
INSERT INTO FIDE_USUARIO_TB (ID_USUARIO, NOMBRE, APELLIDO_PATERNO, APELLIDO_MATERNO, ID_NUMERO, ID_DATOS_ASOCIADOS, ID_ROL, ID_ESTADO, ID_DIRECCION, NOMBRE_USUARIO, CONTRASENIA, ID_CORREO) VALUES (9, 'Jose', 'Salazar', 'Mora', 9, 9, 6, 1, 9, 'jose.salazar', 'Asefide2026*', 9);
INSERT INTO FIDE_USUARIO_TB (ID_USUARIO, NOMBRE, APELLIDO_PATERNO, APELLIDO_MATERNO, ID_NUMERO, ID_DATOS_ASOCIADOS, ID_ROL, ID_ESTADO, ID_DIRECCION, NOMBRE_USUARIO, CONTRASENIA, ID_CORREO) VALUES (10, 'Lucia', 'Rojas', 'Cruz', 10, 10, 6, 1, 10, 'lucia.rojas', 'Asefide2026*', 10);
INSERT INTO FIDE_USUARIO_TB (ID_USUARIO, NOMBRE, APELLIDO_PATERNO, APELLIDO_MATERNO, ID_NUMERO, ID_DATOS_ASOCIADOS, ID_ROL, ID_ESTADO, ID_DIRECCION, NOMBRE_USUARIO, CONTRASENIA, ID_CORREO) VALUES (11, 'Jorge', 'Soto', 'Mendez', 11, 11, 2, 1, 11, 'jorge.soto', 'Asefide2026*', 11);
INSERT INTO FIDE_USUARIO_TB (ID_USUARIO, NOMBRE, APELLIDO_PATERNO, APELLIDO_MATERNO, ID_NUMERO, ID_DATOS_ASOCIADOS, ID_ROL, ID_ESTADO, ID_DIRECCION, NOMBRE_USUARIO, CONTRASENIA, ID_CORREO) VALUES (12, 'Valentina', 'Castillo', 'Silva', 12, 12, 2, 1, 12, 'valentina.castillo', 'Asefide2026*', 12);
INSERT INTO FIDE_USUARIO_TB (ID_USUARIO, NOMBRE, APELLIDO_PATERNO, APELLIDO_MATERNO, ID_NUMERO, ID_DATOS_ASOCIADOS, ID_ROL, ID_ESTADO, ID_DIRECCION, NOMBRE_USUARIO, CONTRASENIA, ID_CORREO) VALUES (13, 'Gabriel', 'Guzman', 'Flores', 13, 13, 2, 1, 13, 'gabriel.guzman', 'Asefide2026*', 13);
INSERT INTO FIDE_USUARIO_TB (ID_USUARIO, NOMBRE, APELLIDO_PATERNO, APELLIDO_MATERNO, ID_NUMERO, ID_DATOS_ASOCIADOS, ID_ROL, ID_ESTADO, ID_DIRECCION, NOMBRE_USUARIO, CONTRASENIA, ID_CORREO) VALUES (14, 'Isabella', 'Morales', 'Diaz', 14, 14, 2, 1, 14, 'isabella.morales', 'Asefide2026*', 14);
INSERT INTO FIDE_USUARIO_TB (ID_USUARIO, NOMBRE, APELLIDO_PATERNO, APELLIDO_MATERNO, ID_NUMERO, ID_DATOS_ASOCIADOS, ID_ROL, ID_ESTADO, ID_DIRECCION, NOMBRE_USUARIO, CONTRASENIA, ID_CORREO) VALUES (15, 'Andres', 'Chaves', 'Herrera', 15, 15, 2, 1, 15, 'andres.chaves', 'Asefide2026*', 15);
INSERT INTO FIDE_USUARIO_TB (ID_USUARIO, NOMBRE, APELLIDO_PATERNO, APELLIDO_MATERNO, ID_NUMERO, ID_DATOS_ASOCIADOS, ID_ROL, ID_ESTADO, ID_DIRECCION, NOMBRE_USUARIO, CONTRASENIA, ID_CORREO) VALUES (16, 'Victoria', 'Alpizar', 'Navarro', 16, 16, 2, 1, 16, 'victoria.alpizar', 'Asefide2026*', 16);
INSERT INTO FIDE_USUARIO_TB (ID_USUARIO, NOMBRE, APELLIDO_PATERNO, APELLIDO_MATERNO, ID_NUMERO, ID_DATOS_ASOCIADOS, ID_ROL, ID_ESTADO, ID_DIRECCION, NOMBRE_USUARIO, CONTRASENIA, ID_CORREO) VALUES (17, 'Sebastian', 'Cordero', 'Ortiz', 17, 17, 2, 1, 17, 'sebastian.cordero', 'Asefide2026*', 17);
INSERT INTO FIDE_USUARIO_TB (ID_USUARIO, NOMBRE, APELLIDO_PATERNO, APELLIDO_MATERNO, ID_NUMERO, ID_DATOS_ASOCIADOS, ID_ROL, ID_ESTADO, ID_DIRECCION, NOMBRE_USUARIO, CONTRASENIA, ID_CORREO) VALUES (18, 'Camila', 'Brenes', 'Campos', 18, 18, 2, 1, 18, 'camila.brenes', 'Asefide2026*', 18);
INSERT INTO FIDE_USUARIO_TB (ID_USUARIO, NOMBRE, APELLIDO_PATERNO, APELLIDO_MATERNO, ID_NUMERO, ID_DATOS_ASOCIADOS, ID_ROL, ID_ESTADO, ID_DIRECCION, NOMBRE_USUARIO, CONTRASENIA, ID_CORREO) VALUES (19, 'Mateo', 'Solano', 'Aguilar', 19, 19, 2, 1, 19, 'mateo.solano', 'Asefide2026*', 19);
INSERT INTO FIDE_USUARIO_TB (ID_USUARIO, NOMBRE, APELLIDO_PATERNO, APELLIDO_MATERNO, ID_NUMERO, ID_DATOS_ASOCIADOS, ID_ROL, ID_ESTADO, ID_DIRECCION, NOMBRE_USUARIO, CONTRASENIA, ID_CORREO) VALUES (20, 'Valeria', 'Umana', 'Blanco', 20, 20, 2, 1, 20, 'valeria.umana', 'Asefide2026*', 20);
INSERT INTO FIDE_USUARIO_TB (ID_USUARIO, NOMBRE, APELLIDO_PATERNO, APELLIDO_MATERNO, ID_NUMERO, ID_DATOS_ASOCIADOS, ID_ROL, ID_ESTADO, ID_DIRECCION, NOMBRE_USUARIO, CONTRASENIA, ID_CORREO) VALUES (21, 'Felipe', 'Monge', 'Arias', 21, 21, 2, 1, 21, 'felipe.monge', 'Asefide2026*', 21);
INSERT INTO FIDE_USUARIO_TB (ID_USUARIO, NOMBRE, APELLIDO_PATERNO, APELLIDO_MATERNO, ID_NUMERO, ID_DATOS_ASOCIADOS, ID_ROL, ID_ESTADO, ID_DIRECCION, NOMBRE_USUARIO, CONTRASENIA, ID_CORREO) VALUES (22, 'Mariana', 'Quiros', 'Pineda', 22, 22, 2, 1, 22, 'mariana.quiros', 'Asefide2026*', 22);
INSERT INTO FIDE_USUARIO_TB (ID_USUARIO, NOMBRE, APELLIDO_PATERNO, APELLIDO_MATERNO, ID_NUMERO, ID_DATOS_ASOCIADOS, ID_ROL, ID_ESTADO, ID_DIRECCION, NOMBRE_USUARIO, CONTRASENIA, ID_CORREO) VALUES (23, 'Ricardo', 'Cascante', 'Delgado', 23, 23, 2, 1, 23, 'ricardo.cascante', 'Asefide2026*', 23);
INSERT INTO FIDE_USUARIO_TB (ID_USUARIO, NOMBRE, APELLIDO_PATERNO, APELLIDO_MATERNO, ID_NUMERO, ID_DATOS_ASOCIADOS, ID_ROL, ID_ESTADO, ID_DIRECCION, NOMBRE_USUARIO, CONTRASENIA, ID_CORREO) VALUES (24, 'Daniela', 'Barrantes', 'Molina', 24, 24, 2, 1, 24, 'daniela.barrantes', 'Asefide2026*', 24);
INSERT INTO FIDE_USUARIO_TB (ID_USUARIO, NOMBRE, APELLIDO_PATERNO, APELLIDO_MATERNO, ID_NUMERO, ID_DATOS_ASOCIADOS, ID_ROL, ID_ESTADO, ID_DIRECCION, NOMBRE_USUARIO, CONTRASENIA, ID_CORREO) VALUES (25, 'Alejandro', 'Araya', 'Cerdas', 25, 25, 2, 1, 25, 'alejandro.araya', 'Asefide2026*', 25);
INSERT INTO FIDE_USUARIO_TB (ID_USUARIO, NOMBRE, APELLIDO_PATERNO, APELLIDO_MATERNO, ID_NUMERO, ID_DATOS_ASOCIADOS, ID_ROL, ID_ESTADO, ID_DIRECCION, NOMBRE_USUARIO, CONTRASENIA, ID_CORREO) VALUES (26, 'Paula', 'Vargas', 'Sandi', 26, 26, 2, 1, 26, 'paula.vargas', 'Asefide2026*', 26);
INSERT INTO FIDE_USUARIO_TB (ID_USUARIO, NOMBRE, APELLIDO_PATERNO, APELLIDO_MATERNO, ID_NUMERO, ID_DATOS_ASOCIADOS, ID_ROL, ID_ESTADO, ID_DIRECCION, NOMBRE_USUARIO, CONTRASENIA, ID_CORREO) VALUES (27, 'Javier', 'Madrigal', 'Lobo', 27, 27, 2, 1, 27, 'javier.madrigal', 'Asefide2026*', 27);
INSERT INTO FIDE_USUARIO_TB (ID_USUARIO, NOMBRE, APELLIDO_PATERNO, APELLIDO_MATERNO, ID_NUMERO, ID_DATOS_ASOCIADOS, ID_ROL, ID_ESTADO, ID_DIRECCION, NOMBRE_USUARIO, CONTRASENIA, ID_CORREO) VALUES (28, 'Adriana', 'Vega', 'Orozco', 28, 28, 2, 1, 28, 'adriana.vega', 'Asefide2026*', 28);
INSERT INTO FIDE_USUARIO_TB (ID_USUARIO, NOMBRE, APELLIDO_PATERNO, APELLIDO_MATERNO, ID_NUMERO, ID_DATOS_ASOCIADOS, ID_ROL, ID_ESTADO, ID_DIRECCION, NOMBRE_USUARIO, CONTRASENIA, ID_CORREO) VALUES (29, 'Manuel', 'Campos', 'Arce', 29, 29, 2, 1, 29, 'manuel.campos', 'Asefide2026*', 29);
INSERT INTO FIDE_USUARIO_TB (ID_USUARIO, NOMBRE, APELLIDO_PATERNO, APELLIDO_MATERNO, ID_NUMERO, ID_DATOS_ASOCIADOS, ID_ROL, ID_ESTADO, ID_DIRECCION, NOMBRE_USUARIO, CONTRASENIA, ID_CORREO) VALUES (30, 'Catalina', 'Blanco', 'Moya', 30, 30, 2, 1, 30, 'catalina.blanco', 'Asefide2026*', 30);
INSERT INTO FIDE_USUARIO_TB (ID_USUARIO, NOMBRE, APELLIDO_PATERNO, APELLIDO_MATERNO, ID_NUMERO, ID_DATOS_ASOCIADOS, ID_ROL, ID_ESTADO, ID_DIRECCION, NOMBRE_USUARIO, CONTRASENIA, ID_CORREO) VALUES (31, 'Esteban', 'Calderon', 'Zeledon', 31, 31, 2, 1, 31, 'esteban.calderon', 'Asefide2026*', 31);
INSERT INTO FIDE_USUARIO_TB (ID_USUARIO, NOMBRE, APELLIDO_PATERNO, APELLIDO_MATERNO, ID_NUMERO, ID_DATOS_ASOCIADOS, ID_ROL, ID_ESTADO, ID_DIRECCION, NOMBRE_USUARIO, CONTRASENIA, ID_CORREO) VALUES (32, 'Natalia', 'Mesen', 'Fallas', 32, 32, 2, 1, 32, 'natalia.mesen', 'Asefide2026*', 32);
INSERT INTO FIDE_USUARIO_TB (ID_USUARIO, NOMBRE, APELLIDO_PATERNO, APELLIDO_MATERNO, ID_NUMERO, ID_DATOS_ASOCIADOS, ID_ROL, ID_ESTADO, ID_DIRECCION, NOMBRE_USUARIO, CONTRASENIA, ID_CORREO) VALUES (33, 'Adrian', 'Elizondo', 'Mora', 33, 33, 2, 1, 33, 'adrian.elizondo', 'Asefide2026*', 33);
INSERT INTO FIDE_USUARIO_TB (ID_USUARIO, NOMBRE, APELLIDO_PATERNO, APELLIDO_MATERNO, ID_NUMERO, ID_DATOS_ASOCIADOS, ID_ROL, ID_ESTADO, ID_DIRECCION, NOMBRE_USUARIO, CONTRASENIA, ID_CORREO) VALUES (34, 'Gabriela', 'Villalobos', 'Pena', 34, 34, 2, 1, 34, 'gabriela.villalobos', 'Asefide2026*', 34);
INSERT INTO FIDE_USUARIO_TB (ID_USUARIO, NOMBRE, APELLIDO_PATERNO, APELLIDO_MATERNO, ID_NUMERO, ID_DATOS_ASOCIADOS, ID_ROL, ID_ESTADO, ID_DIRECCION, NOMBRE_USUARIO, CONTRASENIA, ID_CORREO) VALUES (35, 'David', 'Murillo', 'Salas', 35, 35, 2, 1, 35, 'david.murillo', 'Asefide2026*', 35);
INSERT INTO FIDE_USUARIO_TB (ID_USUARIO, NOMBRE, APELLIDO_PATERNO, APELLIDO_MATERNO, ID_NUMERO, ID_DATOS_ASOCIADOS, ID_ROL, ID_ESTADO, ID_DIRECCION, NOMBRE_USUARIO, CONTRASENIA, ID_CORREO) VALUES (36, 'Monica', 'Pereira', 'Gomez', 36, 36, 2, 1, 36, 'monica.pereira', 'Asefide2026*', 36);
INSERT INTO FIDE_USUARIO_TB (ID_USUARIO, NOMBRE, APELLIDO_PATERNO, APELLIDO_MATERNO, ID_NUMERO, ID_DATOS_ASOCIADOS, ID_ROL, ID_ESTADO, ID_DIRECCION, NOMBRE_USUARIO, CONTRASENIA, ID_CORREO) VALUES (37, 'Pablo', 'Valverde', 'Suarez', 37, 37, 2, 1, 37, 'pablo.valverde', 'Asefide2026*', 37);
INSERT INTO FIDE_USUARIO_TB (ID_USUARIO, NOMBRE, APELLIDO_PATERNO, APELLIDO_MATERNO, ID_NUMERO, ID_DATOS_ASOCIADOS, ID_ROL, ID_ESTADO, ID_DIRECCION, NOMBRE_USUARIO, CONTRASENIA, ID_CORREO) VALUES (38, 'Silvia', 'Aguilar', 'Ramirez', 38, 38, 2, 1, 38, 'silvia.aguilar', 'Asefide2026*', 38);
INSERT INTO FIDE_USUARIO_TB (ID_USUARIO, NOMBRE, APELLIDO_PATERNO, APELLIDO_MATERNO, ID_NUMERO, ID_DATOS_ASOCIADOS, ID_ROL, ID_ESTADO, ID_DIRECCION, NOMBRE_USUARIO, CONTRASENIA, ID_CORREO) VALUES (39, 'Oscar', 'Leiva', 'Guzman', 39, 39, 2, 1, 39, 'oscar.leiva', 'Asefide2026*', 39);
INSERT INTO FIDE_USUARIO_TB (ID_USUARIO, NOMBRE, APELLIDO_PATERNO, APELLIDO_MATERNO, ID_NUMERO, ID_DATOS_ASOCIADOS, ID_ROL, ID_ESTADO, ID_DIRECCION, NOMBRE_USUARIO, CONTRASENIA, ID_CORREO) VALUES (40, 'Karla', 'Ucles', 'Alvarez', 40, 40, 2, 1, 40, 'karla.ucles', 'Asefide2026*', 40);
INSERT INTO FIDE_USUARIO_TB (ID_USUARIO, NOMBRE, APELLIDO_PATERNO, APELLIDO_MATERNO, ID_NUMERO, ID_DATOS_ASOCIADOS, ID_ROL, ID_ESTADO, ID_DIRECCION, NOMBRE_USUARIO, CONTRASENIA, ID_CORREO) VALUES (41, 'Francisco', 'Badilla', 'Romero', 41, 41, 2, 1, 41, 'francisco.badilla', 'Asefide2026*', 41);
INSERT INTO FIDE_USUARIO_TB (ID_USUARIO, NOMBRE, APELLIDO_PATERNO, APELLIDO_MATERNO, ID_NUMERO, ID_DATOS_ASOCIADOS, ID_ROL, ID_ESTADO, ID_DIRECCION, NOMBRE_USUARIO, CONTRASENIA, ID_CORREO) VALUES (42, 'Andrea', 'Arguedas', 'Nunez', 42, 42, 2, 1, 42, 'andrea.arguedas', 'Asefide2026*', 42);
INSERT INTO FIDE_USUARIO_TB (ID_USUARIO, NOMBRE, APELLIDO_PATERNO, APELLIDO_MATERNO, ID_NUMERO, ID_DATOS_ASOCIADOS, ID_ROL, ID_ESTADO, ID_DIRECCION, NOMBRE_USUARIO, CONTRASENIA, ID_CORREO) VALUES (43, 'Roberto', 'Mendez', 'Castro', 43, 43, 2, 1, 43, 'roberto.mendez', 'Asefide2026*', 43);
INSERT INTO FIDE_USUARIO_TB (ID_USUARIO, NOMBRE, APELLIDO_PATERNO, APELLIDO_MATERNO, ID_NUMERO, ID_DATOS_ASOCIADOS, ID_ROL, ID_ESTADO, ID_DIRECCION, NOMBRE_USUARIO, CONTRASENIA, ID_CORREO) VALUES (44, 'Claudia', 'Flores', 'Ortega', 44, 44, 2, 1, 44, 'claudia.flores', 'Asefide2026*', 44);
INSERT INTO FIDE_USUARIO_TB (ID_USUARIO, NOMBRE, APELLIDO_PATERNO, APELLIDO_MATERNO, ID_NUMERO, ID_DATOS_ASOCIADOS, ID_ROL, ID_ESTADO, ID_DIRECCION, NOMBRE_USUARIO, CONTRASENIA, ID_CORREO) VALUES (45, 'Gustavo', 'Bolanos', 'Segura', 45, 45, 2, 1, 45, 'gustavo.bolanos', 'Asefide2026*', 45);
INSERT INTO FIDE_USUARIO_TB (ID_USUARIO, NOMBRE, APELLIDO_PATERNO, APELLIDO_MATERNO, ID_NUMERO, ID_DATOS_ASOCIADOS, ID_ROL, ID_ESTADO, ID_DIRECCION, NOMBRE_USUARIO, CONTRASENIA, ID_CORREO) VALUES (46, 'Lorena', 'Arias', 'Marin', 46, 46, 2, 1, 46, 'lorena.arias', 'Asefide2026*', 46);
INSERT INTO FIDE_USUARIO_TB (ID_USUARIO, NOMBRE, APELLIDO_PATERNO, APELLIDO_MATERNO, ID_NUMERO, ID_DATOS_ASOCIADOS, ID_ROL, ID_ESTADO, ID_DIRECCION, NOMBRE_USUARIO, CONTRASENIA, ID_CORREO) VALUES (47, 'Hugo', 'Zuniga', 'Alfaro', 47, 47, 2, 1, 47, 'hugo.zuniga', 'Asefide2026*', 47);
INSERT INTO FIDE_USUARIO_TB (ID_USUARIO, NOMBRE, APELLIDO_PATERNO, APELLIDO_MATERNO, ID_NUMERO, ID_DATOS_ASOCIADOS, ID_ROL, ID_ESTADO, ID_DIRECCION, NOMBRE_USUARIO, CONTRASENIA, ID_CORREO) VALUES (48, 'Beatriz', 'Navarro', 'Chavez', 48, 48, 2, 1, 48, 'beatriz.navarro', 'Asefide2026*', 48);
INSERT INTO FIDE_USUARIO_TB (ID_USUARIO, NOMBRE, APELLIDO_PATERNO, APELLIDO_MATERNO, ID_NUMERO, ID_DATOS_ASOCIADOS, ID_ROL, ID_ESTADO, ID_DIRECCION, NOMBRE_USUARIO, CONTRASENIA, ID_CORREO) VALUES (49, 'Marco', 'Porras', 'Jimenez', 49, 49, 2, 1, 49, 'marco.porras', 'Asefide2026*', 49);
INSERT INTO FIDE_USUARIO_TB (ID_USUARIO, NOMBRE, APELLIDO_PATERNO, APELLIDO_MATERNO, ID_NUMERO, ID_DATOS_ASOCIADOS, ID_ROL, ID_ESTADO, ID_DIRECCION, NOMBRE_USUARIO, CONTRASENIA, ID_CORREO) VALUES (50, 'Raquel', 'Moya', 'Vargas', 50, 50, 2, 1, 50, 'raquel.moya', 'Asefide2026*', 50);
INSERT INTO FIDE_USUARIO_TB (ID_USUARIO, NOMBRE, APELLIDO_PATERNO, APELLIDO_MATERNO, ID_NUMERO, ID_DATOS_ASOCIADOS, ID_ROL, ID_ESTADO, ID_DIRECCION, NOMBRE_USUARIO, CONTRASENIA, ID_CORREO) VALUES (51, 'Raul', 'Guillen', 'Cruz', 51, 51, 2, 1, 51, 'raul.guillen', 'Asefide2026*', 51);
INSERT INTO FIDE_USUARIO_TB (ID_USUARIO, NOMBRE, APELLIDO_PATERNO, APELLIDO_MATERNO, ID_NUMERO, ID_DATOS_ASOCIADOS, ID_ROL, ID_ESTADO, ID_DIRECCION, NOMBRE_USUARIO, CONTRASENIA, ID_CORREO) VALUES (52, 'Patricia', 'Fonseca', 'Rojas', 52, 52, 2, 1, 52, 'patricia.fonseca', 'Asefide2026*', 52);
INSERT INTO FIDE_USUARIO_TB (ID_USUARIO, NOMBRE, APELLIDO_PATERNO, APELLIDO_MATERNO, ID_NUMERO, ID_DATOS_ASOCIADOS, ID_ROL, ID_ESTADO, ID_DIRECCION, NOMBRE_USUARIO, CONTRASENIA, ID_CORREO) VALUES (53, 'Victor', 'Delgado', 'Sanchez', 53, 53, 2, 1, 53, 'victor.delgado', 'Asefide2026*', 53);
INSERT INTO FIDE_USUARIO_TB (ID_USUARIO, NOMBRE, APELLIDO_PATERNO, APELLIDO_MATERNO, ID_NUMERO, ID_DATOS_ASOCIADOS, ID_ROL, ID_ESTADO, ID_DIRECCION, NOMBRE_USUARIO, CONTRASENIA, ID_CORREO) VALUES (54, 'Ximena', 'Gomez', 'Morales', 54, 54, 2, 1, 54, 'ximena.gomez', 'Asefide2026*', 54);
INSERT INTO FIDE_USUARIO_TB (ID_USUARIO, NOMBRE, APELLIDO_PATERNO, APELLIDO_MATERNO, ID_NUMERO, ID_DATOS_ASOCIADOS, ID_ROL, ID_ESTADO, ID_DIRECCION, NOMBRE_USUARIO, CONTRASENIA, ID_CORREO) VALUES (55, 'Leonardo', 'Avila', 'Hernandez', 55, 55, 2, 1, 55, 'leonardo.avila', 'Asefide2026*', 55);
INSERT INTO FIDE_USUARIO_TB (ID_USUARIO, NOMBRE, APELLIDO_PATERNO, APELLIDO_MATERNO, ID_NUMERO, ID_DATOS_ASOCIADOS, ID_ROL, ID_ESTADO, ID_DIRECCION, NOMBRE_USUARIO, CONTRASENIA, ID_CORREO) VALUES (56, 'Elisa', 'Duarte', 'Ortiz', 56, 56, 2, 1, 56, 'elisa.duarte', 'Asefide2026*', 56);
INSERT INTO FIDE_USUARIO_TB (ID_USUARIO, NOMBRE, APELLIDO_PATERNO, APELLIDO_MATERNO, ID_NUMERO, ID_DATOS_ASOCIADOS, ID_ROL, ID_ESTADO, ID_DIRECCION, NOMBRE_USUARIO, CONTRASENIA, ID_CORREO) VALUES (57, 'Fernando', 'Portilla', 'Rios', 57, 57, 2, 1, 57, 'fernando.portilla', 'Asefide2026*', 57);
INSERT INTO FIDE_USUARIO_TB (ID_USUARIO, NOMBRE, APELLIDO_PATERNO, APELLIDO_MATERNO, ID_NUMERO, ID_DATOS_ASOCIADOS, ID_ROL, ID_ESTADO, ID_DIRECCION, NOMBRE_USUARIO, CONTRASENIA, ID_CORREO) VALUES (58, 'Isabel', 'Maroto', 'Fuentes', 58, 58, 2, 1, 58, 'isabel.maroto', 'Asefide2026*', 58);
INSERT INTO FIDE_USUARIO_TB (ID_USUARIO, NOMBRE, APELLIDO_PATERNO, APELLIDO_MATERNO, ID_NUMERO, ID_DATOS_ASOCIADOS, ID_ROL, ID_ESTADO, ID_DIRECCION, NOMBRE_USUARIO, CONTRASENIA, ID_CORREO) VALUES (59, 'Sergio', 'Vicente', 'Silva', 59, 59, 2, 1, 59, 'sergio.vicente', 'Asefide2026*', 59);
INSERT INTO FIDE_USUARIO_TB (ID_USUARIO, NOMBRE, APELLIDO_PATERNO, APELLIDO_MATERNO, ID_NUMERO, ID_DATOS_ASOCIADOS, ID_ROL, ID_ESTADO, ID_DIRECCION, NOMBRE_USUARIO, CONTRASENIA, ID_CORREO) VALUES (60, 'Carla', 'Ortega', 'Reyes', 60, 60, 2, 1, 60, 'carla.ortega', 'Asefide2026*', 60);
INSERT INTO FIDE_USUARIO_TB (ID_USUARIO, NOMBRE, APELLIDO_PATERNO, APELLIDO_MATERNO, ID_NUMERO, ID_DATOS_ASOCIADOS, ID_ROL, ID_ESTADO, ID_DIRECCION, NOMBRE_USUARIO, CONTRASENIA, ID_CORREO) VALUES (61, 'Samuel', 'Pacheco', 'Ruiz', 61, 61, 2, 1, 61, 'samuel.pacheco', 'Asefide2026*', 61);
INSERT INTO FIDE_USUARIO_TB (ID_USUARIO, NOMBRE, APELLIDO_PATERNO, APELLIDO_MATERNO, ID_NUMERO, ID_DATOS_ASOCIADOS, ID_ROL, ID_ESTADO, ID_DIRECCION, NOMBRE_USUARIO, CONTRASENIA, ID_CORREO) VALUES (62, 'Rebeca', 'Miranda', 'Aguilar', 62, 62, 2, 1, 62, 'rebeca.miranda', 'Asefide2026*', 62);
INSERT INTO FIDE_USUARIO_TB (ID_USUARIO, NOMBRE, APELLIDO_PATERNO, APELLIDO_MATERNO, ID_NUMERO, ID_DATOS_ASOCIADOS, ID_ROL, ID_ESTADO, ID_DIRECCION, NOMBRE_USUARIO, CONTRASENIA, ID_CORREO) VALUES (63, 'Julio', 'Herrera', 'Suarez', 63, 63, 2, 1, 63, 'julio.herrera', 'Asefide2026*', 63);
INSERT INTO FIDE_USUARIO_TB (ID_USUARIO, NOMBRE, APELLIDO_PATERNO, APELLIDO_MATERNO, ID_NUMERO, ID_DATOS_ASOCIADOS, ID_ROL, ID_ESTADO, ID_DIRECCION, NOMBRE_USUARIO, CONTRASENIA, ID_CORREO) VALUES (64, 'Alicia', 'Ugalde', 'Campos', 64, 64, 2, 1, 64, 'alicia.ugalde', 'Asefide2026*', 64);
INSERT INTO FIDE_USUARIO_TB (ID_USUARIO, NOMBRE, APELLIDO_PATERNO, APELLIDO_MATERNO, ID_NUMERO, ID_DATOS_ASOCIADOS, ID_ROL, ID_ESTADO, ID_DIRECCION, NOMBRE_USUARIO, CONTRASENIA, ID_CORREO) VALUES (65, 'Mauricio', 'Calvo', 'Vega', 65, 65, 2, 1, 65, 'mauricio.calvo', 'Asefide2026*', 65);
INSERT INTO FIDE_USUARIO_TB (ID_USUARIO, NOMBRE, APELLIDO_PATERNO, APELLIDO_MATERNO, ID_NUMERO, ID_DATOS_ASOCIADOS, ID_ROL, ID_ESTADO, ID_DIRECCION, NOMBRE_USUARIO, CONTRASENIA, ID_CORREO) VALUES (66, 'Angela', 'Sequeira', 'Leon', 66, 66, 2, 1, 66, 'angela.sequeira', 'Asefide2026*', 66);
INSERT INTO FIDE_USUARIO_TB (ID_USUARIO, NOMBRE, APELLIDO_PATERNO, APELLIDO_MATERNO, ID_NUMERO, ID_DATOS_ASOCIADOS, ID_ROL, ID_ESTADO, ID_DIRECCION, NOMBRE_USUARIO, CONTRASENIA, ID_CORREO) VALUES (67, 'Emilio', 'Meneses', 'Castro', 67, 67, 2, 1, 67, 'emilio.meneses', 'Asefide2026*', 67);
INSERT INTO FIDE_USUARIO_TB (ID_USUARIO, NOMBRE, APELLIDO_PATERNO, APELLIDO_MATERNO, ID_NUMERO, ID_DATOS_ASOCIADOS, ID_ROL, ID_ESTADO, ID_DIRECCION, NOMBRE_USUARIO, CONTRASENIA, ID_CORREO) VALUES (68, 'Diana', 'Fallas', 'Montero', 68, 68, 2, 1, 68, 'diana.fallas', 'Asefide2026*', 68);
INSERT INTO FIDE_USUARIO_TB (ID_USUARIO, NOMBRE, APELLIDO_PATERNO, APELLIDO_MATERNO, ID_NUMERO, ID_DATOS_ASOCIADOS, ID_ROL, ID_ESTADO, ID_DIRECCION, NOMBRE_USUARIO, CONTRASENIA, ID_CORREO) VALUES (69, 'Ignacio', 'Garita', 'Soto', 69, 69, 2, 1, 69, 'ignacio.garita', 'Asefide2026*', 69);
INSERT INTO FIDE_USUARIO_TB (ID_USUARIO, NOMBRE, APELLIDO_PATERNO, APELLIDO_MATERNO, ID_NUMERO, ID_DATOS_ASOCIADOS, ID_ROL, ID_ESTADO, ID_DIRECCION, NOMBRE_USUARIO, CONTRASENIA, ID_CORREO) VALUES (70, 'Fernanda', 'Luna', 'Vargas', 70, 70, 2, 1, 70, 'fernanda.luna', 'Asefide2026*', 70);
INSERT INTO FIDE_USUARIO_TB (ID_USUARIO, NOMBRE, APELLIDO_PATERNO, APELLIDO_MATERNO, ID_NUMERO, ID_DATOS_ASOCIADOS, ID_ROL, ID_ESTADO, ID_DIRECCION, NOMBRE_USUARIO, CONTRASENIA, ID_CORREO) VALUES (71, 'Cesar', 'Cordero', 'Brenes', 71, 71, 2, 1, 71, 'cesar.cordero', 'Asefide2026*', 71);
INSERT INTO FIDE_USUARIO_TB (ID_USUARIO, NOMBRE, APELLIDO_PATERNO, APELLIDO_MATERNO, ID_NUMERO, ID_DATOS_ASOCIADOS, ID_ROL, ID_ESTADO, ID_DIRECCION, NOMBRE_USUARIO, CONTRASENIA, ID_CORREO) VALUES (72, 'Sofia', 'Granados', 'Hidalgo', 72, 72, 2, 1, 72, 'sofia.granados', 'Asefide2026*', 72);
INSERT INTO FIDE_USUARIO_TB (ID_USUARIO, NOMBRE, APELLIDO_PATERNO, APELLIDO_MATERNO, ID_NUMERO, ID_DATOS_ASOCIADOS, ID_ROL, ID_ESTADO, ID_DIRECCION, NOMBRE_USUARIO, CONTRASENIA, ID_CORREO) VALUES (73, 'Ruben', 'Carvajal', 'Navarro', 73, 73, 2, 1, 73, 'ruben.carvajal', 'Asefide2026*', 73);
INSERT INTO FIDE_USUARIO_TB (ID_USUARIO, NOMBRE, APELLIDO_PATERNO, APELLIDO_MATERNO, ID_NUMERO, ID_DATOS_ASOCIADOS, ID_ROL, ID_ESTADO, ID_DIRECCION, NOMBRE_USUARIO, CONTRASENIA, ID_CORREO) VALUES (74, 'Josefina', 'Matamoros', 'Mora', 74, 74, 2, 1, 74, 'josefina.matamoros', 'Asefide2026*', 74);
INSERT INTO FIDE_USUARIO_TB (ID_USUARIO, NOMBRE, APELLIDO_PATERNO, APELLIDO_MATERNO, ID_NUMERO, ID_DATOS_ASOCIADOS, ID_ROL, ID_ESTADO, ID_DIRECCION, NOMBRE_USUARIO, CONTRASENIA, ID_CORREO) VALUES (75, 'Ivan', 'Esquivel', 'Chaves', 75, 75, 2, 1, 75, 'ivan.esquivel', 'Asefide2026*', 75);
INSERT INTO FIDE_USUARIO_TB (ID_USUARIO, NOMBRE, APELLIDO_PATERNO, APELLIDO_MATERNO, ID_NUMERO, ID_DATOS_ASOCIADOS, ID_ROL, ID_ESTADO, ID_DIRECCION, NOMBRE_USUARIO, CONTRASENIA, ID_CORREO) VALUES (76, 'Rosa', 'Villalta', 'Araya', 76, 76, 2, 1, 76, 'rosa.villalta', 'Asefide2026*', 76);
INSERT INTO FIDE_USUARIO_TB (ID_USUARIO, NOMBRE, APELLIDO_PATERNO, APELLIDO_MATERNO, ID_NUMERO, ID_DATOS_ASOCIADOS, ID_ROL, ID_ESTADO, ID_DIRECCION, NOMBRE_USUARIO, CONTRASENIA, ID_CORREO) VALUES (77, 'Alberto', 'Saenz', 'Solis', 77, 77, 2, 1, 77, 'alberto.saenz', 'Asefide2026*', 77);
INSERT INTO FIDE_USUARIO_TB (ID_USUARIO, NOMBRE, APELLIDO_PATERNO, APELLIDO_MATERNO, ID_NUMERO, ID_DATOS_ASOCIADOS, ID_ROL, ID_ESTADO, ID_DIRECCION, NOMBRE_USUARIO, CONTRASENIA, ID_CORREO) VALUES (78, 'Cristina', 'Campos', 'Rojas', 78, 78, 2, 1, 78, 'cristina.campos', 'Asefide2026*', 78);
INSERT INTO FIDE_USUARIO_TB (ID_USUARIO, NOMBRE, APELLIDO_PATERNO, APELLIDO_MATERNO, ID_NUMERO, ID_DATOS_ASOCIADOS, ID_ROL, ID_ESTADO, ID_DIRECCION, NOMBRE_USUARIO, CONTRASENIA, ID_CORREO) VALUES (79, 'Mario', 'Loaiza', 'Pizarro', 79, 79, 2, 1, 79, 'mario.loaiza', 'Asefide2026*', 79);
INSERT INTO FIDE_USUARIO_TB (ID_USUARIO, NOMBRE, APELLIDO_PATERNO, APELLIDO_MATERNO, ID_NUMERO, ID_DATOS_ASOCIADOS, ID_ROL, ID_ESTADO, ID_DIRECCION, NOMBRE_USUARIO, CONTRASENIA, ID_CORREO) VALUES (80, 'Teresa', 'Obando', 'Valverde', 80, 80, 2, 1, 80, 'teresa.obando', 'Asefide2026*', 80);
INSERT INTO FIDE_USUARIO_TB (ID_USUARIO, NOMBRE, APELLIDO_PATERNO, APELLIDO_MATERNO, ID_NUMERO, ID_DATOS_ASOCIADOS, ID_ROL, ID_ESTADO, ID_DIRECCION, NOMBRE_USUARIO, CONTRASENIA, ID_CORREO) VALUES (81, 'Alfredo', 'Bonilla', 'Mendez', 81, 81, 2, 1, 81, 'alfredo.bonilla', 'Asefide2026*', 81);
INSERT INTO FIDE_USUARIO_TB (ID_USUARIO, NOMBRE, APELLIDO_PATERNO, APELLIDO_MATERNO, ID_NUMERO, ID_DATOS_ASOCIADOS, ID_ROL, ID_ESTADO, ID_DIRECCION, NOMBRE_USUARIO, CONTRASENIA, ID_CORREO) VALUES (82, 'Olga', 'Gamboa', 'Salazar', 82, 82, 2, 1, 82, 'olga.gamboa', 'Asefide2026*', 82);
INSERT INTO FIDE_USUARIO_TB (ID_USUARIO, NOMBRE, APELLIDO_PATERNO, APELLIDO_MATERNO, ID_NUMERO, ID_DATOS_ASOCIADOS, ID_ROL, ID_ESTADO, ID_DIRECCION, NOMBRE_USUARIO, CONTRASENIA, ID_CORREO) VALUES (83, 'Eduardo', 'Roto', 'Espinoza', 83, 83, 2, 1, 83, 'eduardo.roto', 'Asefide2026*', 83);
INSERT INTO FIDE_USUARIO_TB (ID_USUARIO, NOMBRE, APELLIDO_PATERNO, APELLIDO_MATERNO, ID_NUMERO, ID_DATOS_ASOCIADOS, ID_ROL, ID_ESTADO, ID_DIRECCION, NOMBRE_USUARIO, CONTRASENIA, ID_CORREO) VALUES (84, 'Lucia', 'Villegas', 'Cerdas', 84, 84, 2, 1, 84, 'lucia.villegas', 'Asefide2026*', 84);
INSERT INTO FIDE_USUARIO_TB (ID_USUARIO, NOMBRE, APELLIDO_PATERNO, APELLIDO_MATERNO, ID_NUMERO, ID_DATOS_ASOCIADOS, ID_ROL, ID_ESTADO, ID_DIRECCION, NOMBRE_USUARIO, CONTRASENIA, ID_CORREO) VALUES (85, 'Rodrigo', 'Sibaja', 'Cordero', 85, 85, 2, 1, 85, 'rodrigo.sibaja', 'Asefide2026*', 85);
INSERT INTO FIDE_USUARIO_TB (ID_USUARIO, NOMBRE, APELLIDO_PATERNO, APELLIDO_MATERNO, ID_NUMERO, ID_DATOS_ASOCIADOS, ID_ROL, ID_ESTADO, ID_DIRECCION, NOMBRE_USUARIO, CONTRASENIA, ID_CORREO) VALUES (86, 'Elena', 'Gaitan', 'Arce', 86, 86, 2, 1, 86, 'elena.gaitan', 'Asefide2026*', 86);
INSERT INTO FIDE_USUARIO_TB (ID_USUARIO, NOMBRE, APELLIDO_PATERNO, APELLIDO_MATERNO, ID_NUMERO, ID_DATOS_ASOCIADOS, ID_ROL, ID_ESTADO, ID_DIRECCION, NOMBRE_USUARIO, CONTRASENIA, ID_CORREO) VALUES (87, 'Hugo', 'Mena', 'Umana', 87, 87, 2, 1, 87, 'hugo.mena', 'Asefide2026*', 87);
INSERT INTO FIDE_USUARIO_TB (ID_USUARIO, NOMBRE, APELLIDO_PATERNO, APELLIDO_MATERNO, ID_NUMERO, ID_DATOS_ASOCIADOS, ID_ROL, ID_ESTADO, ID_DIRECCION, NOMBRE_USUARIO, CONTRASENIA, ID_CORREO) VALUES (88, 'Clara', 'Herrera', 'Sandoval', 88, 88, 2, 1, 88, 'clara.herrera', 'Asefide2026*', 88);
INSERT INTO FIDE_USUARIO_TB (ID_USUARIO, NOMBRE, APELLIDO_PATERNO, APELLIDO_MATERNO, ID_NUMERO, ID_DATOS_ASOCIADOS, ID_ROL, ID_ESTADO, ID_DIRECCION, NOMBRE_USUARIO, CONTRASENIA, ID_CORREO) VALUES (89, 'Ernesto', 'Pinto', 'Arias', 89, 89, 2, 1, 89, 'ernesto.pinto', 'Asefide2026*', 89);
INSERT INTO FIDE_USUARIO_TB (ID_USUARIO, NOMBRE, APELLIDO_PATERNO, APELLIDO_MATERNO, ID_NUMERO, ID_DATOS_ASOCIADOS, ID_ROL, ID_ESTADO, ID_DIRECCION, NOMBRE_USUARIO, CONTRASENIA, ID_CORREO) VALUES (90, 'Maritza', 'Leyva', 'Alfaro', 90, 90, 2, 1, 90, 'maritza.leyva', 'Asefide2026*', 90);
INSERT INTO FIDE_USUARIO_TB (ID_USUARIO, NOMBRE, APELLIDO_PATERNO, APELLIDO_MATERNO, ID_NUMERO, ID_DATOS_ASOCIADOS, ID_ROL, ID_ESTADO, ID_DIRECCION, NOMBRE_USUARIO, CONTRASENIA, ID_CORREO) VALUES (91, 'Cristobal', 'Ugalde', 'Moya', 91, 91, 2, 1, 91, 'cristobal.ugalde', 'Asefide2026*', 91);
INSERT INTO FIDE_USUARIO_TB (ID_USUARIO, NOMBRE, APELLIDO_PATERNO, APELLIDO_MATERNO, ID_NUMERO, ID_DATOS_ASOCIADOS, ID_ROL, ID_ESTADO, ID_DIRECCION, NOMBRE_USUARIO, CONTRASENIA, ID_CORREO) VALUES (92, 'Lourdes', 'Farias', 'Zuniga', 92, 92, 2, 1, 92, 'lourdes.farias', 'Asefide2026*', 92);
INSERT INTO FIDE_USUARIO_TB (ID_USUARIO, NOMBRE, APELLIDO_PATERNO, APELLIDO_MATERNO, ID_NUMERO, ID_DATOS_ASOCIADOS, ID_ROL, ID_ESTADO, ID_DIRECCION, NOMBRE_USUARIO, CONTRASENIA, ID_CORREO) VALUES (93, 'Gonzalo', 'Prieto', 'Bolanos', 93, 93, 2, 1, 93, 'gonzalo.prieto', 'Asefide2026*', 93);
INSERT INTO FIDE_USUARIO_TB (ID_USUARIO, NOMBRE, APELLIDO_PATERNO, APELLIDO_MATERNO, ID_NUMERO, ID_DATOS_ASOCIADOS, ID_ROL, ID_ESTADO, ID_DIRECCION, NOMBRE_USUARIO, CONTRASENIA, ID_CORREO) VALUES (94, 'Marcela', 'Pizarro', 'Ucles', 94, 94, 2, 1, 94, 'marcela.pizarro', 'Asefide2026*', 94);
INSERT INTO FIDE_USUARIO_TB (ID_USUARIO, NOMBRE, APELLIDO_PATERNO, APELLIDO_MATERNO, ID_NUMERO, ID_DATOS_ASOCIADOS, ID_ROL, ID_ESTADO, ID_DIRECCION, NOMBRE_USUARIO, CONTRASENIA, ID_CORREO) VALUES (95, 'Benjamin', 'Valdez', 'Arguedas', 95, 95, 2, 1, 95, 'benjamin.valdez', 'Asefide2026*', 95);
INSERT INTO FIDE_USUARIO_TB (ID_USUARIO, NOMBRE, APELLIDO_PATERNO, APELLIDO_MATERNO, ID_NUMERO, ID_DATOS_ASOCIADOS, ID_ROL, ID_ESTADO, ID_DIRECCION, NOMBRE_USUARIO, CONTRASENIA, ID_CORREO) VALUES (96, 'Ines', 'Serrano', 'Leiva', 96, 96, 2, 1, 96, 'ines.serrano', 'Asefide2026*', 96);
INSERT INTO FIDE_USUARIO_TB (ID_USUARIO, NOMBRE, APELLIDO_PATERNO, APELLIDO_MATERNO, ID_NUMERO, ID_DATOS_ASOCIADOS, ID_ROL, ID_ESTADO, ID_DIRECCION, NOMBRE_USUARIO, CONTRASENIA, ID_CORREO) VALUES (97, 'Esteban', 'Solis', 'Murillo', 97, 97, 2, 1, 97, 'esteban.solis', 'Asefide2026*', 97);
INSERT INTO FIDE_USUARIO_TB (ID_USUARIO, NOMBRE, APELLIDO_PATERNO, APELLIDO_MATERNO, ID_NUMERO, ID_DATOS_ASOCIADOS, ID_ROL, ID_ESTADO, ID_DIRECCION, NOMBRE_USUARIO, CONTRASENIA, ID_CORREO) VALUES (98, 'Miriam', 'Gallardo', 'Villalobos', 98, 98, 2, 1, 98, 'miriam.gallardo', 'Asefide2026*', 98);
INSERT INTO FIDE_USUARIO_TB (ID_USUARIO, NOMBRE, APELLIDO_PATERNO, APELLIDO_MATERNO, ID_NUMERO, ID_DATOS_ASOCIADOS, ID_ROL, ID_ESTADO, ID_DIRECCION, NOMBRE_USUARIO, CONTRASENIA, ID_CORREO) VALUES (99, 'Marcos', 'Aguirre', 'Elizondo', 99, 99, 2, 1, 99, 'marcos.aguirre', 'Asefide2026*', 99);
INSERT INTO FIDE_USUARIO_TB (ID_USUARIO, NOMBRE, APELLIDO_PATERNO, APELLIDO_MATERNO, ID_NUMERO, ID_DATOS_ASOCIADOS, ID_ROL, ID_ESTADO, ID_DIRECCION, NOMBRE_USUARIO, CONTRASENIA, ID_CORREO) VALUES (100, 'Lorena', 'Paredes', 'Mesen', 100, 100, 2, 1, 100, 'lorena.paredes', 'Asefide2026*', 100);
INSERT INTO FIDE_USUARIO_TB (ID_USUARIO, NOMBRE, APELLIDO_PATERNO, APELLIDO_MATERNO, ID_NUMERO, ID_DATOS_ASOCIADOS, ID_ROL, ID_ESTADO, ID_DIRECCION, NOMBRE_USUARIO, CONTRASENIA, ID_CORREO) VALUES (101, 'Andres', 'Rivas', 'Calderon', 101, 101, 2, 1, 101, 'andres.rivas', 'Asefide2026*', 101);
INSERT INTO FIDE_USUARIO_TB (ID_USUARIO, NOMBRE, APELLIDO_PATERNO, APELLIDO_MATERNO, ID_NUMERO, ID_DATOS_ASOCIADOS, ID_ROL, ID_ESTADO, ID_DIRECCION, NOMBRE_USUARIO, CONTRASENIA, ID_CORREO) VALUES (102, 'Paula', 'Ortiz', 'Blanco', 102, 102, 2, 1, 102, 'paula.ortiz', 'Asefide2026*', 102);
INSERT INTO FIDE_USUARIO_TB (ID_USUARIO, NOMBRE, APELLIDO_PATERNO, APELLIDO_MATERNO, ID_NUMERO, ID_DATOS_ASOCIADOS, ID_ROL, ID_ESTADO, ID_DIRECCION, NOMBRE_USUARIO, CONTRASENIA, ID_CORREO) VALUES (103, 'Luis', 'Medina', 'Madrigal', 103, 103, 2, 1, 103, 'luis.medina', 'Asefide2026*', 103);
INSERT INTO FIDE_USUARIO_TB (ID_USUARIO, NOMBRE, APELLIDO_PATERNO, APELLIDO_MATERNO, ID_NUMERO, ID_DATOS_ASOCIADOS, ID_ROL, ID_ESTADO, ID_DIRECCION, NOMBRE_USUARIO, CONTRASENIA, ID_CORREO) VALUES (104, 'Camila', 'Cano', 'Barrantes', 104, 104, 2, 1, 104, 'camila.cano', 'Asefide2026*', 104);
INSERT INTO FIDE_USUARIO_TB (ID_USUARIO, NOMBRE, APELLIDO_PATERNO, APELLIDO_MATERNO, ID_NUMERO, ID_DATOS_ASOCIADOS, ID_ROL, ID_ESTADO, ID_DIRECCION, NOMBRE_USUARIO, CONTRASENIA, ID_CORREO) VALUES (105, 'Mateo', 'Molina', 'Cascante', 105, 105, 2, 1, 105, 'mateo.molina', 'Asefide2026*', 105);
INSERT INTO FIDE_USUARIO_TB (ID_USUARIO, NOMBRE, APELLIDO_PATERNO, APELLIDO_MATERNO, ID_NUMERO, ID_DATOS_ASOCIADOS, ID_ROL, ID_ESTADO, ID_DIRECCION, NOMBRE_USUARIO, CONTRASENIA, ID_CORREO) VALUES (106, 'Valeria', 'Suarez', 'Quiros', 106, 106, 2, 1, 106, 'valeria.suarez', 'Asefide2026*', 106);
INSERT INTO FIDE_USUARIO_TB (ID_USUARIO, NOMBRE, APELLIDO_PATERNO, APELLIDO_MATERNO, ID_NUMERO, ID_DATOS_ASOCIADOS, ID_ROL, ID_ESTADO, ID_DIRECCION, NOMBRE_USUARIO, CONTRASENIA, ID_CORREO) VALUES (107, 'Santiago', 'Blanco', 'Monge', 107, 107, 2, 1, 107, 'santiago.blanco', 'Asefide2026*', 107);
INSERT INTO FIDE_USUARIO_TB (ID_USUARIO, NOMBRE, APELLIDO_PATERNO, APELLIDO_MATERNO, ID_NUMERO, ID_DATOS_ASOCIADOS, ID_ROL, ID_ESTADO, ID_DIRECCION, NOMBRE_USUARIO, CONTRASENIA, ID_CORREO) VALUES (108, 'Ana', 'Mendez', 'Umana', 108, 108, 2, 1, 108, 'ana.mendez', 'Asefide2026*', 108);
INSERT INTO FIDE_USUARIO_TB (ID_USUARIO, NOMBRE, APELLIDO_PATERNO, APELLIDO_MATERNO, ID_NUMERO, ID_DATOS_ASOCIADOS, ID_ROL, ID_ESTADO, ID_DIRECCION, NOMBRE_USUARIO, CONTRASENIA, ID_CORREO) VALUES (109, 'Diego', 'Marquez', 'Solano', 109, 109, 2, 1, 109, 'diego.marquez', 'Asefide2026*', 109);
INSERT INTO FIDE_USUARIO_TB (ID_USUARIO, NOMBRE, APELLIDO_PATERNO, APELLIDO_MATERNO, ID_NUMERO, ID_DATOS_ASOCIADOS, ID_ROL, ID_ESTADO, ID_DIRECCION, NOMBRE_USUARIO, CONTRASENIA, ID_CORREO) VALUES (110, 'Isabella', 'Cruz', 'Brenes', 110, 110, 2, 1, 110, 'isabella.cruz', 'Asefide2026*', 110);
INSERT INTO FIDE_USUARIO_TB (ID_USUARIO, NOMBRE, APELLIDO_PATERNO, APELLIDO_MATERNO, ID_NUMERO, ID_DATOS_ASOCIADOS, ID_ROL, ID_ESTADO, ID_DIRECCION, NOMBRE_USUARIO, CONTRASENIA, ID_CORREO) VALUES (111, 'Nicolas', 'Castro', 'Alpizar', 111, 111, 2, 1, 111, 'nicolas.castro', 'Asefide2026*', 111);
INSERT INTO FIDE_USUARIO_TB (ID_USUARIO, NOMBRE, APELLIDO_PATERNO, APELLIDO_MATERNO, ID_NUMERO, ID_DATOS_ASOCIADOS, ID_ROL, ID_ESTADO, ID_DIRECCION, NOMBRE_USUARIO, CONTRASENIA, ID_CORREO) VALUES (112, 'Sofia', 'Reyes', 'Chaves', 112, 112, 2, 1, 112, 'sofia.reyes', 'Asefide2026*', 112);
INSERT INTO FIDE_USUARIO_TB (ID_USUARIO, NOMBRE, APELLIDO_PATERNO, APELLIDO_MATERNO, ID_NUMERO, ID_DATOS_ASOCIADOS, ID_ROL, ID_ESTADO, ID_DIRECCION, NOMBRE_USUARIO, CONTRASENIA, ID_CORREO) VALUES (113, 'Matias', 'Ruiz', 'Morales', 113, 113, 2, 1, 113, 'matias.ruiz', 'Asefide2026*', 113);
INSERT INTO FIDE_USUARIO_TB (ID_USUARIO, NOMBRE, APELLIDO_PATERNO, APELLIDO_MATERNO, ID_NUMERO, ID_DATOS_ASOCIADOS, ID_ROL, ID_ESTADO, ID_DIRECCION, NOMBRE_USUARIO, CONTRASENIA, ID_CORREO) VALUES (114, 'Victoria', 'Morales', 'Guzman', 114, 114, 2, 1, 114, 'victoria.morales', 'Asefide2026*', 114);
INSERT INTO FIDE_USUARIO_TB (ID_USUARIO, NOMBRE, APELLIDO_PATERNO, APELLIDO_MATERNO, ID_NUMERO, ID_DATOS_ASOCIADOS, ID_ROL, ID_ESTADO, ID_DIRECCION, NOMBRE_USUARIO, CONTRASENIA, ID_CORREO) VALUES (115, 'Lucas', 'Gomez', 'Castillo', 115, 115, 2, 1, 115, 'lucas.gomez', 'Asefide2026*', 115);
INSERT INTO FIDE_USUARIO_TB (ID_USUARIO, NOMBRE, APELLIDO_PATERNO, APELLIDO_MATERNO, ID_NUMERO, ID_DATOS_ASOCIADOS, ID_ROL, ID_ESTADO, ID_DIRECCION, NOMBRE_USUARIO, CONTRASENIA, ID_CORREO) VALUES (116, 'Martina', 'Herrera', 'Soto', 116, 116, 2, 1, 116, 'martina.herrera', 'Asefide2026*', 116);
INSERT INTO FIDE_USUARIO_TB (ID_USUARIO, NOMBRE, APELLIDO_PATERNO, APELLIDO_MATERNO, ID_NUMERO, ID_DATOS_ASOCIADOS, ID_ROL, ID_ESTADO, ID_DIRECCION, NOMBRE_USUARIO, CONTRASENIA, ID_CORREO) VALUES (117, 'Tomas', 'Flores', 'Rojas', 117, 117, 2, 1, 117, 'tomas.flores', 'Asefide2026*', 117);
INSERT INTO FIDE_USUARIO_TB (ID_USUARIO, NOMBRE, APELLIDO_PATERNO, APELLIDO_MATERNO, ID_NUMERO, ID_DATOS_ASOCIADOS, ID_ROL, ID_ESTADO, ID_DIRECCION, NOMBRE_USUARIO, CONTRASENIA, ID_CORREO) VALUES (118, 'Lucia', 'Jimenez', 'Salazar', 118, 118, 2, 1, 118, 'lucia.jimenez', 'Asefide2026*', 118);
INSERT INTO FIDE_USUARIO_TB (ID_USUARIO, NOMBRE, APELLIDO_PATERNO, APELLIDO_MATERNO, ID_NUMERO, ID_DATOS_ASOCIADOS, ID_ROL, ID_ESTADO, ID_DIRECCION, NOMBRE_USUARIO, CONTRASENIA, ID_CORREO) VALUES (119, 'Joaquin', 'Gonzalez', 'Vargas', 119, 119, 2, 1, 119, 'joaquin.gonzalez', 'Asefide2026*', 119);
INSERT INTO FIDE_USUARIO_TB (ID_USUARIO, NOMBRE, APELLIDO_PATERNO, APELLIDO_MATERNO, ID_NUMERO, ID_DATOS_ASOCIADOS, ID_ROL, ID_ESTADO, ID_DIRECCION, NOMBRE_USUARIO, CONTRASENIA, ID_CORREO) VALUES (120, 'Antonella', 'Rivera', 'Castro', 120, 120, 2, 1, 120, 'antonella.rivera', 'Asefide2026*', 120);
INSERT INTO FIDE_USUARIO_TB (ID_USUARIO, NOMBRE, APELLIDO_PATERNO, APELLIDO_MATERNO, ID_NUMERO, ID_DATOS_ASOCIADOS, ID_ROL, ID_ESTADO, ID_DIRECCION, NOMBRE_USUARIO, CONTRASENIA, ID_CORREO) VALUES (121, 'Benjamin', 'Navarro', 'Rivera', 121, 121, 2, 1, 121, 'benjamin.navarro', 'Asefide2026*', 121);
INSERT INTO FIDE_USUARIO_TB (ID_USUARIO, NOMBRE, APELLIDO_PATERNO, APELLIDO_MATERNO, ID_NUMERO, ID_DATOS_ASOCIADOS, ID_ROL, ID_ESTADO, ID_DIRECCION, NOMBRE_USUARIO, CONTRASENIA, ID_CORREO) VALUES (122, 'Emilia', 'Vargas', 'Sanchez', 122, 122, 2, 1, 122, 'emilia.vargas', 'Asefide2026*', 122);
INSERT INTO FIDE_USUARIO_TB (ID_USUARIO, NOMBRE, APELLIDO_PATERNO, APELLIDO_MATERNO, ID_NUMERO, ID_DATOS_ASOCIADOS, ID_ROL, ID_ESTADO, ID_DIRECCION, NOMBRE_USUARIO, CONTRASENIA, ID_CORREO) VALUES (123, 'Felipe', 'Castillo', 'Gonzalez', 123, 123, 2, 1, 123, 'felipe.castillo', 'Asefide2026*', 123);
INSERT INTO FIDE_USUARIO_TB (ID_USUARIO, NOMBRE, APELLIDO_PATERNO, APELLIDO_MATERNO, ID_NUMERO, ID_DATOS_ASOCIADOS, ID_ROL, ID_ESTADO, ID_DIRECCION, NOMBRE_USUARIO, CONTRASENIA, ID_CORREO) VALUES (124, 'Florencia', 'Rojas', 'Jimenez', 124, 124, 2, 1, 124, 'florencia.rojas', 'Asefide2026*', 124);
INSERT INTO FIDE_USUARIO_TB (ID_USUARIO, NOMBRE, APELLIDO_PATERNO, APELLIDO_MATERNO, ID_NUMERO, ID_DATOS_ASOCIADOS, ID_ROL, ID_ESTADO, ID_DIRECCION, NOMBRE_USUARIO, CONTRASENIA, ID_CORREO) VALUES (125, 'Bautista', 'Guzman', 'Mora', 125, 125, 2, 1, 125, 'bautista.guzman', 'Asefide2026*', 125);
INSERT INTO FIDE_USUARIO_TB (ID_USUARIO, NOMBRE, APELLIDO_PATERNO, APELLIDO_MATERNO, ID_NUMERO, ID_DATOS_ASOCIADOS, ID_ROL, ID_ESTADO, ID_DIRECCION, NOMBRE_USUARIO, CONTRASENIA, ID_CORREO) VALUES (126, 'Renata', 'Araya', 'Rodriguez', 126, 126, 2, 1, 126, 'renata.araya', 'Asefide2026*', 126);
INSERT INTO FIDE_USUARIO_TB (ID_USUARIO, NOMBRE, APELLIDO_PATERNO, APELLIDO_MATERNO, ID_NUMERO, ID_DATOS_ASOCIADOS, ID_ROL, ID_ESTADO, ID_DIRECCION, NOMBRE_USUARIO, CONTRASENIA, ID_CORREO) VALUES (127, 'Juan', 'Monge', 'Perez', 127, 127, 2, 1, 127, 'juan.monge', 'Asefide2026*', 127);
INSERT INTO FIDE_USUARIO_TB (ID_USUARIO, NOMBRE, APELLIDO_PATERNO, APELLIDO_MATERNO, ID_NUMERO, ID_DATOS_ASOCIADOS, ID_ROL, ID_ESTADO, ID_DIRECCION, NOMBRE_USUARIO, CONTRASENIA, ID_CORREO) VALUES (128, 'Elena', 'Quiros', 'Aguilar', 128, 128, 2, 1, 128, 'elena.quiros', 'Asefide2026*', 128);
INSERT INTO FIDE_USUARIO_TB (ID_USUARIO, NOMBRE, APELLIDO_PATERNO, APELLIDO_MATERNO, ID_NUMERO, ID_DATOS_ASOCIADOS, ID_ROL, ID_ESTADO, ID_DIRECCION, NOMBRE_USUARIO, CONTRASENIA, ID_CORREO) VALUES (129, 'Bruno', 'Cascante', 'Blanco', 129, 129, 2, 1, 129, 'bruno.cascante', 'Asefide2026*', 129);
INSERT INTO FIDE_USUARIO_TB (ID_USUARIO, NOMBRE, APELLIDO_PATERNO, APELLIDO_MATERNO, ID_NUMERO, ID_DATOS_ASOCIADOS, ID_ROL, ID_ESTADO, ID_DIRECCION, NOMBRE_USUARIO, CONTRASENIA, ID_CORREO) VALUES (130, 'Catalina', 'Barrantes', 'Cruz', 130, 130, 2, 1, 130, 'catalina.barrantes', 'Asefide2026*', 130);
INSERT INTO FIDE_USUARIO_TB (ID_USUARIO, NOMBRE, APELLIDO_PATERNO, APELLIDO_MATERNO, ID_NUMERO, ID_DATOS_ASOCIADOS, ID_ROL, ID_ESTADO, ID_DIRECCION, NOMBRE_USUARIO, CONTRASENIA, ID_CORREO) VALUES (131, 'Agustin', 'Solis', 'Diaz', 131, 131, 2, 1, 131, 'agustin.solis', 'Asefide2026*', 131);
INSERT INTO FIDE_USUARIO_TB (ID_USUARIO, NOMBRE, APELLIDO_PATERNO, APELLIDO_MATERNO, ID_NUMERO, ID_DATOS_ASOCIADOS, ID_ROL, ID_ESTADO, ID_DIRECCION, NOMBRE_USUARIO, CONTRASENIA, ID_CORREO) VALUES (132, 'Jazmin', 'Madrigal', 'Flores', 132, 132, 2, 1, 132, 'jazmin.madrigal', 'Asefide2026*', 132);
INSERT INTO FIDE_USUARIO_TB (ID_USUARIO, NOMBRE, APELLIDO_PATERNO, APELLIDO_MATERNO, ID_NUMERO, ID_DATOS_ASOCIADOS, ID_ROL, ID_ESTADO, ID_DIRECCION, NOMBRE_USUARIO, CONTRASENIA, ID_CORREO) VALUES (133, 'Dante', 'Vega', 'Gomez', 133, 133, 2, 1, 133, 'dante.vega', 'Asefide2026*', 133);
INSERT INTO FIDE_USUARIO_TB (ID_USUARIO, NOMBRE, APELLIDO_PATERNO, APELLIDO_MATERNO, ID_NUMERO, ID_DATOS_ASOCIADOS, ID_ROL, ID_ESTADO, ID_DIRECCION, NOMBRE_USUARIO, CONTRASENIA, ID_CORREO) VALUES (134, 'Lola', 'Campos', 'Hernandez', 134, 134, 2, 1, 134, 'lola.campos', 'Asefide2026*', 134);
INSERT INTO FIDE_USUARIO_TB (ID_USUARIO, NOMBRE, APELLIDO_PATERNO, APELLIDO_MATERNO, ID_NUMERO, ID_DATOS_ASOCIADOS, ID_ROL, ID_ESTADO, ID_DIRECCION, NOMBRE_USUARIO, CONTRASENIA, ID_CORREO) VALUES (135, 'Valentin', 'Blanco', 'Jimenez', 135, 135, 2, 1, 135, 'valentin.blanco', 'Asefide2026*', 135);
INSERT INTO FIDE_USUARIO_TB (ID_USUARIO, NOMBRE, APELLIDO_PATERNO, APELLIDO_MATERNO, ID_NUMERO, ID_DATOS_ASOCIADOS, ID_ROL, ID_ESTADO, ID_DIRECCION, NOMBRE_USUARIO, CONTRASENIA, ID_CORREO) VALUES (136, 'Maia', 'Calderon', 'Lopez', 136, 136, 2, 1, 136, 'maia.calderon', 'Asefide2026*', 136);
INSERT INTO FIDE_USUARIO_TB (ID_USUARIO, NOMBRE, APELLIDO_PATERNO, APELLIDO_MATERNO, ID_NUMERO, ID_DATOS_ASOCIADOS, ID_ROL, ID_ESTADO, ID_DIRECCION, NOMBRE_USUARIO, CONTRASENIA, ID_CORREO) VALUES (137, 'Alonso', 'Mesen', 'Martinez', 137, 137, 2, 1, 137, 'alonso.mesen', 'Asefide2026*', 137);
INSERT INTO FIDE_USUARIO_TB (ID_USUARIO, NOMBRE, APELLIDO_PATERNO, APELLIDO_MATERNO, ID_NUMERO, ID_DATOS_ASOCIADOS, ID_ROL, ID_ESTADO, ID_DIRECCION, NOMBRE_USUARIO, CONTRASENIA, ID_CORREO) VALUES (138, 'Clara', 'Elizondo', 'Nunez', 138, 138, 2, 1, 138, 'clara.elizondo', 'Asefide2026*', 138);
INSERT INTO FIDE_USUARIO_TB (ID_USUARIO, NOMBRE, APELLIDO_PATERNO, APELLIDO_MATERNO, ID_NUMERO, ID_DATOS_ASOCIADOS, ID_ROL, ID_ESTADO, ID_DIRECCION, NOMBRE_USUARIO, CONTRASENIA, ID_CORREO) VALUES (139, 'Maximo', 'Villalobos', 'Ortiz', 139, 139, 2, 1, 139, 'maximo.villalobos', 'Asefide2026*', 139);
INSERT INTO FIDE_USUARIO_TB (ID_USUARIO, NOMBRE, APELLIDO_PATERNO, APELLIDO_MATERNO, ID_NUMERO, ID_DATOS_ASOCIADOS, ID_ROL, ID_ESTADO, ID_DIRECCION, NOMBRE_USUARIO, CONTRASENIA, ID_CORREO) VALUES (140, 'Alma', 'Murillo', 'Perez', 140, 140, 2, 1, 140, 'alma.murillo', 'Asefide2026*', 140);
INSERT INTO FIDE_USUARIO_TB (ID_USUARIO, NOMBRE, APELLIDO_PATERNO, APELLIDO_MATERNO, ID_NUMERO, ID_DATOS_ASOCIADOS, ID_ROL, ID_ESTADO, ID_DIRECCION, NOMBRE_USUARIO, CONTRASENIA, ID_CORREO) VALUES (141, 'Pascual', 'Pereira', 'Ramirez', 141, 141, 2, 1, 141, 'pascual.pereira', 'Asefide2026*', 141);
INSERT INTO FIDE_USUARIO_TB (ID_USUARIO, NOMBRE, APELLIDO_PATERNO, APELLIDO_MATERNO, ID_NUMERO, ID_DATOS_ASOCIADOS, ID_ROL, ID_ESTADO, ID_DIRECCION, NOMBRE_USUARIO, CONTRASENIA, ID_CORREO) VALUES (142, 'Vera', 'Valverde', 'Sanchez', 142, 142, 2, 1, 142, 'vera.valverde', 'Asefide2026*', 142);
INSERT INTO FIDE_USUARIO_TB (ID_USUARIO, NOMBRE, APELLIDO_PATERNO, APELLIDO_MATERNO, ID_NUMERO, ID_DATOS_ASOCIADOS, ID_ROL, ID_ESTADO, ID_DIRECCION, NOMBRE_USUARIO, CONTRASENIA, ID_CORREO) VALUES (143, 'Rocco', 'Aguilar', 'Torres', 143, 143, 2, 1, 143, 'rocco.aguilar', 'Asefide2026*', 143);
INSERT INTO FIDE_USUARIO_TB (ID_USUARIO, NOMBRE, APELLIDO_PATERNO, APELLIDO_MATERNO, ID_NUMERO, ID_DATOS_ASOCIADOS, ID_ROL, ID_ESTADO, ID_DIRECCION, NOMBRE_USUARIO, CONTRASENIA, ID_CORREO) VALUES (144, 'Perla', 'Leiva', 'Vargas', 144, 144, 2, 1, 144, 'perla.leiva', 'Asefide2026*', 144);
INSERT INTO FIDE_USUARIO_TB (ID_USUARIO, NOMBRE, APELLIDO_PATERNO, APELLIDO_MATERNO, ID_NUMERO, ID_DATOS_ASOCIADOS, ID_ROL, ID_ESTADO, ID_DIRECCION, NOMBRE_USUARIO, CONTRASENIA, ID_CORREO) VALUES (145, 'Fausto', 'Ucles', 'Zamora', 145, 145, 2, 1, 145, 'fausto.ucles', 'Asefide2026*', 145);
INSERT INTO FIDE_USUARIO_TB (ID_USUARIO, NOMBRE, APELLIDO_PATERNO, APELLIDO_MATERNO, ID_NUMERO, ID_DATOS_ASOCIADOS, ID_ROL, ID_ESTADO, ID_DIRECCION, NOMBRE_USUARIO, CONTRASENIA, ID_CORREO) VALUES (146, 'Gema', 'Badilla', 'Alfaro', 146, 146, 2, 1, 146, 'gema.badilla', 'Asefide2026*', 146);
INSERT INTO FIDE_USUARIO_TB (ID_USUARIO, NOMBRE, APELLIDO_PATERNO, APELLIDO_MATERNO, ID_NUMERO, ID_DATOS_ASOCIADOS, ID_ROL, ID_ESTADO, ID_DIRECCION, NOMBRE_USUARIO, CONTRASENIA, ID_CORREO) VALUES (147, 'Lazaro', 'Arguedas', 'Brenes', 147, 147, 2, 1, 147, 'lazaro.arguedas', 'Asefide2026*', 147);
INSERT INTO FIDE_USUARIO_TB (ID_USUARIO, NOMBRE, APELLIDO_PATERNO, APELLIDO_MATERNO, ID_NUMERO, ID_DATOS_ASOCIADOS, ID_ROL, ID_ESTADO, ID_DIRECCION, NOMBRE_USUARIO, CONTRASENIA, ID_CORREO) VALUES (148, 'Iris', 'Mendez', 'Castro', 148, 148, 2, 1, 148, 'iris.mendez', 'Asefide2026*', 148);
INSERT INTO FIDE_USUARIO_TB (ID_USUARIO, NOMBRE, APELLIDO_PATERNO, APELLIDO_MATERNO, ID_NUMERO, ID_DATOS_ASOCIADOS, ID_ROL, ID_ESTADO, ID_DIRECCION, NOMBRE_USUARIO, CONTRASENIA, ID_CORREO) VALUES (149, 'Simon', 'Flores', 'Delgado', 149, 149, 2, 1, 149, 'simon.flores', 'Asefide2026*', 149);
INSERT INTO FIDE_USUARIO_TB (ID_USUARIO, NOMBRE, APELLIDO_PATERNO, APELLIDO_MATERNO, ID_NUMERO, ID_DATOS_ASOCIADOS, ID_ROL, ID_ESTADO, ID_DIRECCION, NOMBRE_USUARIO, CONTRASENIA, ID_CORREO) VALUES (150, 'Flora', 'Bolanos', 'Espinoza', 150, 150, 2, 1, 150, 'flora.bolanos', 'Asefide2026*', 150);
INSERT INTO FIDE_USUARIO_TB (ID_USUARIO, NOMBRE, APELLIDO_PATERNO, APELLIDO_MATERNO, ID_NUMERO, ID_DATOS_ASOCIADOS, ID_ROL, ID_ESTADO, ID_DIRECCION, NOMBRE_USUARIO, CONTRASENIA, ID_CORREO) VALUES (151, 'Elias', 'Arias', 'Fernandez', 151, 151, 2, 1, 151, 'elias.arias', 'Asefide2026*', 151);
INSERT INTO FIDE_USUARIO_TB (ID_USUARIO, NOMBRE, APELLIDO_PATERNO, APELLIDO_MATERNO, ID_NUMERO, ID_DATOS_ASOCIADOS, ID_ROL, ID_ESTADO, ID_DIRECCION, NOMBRE_USUARIO, CONTRASENIA, ID_CORREO) VALUES (152, 'Dora', 'Zuniga', 'Gonzalez', 152, 152, 2, 1, 152, 'dora.zuniga', 'Asefide2026*', 152);
INSERT INTO FIDE_USUARIO_TB (ID_USUARIO, NOMBRE, APELLIDO_PATERNO, APELLIDO_MATERNO, ID_NUMERO, ID_DATOS_ASOCIADOS, ID_ROL, ID_ESTADO, ID_DIRECCION, NOMBRE_USUARIO, CONTRASENIA, ID_CORREO) VALUES (153, 'Abel', 'Navarro', 'Herrera', 153, 153, 2, 1, 153, 'abel.navarro', 'Asefide2026*', 153);
INSERT INTO FIDE_USUARIO_TB (ID_USUARIO, NOMBRE, APELLIDO_PATERNO, APELLIDO_MATERNO, ID_NUMERO, ID_DATOS_ASOCIADOS, ID_ROL, ID_ESTADO, ID_DIRECCION, NOMBRE_USUARIO, CONTRASENIA, ID_CORREO) VALUES (154, 'Rita', 'Porras', 'Iglesias', 154, 154, 2, 1, 154, 'rita.porras', 'Asefide2026*', 154);
INSERT INTO FIDE_USUARIO_TB (ID_USUARIO, NOMBRE, APELLIDO_PATERNO, APELLIDO_MATERNO, ID_NUMERO, ID_DATOS_ASOCIADOS, ID_ROL, ID_ESTADO, ID_DIRECCION, NOMBRE_USUARIO, CONTRASENIA, ID_CORREO) VALUES (155, 'Hugo', 'Moya', 'Jimenez', 155, 155, 2, 1, 155, 'hugo.moya', 'Asefide2026*', 155);
INSERT INTO FIDE_USUARIO_TB (ID_USUARIO, NOMBRE, APELLIDO_PATERNO, APELLIDO_MATERNO, ID_NUMERO, ID_DATOS_ASOCIADOS, ID_ROL, ID_ESTADO, ID_DIRECCION, NOMBRE_USUARIO, CONTRASENIA, ID_CORREO) VALUES (156, 'Sara', 'Guillen', 'Lara', 156, 156, 2, 1, 156, 'sara.guillen', 'Asefide2026*', 156);
INSERT INTO FIDE_USUARIO_TB (ID_USUARIO, NOMBRE, APELLIDO_PATERNO, APELLIDO_MATERNO, ID_NUMERO, ID_DATOS_ASOCIADOS, ID_ROL, ID_ESTADO, ID_DIRECCION, NOMBRE_USUARIO, CONTRASENIA, ID_CORREO) VALUES (157, 'Omar', 'Fonseca', 'Marin', 157, 157, 2, 1, 157, 'omar.fonseca', 'Asefide2026*', 157);
INSERT INTO FIDE_USUARIO_TB (ID_USUARIO, NOMBRE, APELLIDO_PATERNO, APELLIDO_MATERNO, ID_NUMERO, ID_DATOS_ASOCIADOS, ID_ROL, ID_ESTADO, ID_DIRECCION, NOMBRE_USUARIO, CONTRASENIA, ID_CORREO) VALUES (158, 'Olga', 'Delgado', 'Navarro', 158, 158, 2, 1, 158, 'olga.delgado', 'Asefide2026*', 158);
INSERT INTO FIDE_USUARIO_TB (ID_USUARIO, NOMBRE, APELLIDO_PATERNO, APELLIDO_MATERNO, ID_NUMERO, ID_DATOS_ASOCIADOS, ID_ROL, ID_ESTADO, ID_DIRECCION, NOMBRE_USUARIO, CONTRASENIA, ID_CORREO) VALUES (159, 'Ivan', 'Gomez', 'Orozco', 159, 159, 2, 1, 159, 'ivan.gomez', 'Asefide2026*', 159);
INSERT INTO FIDE_USUARIO_TB (ID_USUARIO, NOMBRE, APELLIDO_PATERNO, APELLIDO_MATERNO, ID_NUMERO, ID_DATOS_ASOCIADOS, ID_ROL, ID_ESTADO, ID_DIRECCION, NOMBRE_USUARIO, CONTRASENIA, ID_CORREO) VALUES (160, 'Elsa', 'Avila', 'Pena', 160, 160, 2, 1, 160, 'elsa.avila', 'Asefide2026*', 160);
INSERT INTO FIDE_USUARIO_TB (ID_USUARIO, NOMBRE, APELLIDO_PATERNO, APELLIDO_MATERNO, ID_NUMERO, ID_DATOS_ASOCIADOS, ID_ROL, ID_ESTADO, ID_DIRECCION, NOMBRE_USUARIO, CONTRASENIA, ID_CORREO) VALUES (161, 'Raul', 'Duarte', 'Quiros', 161, 161, 2, 1, 161, 'raul.duarte', 'Asefide2026*', 161);
INSERT INTO FIDE_USUARIO_TB (ID_USUARIO, NOMBRE, APELLIDO_PATERNO, APELLIDO_MATERNO, ID_NUMERO, ID_DATOS_ASOCIADOS, ID_ROL, ID_ESTADO, ID_DIRECCION, NOMBRE_USUARIO, CONTRASENIA, ID_CORREO) VALUES (162, 'Ines', 'Portilla', 'Rojas', 162, 162, 2, 1, 162, 'ines.portilla', 'Asefide2026*', 162);
INSERT INTO FIDE_USUARIO_TB (ID_USUARIO, NOMBRE, APELLIDO_PATERNO, APELLIDO_MATERNO, ID_NUMERO, ID_DATOS_ASOCIADOS, ID_ROL, ID_ESTADO, ID_DIRECCION, NOMBRE_USUARIO, CONTRASENIA, ID_CORREO) VALUES (163, 'Saul', 'Maroto', 'Salas', 163, 163, 2, 1, 163, 'saul.maroto', 'Asefide2026*', 163);
INSERT INTO FIDE_USUARIO_TB (ID_USUARIO, NOMBRE, APELLIDO_PATERNO, APELLIDO_MATERNO, ID_NUMERO, ID_DATOS_ASOCIADOS, ID_ROL, ID_ESTADO, ID_DIRECCION, NOMBRE_USUARIO, CONTRASENIA, ID_CORREO) VALUES (164, 'Emma', 'Vicente', 'Trejos', 164, 164, 2, 1, 164, 'emma.vicente', 'Asefide2026*', 164);
INSERT INTO FIDE_USUARIO_TB (ID_USUARIO, NOMBRE, APELLIDO_PATERNO, APELLIDO_MATERNO, ID_NUMERO, ID_DATOS_ASOCIADOS, ID_ROL, ID_ESTADO, ID_DIRECCION, NOMBRE_USUARIO, CONTRASENIA, ID_CORREO) VALUES (165, 'Otto', 'Ortega', 'Umana', 165, 165, 2, 1, 165, 'otto.ortega', 'Asefide2026*', 165);
INSERT INTO FIDE_USUARIO_TB (ID_USUARIO, NOMBRE, APELLIDO_PATERNO, APELLIDO_MATERNO, ID_NUMERO, ID_DATOS_ASOCIADOS, ID_ROL, ID_ESTADO, ID_DIRECCION, NOMBRE_USUARIO, CONTRASENIA, ID_CORREO) VALUES (166, 'Alba', 'Pacheco', 'Vega', 166, 166, 2, 1, 166, 'alba.pacheco', 'Asefide2026*', 166);
INSERT INTO FIDE_USUARIO_TB (ID_USUARIO, NOMBRE, APELLIDO_PATERNO, APELLIDO_MATERNO, ID_NUMERO, ID_DATOS_ASOCIADOS, ID_ROL, ID_ESTADO, ID_DIRECCION, NOMBRE_USUARIO, CONTRASENIA, ID_CORREO) VALUES (167, 'Noel', 'Miranda', 'Zamora', 167, 167, 2, 1, 167, 'noel.miranda', 'Asefide2026*', 167);
INSERT INTO FIDE_USUARIO_TB (ID_USUARIO, NOMBRE, APELLIDO_PATERNO, APELLIDO_MATERNO, ID_NUMERO, ID_DATOS_ASOCIADOS, ID_ROL, ID_ESTADO, ID_DIRECCION, NOMBRE_USUARIO, CONTRASENIA, ID_CORREO) VALUES (168, 'Ada', 'Herrera', 'Arias', 168, 168, 2, 1, 168, 'ada.herrera', 'Asefide2026*', 168);
INSERT INTO FIDE_USUARIO_TB (ID_USUARIO, NOMBRE, APELLIDO_PATERNO, APELLIDO_MATERNO, ID_NUMERO, ID_DATOS_ASOCIADOS, ID_ROL, ID_ESTADO, ID_DIRECCION, NOMBRE_USUARIO, CONTRASENIA, ID_CORREO) VALUES (169, 'Leon', 'Ugalde', 'Barquero', 169, 169, 2, 1, 169, 'leon.ugalde', 'Asefide2026*', 169);
INSERT INTO FIDE_USUARIO_TB (ID_USUARIO, NOMBRE, APELLIDO_PATERNO, APELLIDO_MATERNO, ID_NUMERO, ID_DATOS_ASOCIADOS, ID_ROL, ID_ESTADO, ID_DIRECCION, NOMBRE_USUARIO, CONTRASENIA, ID_CORREO) VALUES (170, 'Luz', 'Calvo', 'Cerdas', 170, 170, 2, 1, 170, 'luz.calvo', 'Asefide2026*', 170);
INSERT INTO FIDE_USUARIO_TB (ID_USUARIO, NOMBRE, APELLIDO_PATERNO, APELLIDO_MATERNO, ID_NUMERO, ID_DATOS_ASOCIADOS, ID_ROL, ID_ESTADO, ID_DIRECCION, NOMBRE_USUARIO, CONTRASENIA, ID_CORREO) VALUES (171, 'Joel', 'Sequeira', 'Duran', 171, 171, 2, 1, 171, 'joel.sequeira', 'Asefide2026*', 171);
INSERT INTO FIDE_USUARIO_TB (ID_USUARIO, NOMBRE, APELLIDO_PATERNO, APELLIDO_MATERNO, ID_NUMERO, ID_DATOS_ASOCIADOS, ID_ROL, ID_ESTADO, ID_DIRECCION, NOMBRE_USUARIO, CONTRASENIA, ID_CORREO) VALUES (172, 'Paz', 'Meneses', 'Elizondo', 172, 172, 2, 1, 172, 'paz.meneses', 'Asefide2026*', 172);
INSERT INTO FIDE_USUARIO_TB (ID_USUARIO, NOMBRE, APELLIDO_PATERNO, APELLIDO_MATERNO, ID_NUMERO, ID_DATOS_ASOCIADOS, ID_ROL, ID_ESTADO, ID_DIRECCION, NOMBRE_USUARIO, CONTRASENIA, ID_CORREO) VALUES (173, 'Eric', 'Fallas', 'Fonseca', 173, 173, 2, 1, 173, 'eric.fallas', 'Asefide2026*', 173);
INSERT INTO FIDE_USUARIO_TB (ID_USUARIO, NOMBRE, APELLIDO_PATERNO, APELLIDO_MATERNO, ID_NUMERO, ID_DATOS_ASOCIADOS, ID_ROL, ID_ESTADO, ID_DIRECCION, NOMBRE_USUARIO, CONTRASENIA, ID_CORREO) VALUES (174, 'Sol', 'Garita', 'Gamboa', 174, 174, 2, 1, 174, 'sol.garita', 'Asefide2026*', 174);
INSERT INTO FIDE_USUARIO_TB (ID_USUARIO, NOMBRE, APELLIDO_PATERNO, APELLIDO_MATERNO, ID_NUMERO, ID_DATOS_ASOCIADOS, ID_ROL, ID_ESTADO, ID_DIRECCION, NOMBRE_USUARIO, CONTRASENIA, ID_CORREO) VALUES (175, 'Adam', 'Luna', 'Hidalgo', 175, 175, 2, 1, 175, 'adam.luna', 'Asefide2026*', 175);
INSERT INTO FIDE_USUARIO_TB (ID_USUARIO, NOMBRE, APELLIDO_PATERNO, APELLIDO_MATERNO, ID_NUMERO, ID_DATOS_ASOCIADOS, ID_ROL, ID_ESTADO, ID_DIRECCION, NOMBRE_USUARIO, CONTRASENIA, ID_CORREO) VALUES (176, 'Mia', 'Cordero', 'Ibarra', 176, 176, 2, 1, 176, 'mia.cordero', 'Asefide2026*', 176);
INSERT INTO FIDE_USUARIO_TB (ID_USUARIO, NOMBRE, APELLIDO_PATERNO, APELLIDO_MATERNO, ID_NUMERO, ID_DATOS_ASOCIADOS, ID_ROL, ID_ESTADO, ID_DIRECCION, NOMBRE_USUARIO, CONTRASENIA, ID_CORREO) VALUES (177, 'Axel', 'Granados', 'Jaramillo', 177, 177, 2, 1, 177, 'axel.granados', 'Asefide2026*', 177);
INSERT INTO FIDE_USUARIO_TB (ID_USUARIO, NOMBRE, APELLIDO_PATERNO, APELLIDO_MATERNO, ID_NUMERO, ID_DATOS_ASOCIADOS, ID_ROL, ID_ESTADO, ID_DIRECCION, NOMBRE_USUARIO, CONTRASENIA, ID_CORREO) VALUES (178, 'Lia', 'Carvajal', 'Leiton', 178, 178, 2, 1, 178, 'lia.carvajal', 'Asefide2026*', 178);
INSERT INTO FIDE_USUARIO_TB (ID_USUARIO, NOMBRE, APELLIDO_PATERNO, APELLIDO_MATERNO, ID_NUMERO, ID_DATOS_ASOCIADOS, ID_ROL, ID_ESTADO, ID_DIRECCION, NOMBRE_USUARIO, CONTRASENIA, ID_CORREO) VALUES (179, 'Enoc', 'Matamoros', 'Masis', 179, 179, 2, 1, 179, 'enoc.matamoros', 'Asefide2026*', 179);
INSERT INTO FIDE_USUARIO_TB (ID_USUARIO, NOMBRE, APELLIDO_PATERNO, APELLIDO_MATERNO, ID_NUMERO, ID_DATOS_ASOCIADOS, ID_ROL, ID_ESTADO, ID_DIRECCION, NOMBRE_USUARIO, CONTRASENIA, ID_CORREO) VALUES (180, 'Ana', 'Esquivel', 'Naranjo', 180, 180, 2, 1, 180, 'ana.esquivel', 'Asefide2026*', 180);
INSERT INTO FIDE_USUARIO_TB (ID_USUARIO, NOMBRE, APELLIDO_PATERNO, APELLIDO_MATERNO, ID_NUMERO, ID_DATOS_ASOCIADOS, ID_ROL, ID_ESTADO, ID_DIRECCION, NOMBRE_USUARIO, CONTRASENIA, ID_CORREO) VALUES (181, 'Luis', 'Villalta', 'Ocampo', 181, 181, 2, 1, 181, 'luis.villalta', 'Asefide2026*', 181);
INSERT INTO FIDE_USUARIO_TB (ID_USUARIO, NOMBRE, APELLIDO_PATERNO, APELLIDO_MATERNO, ID_NUMERO, ID_DATOS_ASOCIADOS, ID_ROL, ID_ESTADO, ID_DIRECCION, NOMBRE_USUARIO, CONTRASENIA, ID_CORREO) VALUES (182, 'Jose', 'Saenz', 'Pacheco', 182, 182, 2, 1, 182, 'jose.saenz', 'Asefide2026*', 182);
INSERT INTO FIDE_USUARIO_TB (ID_USUARIO, NOMBRE, APELLIDO_PATERNO, APELLIDO_MATERNO, ID_NUMERO, ID_DATOS_ASOCIADOS, ID_ROL, ID_ESTADO, ID_DIRECCION, NOMBRE_USUARIO, CONTRASENIA, ID_CORREO) VALUES (183, 'Ruth', 'Campos', 'Quesada', 183, 183, 2, 1, 183, 'ruth.campos', 'Asefide2026*', 183);
INSERT INTO FIDE_USUARIO_TB (ID_USUARIO, NOMBRE, APELLIDO_PATERNO, APELLIDO_MATERNO, ID_NUMERO, ID_DATOS_ASOCIADOS, ID_ROL, ID_ESTADO, ID_DIRECCION, NOMBRE_USUARIO, CONTRASENIA, ID_CORREO) VALUES (184, 'Omar', 'Loaiza', 'Robles', 184, 184, 2, 1, 184, 'omar.loaiza', 'Asefide2026*', 184);
INSERT INTO FIDE_USUARIO_TB (ID_USUARIO, NOMBRE, APELLIDO_PATERNO, APELLIDO_MATERNO, ID_NUMERO, ID_DATOS_ASOCIADOS, ID_ROL, ID_ESTADO, ID_DIRECCION, NOMBRE_USUARIO, CONTRASENIA, ID_CORREO) VALUES (185, 'Iris', 'Obando', 'Sandi', 185, 185, 2, 1, 185, 'iris.obando', 'Asefide2026*', 185);
INSERT INTO FIDE_USUARIO_TB (ID_USUARIO, NOMBRE, APELLIDO_PATERNO, APELLIDO_MATERNO, ID_NUMERO, ID_DATOS_ASOCIADOS, ID_ROL, ID_ESTADO, ID_DIRECCION, NOMBRE_USUARIO, CONTRASENIA, ID_CORREO) VALUES (186, 'Abel', 'Bonilla', 'Tabora', 186, 186, 2, 1, 186, 'abel.bonilla', 'Asefide2026*', 186);
INSERT INTO FIDE_USUARIO_TB (ID_USUARIO, NOMBRE, APELLIDO_PATERNO, APELLIDO_MATERNO, ID_NUMERO, ID_DATOS_ASOCIADOS, ID_ROL, ID_ESTADO, ID_DIRECCION, NOMBRE_USUARIO, CONTRASENIA, ID_CORREO) VALUES (187, 'Elsa', 'Gamboa', 'Ulate', 187, 187, 2, 1, 187, 'elsa.gamboa', 'Asefide2026*', 187);
INSERT INTO FIDE_USUARIO_TB (ID_USUARIO, NOMBRE, APELLIDO_PATERNO, APELLIDO_MATERNO, ID_NUMERO, ID_DATOS_ASOCIADOS, ID_ROL, ID_ESTADO, ID_DIRECCION, NOMBRE_USUARIO, CONTRASENIA, ID_CORREO) VALUES (188, 'Hugo', 'Roto', 'Valle', 188, 188, 2, 1, 188, 'hugo.roto', 'Asefide2026*', 188);
INSERT INTO FIDE_USUARIO_TB (ID_USUARIO, NOMBRE, APELLIDO_PATERNO, APELLIDO_MATERNO, ID_NUMERO, ID_DATOS_ASOCIADOS, ID_ROL, ID_ESTADO, ID_DIRECCION, NOMBRE_USUARIO, CONTRASENIA, ID_CORREO) VALUES (189, 'Vera', 'Villegas', 'Wallace', 189, 189, 2, 1, 189, 'vera.villegas', 'Asefide2026*', 189);
INSERT INTO FIDE_USUARIO_TB (ID_USUARIO, NOMBRE, APELLIDO_PATERNO, APELLIDO_MATERNO, ID_NUMERO, ID_DATOS_ASOCIADOS, ID_ROL, ID_ESTADO, ID_DIRECCION, NOMBRE_USUARIO, CONTRASENIA, ID_CORREO) VALUES (190, 'Raul', 'Sibaja', 'Yglesias', 190, 190, 2, 1, 190, 'raul.sibaja', 'Asefide2026*', 190);
INSERT INTO FIDE_USUARIO_TB (ID_USUARIO, NOMBRE, APELLIDO_PATERNO, APELLIDO_MATERNO, ID_NUMERO, ID_DATOS_ASOCIADOS, ID_ROL, ID_ESTADO, ID_DIRECCION, NOMBRE_USUARIO, CONTRASENIA, ID_CORREO) VALUES (191, 'Inma', 'Gaitan', 'Zamora', 191, 191, 2, 1, 191, 'inma.gaitan', 'Asefide2026*', 191);
INSERT INTO FIDE_USUARIO_TB (ID_USUARIO, NOMBRE, APELLIDO_PATERNO, APELLIDO_MATERNO, ID_NUMERO, ID_DATOS_ASOCIADOS, ID_ROL, ID_ESTADO, ID_DIRECCION, NOMBRE_USUARIO, CONTRASENIA, ID_CORREO) VALUES (192, 'Saul', 'Mena', 'Alfaro', 192, 192, 2, 1, 192, 'saul.mena', 'Asefide2026*', 192);
INSERT INTO FIDE_USUARIO_TB (ID_USUARIO, NOMBRE, APELLIDO_PATERNO, APELLIDO_MATERNO, ID_NUMERO, ID_DATOS_ASOCIADOS, ID_ROL, ID_ESTADO, ID_DIRECCION, NOMBRE_USUARIO, CONTRASENIA, ID_CORREO) VALUES (193, 'Emma', 'Herrera', 'Brenes', 193, 193, 2, 1, 193, 'emma.herrera', 'Asefide2026*', 193);
INSERT INTO FIDE_USUARIO_TB (ID_USUARIO, NOMBRE, APELLIDO_PATERNO, APELLIDO_MATERNO, ID_NUMERO, ID_DATOS_ASOCIADOS, ID_ROL, ID_ESTADO, ID_DIRECCION, NOMBRE_USUARIO, CONTRASENIA, ID_CORREO) VALUES (194, 'Otto', 'Pinto', 'Castro', 194, 194, 2, 1, 194, 'otto.pinto', 'Asefide2026*', 194);
INSERT INTO FIDE_USUARIO_TB (ID_USUARIO, NOMBRE, APELLIDO_PATERNO, APELLIDO_MATERNO, ID_NUMERO, ID_DATOS_ASOCIADOS, ID_ROL, ID_ESTADO, ID_DIRECCION, NOMBRE_USUARIO, CONTRASENIA, ID_CORREO) VALUES (195, 'Alba', 'Leyva', 'Diaz', 195, 195, 2, 1, 195, 'alba.leyva', 'Asefide2026*', 195);
INSERT INTO FIDE_USUARIO_TB (ID_USUARIO, NOMBRE, APELLIDO_PATERNO, APELLIDO_MATERNO, ID_NUMERO, ID_DATOS_ASOCIADOS, ID_ROL, ID_ESTADO, ID_DIRECCION, NOMBRE_USUARIO, CONTRASENIA, ID_CORREO) VALUES (196, 'Noel', 'Ugalde', 'Esquivel', 196, 196, 2, 1, 196, 'noel.ugalde', 'Asefide2026*', 196);
INSERT INTO FIDE_USUARIO_TB (ID_USUARIO, NOMBRE, APELLIDO_PATERNO, APELLIDO_MATERNO, ID_NUMERO, ID_DATOS_ASOCIADOS, ID_ROL, ID_ESTADO, ID_DIRECCION, NOMBRE_USUARIO, CONTRASENIA, ID_CORREO) VALUES (197, 'Ada', 'Farias', 'Fallas', 197, 197, 2, 1, 197, 'ada.farias', 'Asefide2026*', 197);
INSERT INTO FIDE_USUARIO_TB (ID_USUARIO, NOMBRE, APELLIDO_PATERNO, APELLIDO_MATERNO, ID_NUMERO, ID_DATOS_ASOCIADOS, ID_ROL, ID_ESTADO, ID_DIRECCION, NOMBRE_USUARIO, CONTRASENIA, ID_CORREO) VALUES (198, 'Leon', 'Prieto', 'Gomez', 198, 198, 2, 1, 198, 'leon.prieto', 'Asefide2026*', 198);
INSERT INTO FIDE_USUARIO_TB (ID_USUARIO, NOMBRE, APELLIDO_PATERNO, APELLIDO_MATERNO, ID_NUMERO, ID_DATOS_ASOCIADOS, ID_ROL, ID_ESTADO, ID_DIRECCION, NOMBRE_USUARIO, CONTRASENIA, ID_CORREO) VALUES (199, 'Luz', 'Pizarro', 'Hidalgo', 199, 199, 2, 1, 199, 'luz.pizarro', 'Asefide2026*', 199);
INSERT INTO FIDE_USUARIO_TB (ID_USUARIO, NOMBRE, APELLIDO_PATERNO, APELLIDO_MATERNO, ID_NUMERO, ID_DATOS_ASOCIADOS, ID_ROL, ID_ESTADO, ID_DIRECCION, NOMBRE_USUARIO, CONTRASENIA, ID_CORREO) VALUES (200, 'Joel', 'Valdez', 'Ibarra', 200, 200, 2, 1, 200, 'joel.valdez', 'Asefide2026*', 200);
SELECT * FROM FIDE_USUARIO_TB;

-- Inserts Tabla FIDE_USUARIOS_ROLES_TB
INSERT INTO FIDE_USUARIOS_ROLES_TB (ID_USUARIO, ID_ROL) VALUES (1, 1);
INSERT INTO FIDE_USUARIOS_ROLES_TB (ID_USUARIO, ID_ROL) VALUES (2, 1);
INSERT INTO FIDE_USUARIOS_ROLES_TB (ID_USUARIO, ID_ROL) VALUES (3, 3);
INSERT INTO FIDE_USUARIOS_ROLES_TB (ID_USUARIO, ID_ROL) VALUES (4, 3);
INSERT INTO FIDE_USUARIOS_ROLES_TB (ID_USUARIO, ID_ROL) VALUES (5, 4);
INSERT INTO FIDE_USUARIOS_ROLES_TB (ID_USUARIO, ID_ROL) VALUES (6, 5);
INSERT INTO FIDE_USUARIOS_ROLES_TB (ID_USUARIO, ID_ROL) VALUES (7, 6);
INSERT INTO FIDE_USUARIOS_ROLES_TB (ID_USUARIO, ID_ROL) VALUES (8, 6);
INSERT INTO FIDE_USUARIOS_ROLES_TB (ID_USUARIO, ID_ROL) VALUES (9, 6);
INSERT INTO FIDE_USUARIOS_ROLES_TB (ID_USUARIO, ID_ROL) VALUES (10, 6);
INSERT INTO FIDE_USUARIOS_ROLES_TB (ID_USUARIO, ID_ROL) VALUES (11, 2);
INSERT INTO FIDE_USUARIOS_ROLES_TB (ID_USUARIO, ID_ROL) VALUES (12, 2);
INSERT INTO FIDE_USUARIOS_ROLES_TB (ID_USUARIO, ID_ROL) VALUES (13, 2);
INSERT INTO FIDE_USUARIOS_ROLES_TB (ID_USUARIO, ID_ROL) VALUES (14, 2);
INSERT INTO FIDE_USUARIOS_ROLES_TB (ID_USUARIO, ID_ROL) VALUES (15, 2);
INSERT INTO FIDE_USUARIOS_ROLES_TB (ID_USUARIO, ID_ROL) VALUES (16, 2);
INSERT INTO FIDE_USUARIOS_ROLES_TB (ID_USUARIO, ID_ROL) VALUES (17, 2);
INSERT INTO FIDE_USUARIOS_ROLES_TB (ID_USUARIO, ID_ROL) VALUES (18, 2);
INSERT INTO FIDE_USUARIOS_ROLES_TB (ID_USUARIO, ID_ROL) VALUES (19, 2);
INSERT INTO FIDE_USUARIOS_ROLES_TB (ID_USUARIO, ID_ROL) VALUES (20, 2);
INSERT INTO FIDE_USUARIOS_ROLES_TB (ID_USUARIO, ID_ROL) VALUES (21, 2);
INSERT INTO FIDE_USUARIOS_ROLES_TB (ID_USUARIO, ID_ROL) VALUES (22, 2);
INSERT INTO FIDE_USUARIOS_ROLES_TB (ID_USUARIO, ID_ROL) VALUES (23, 2);
INSERT INTO FIDE_USUARIOS_ROLES_TB (ID_USUARIO, ID_ROL) VALUES (24, 2);
INSERT INTO FIDE_USUARIOS_ROLES_TB (ID_USUARIO, ID_ROL) VALUES (25, 2);
INSERT INTO FIDE_USUARIOS_ROLES_TB (ID_USUARIO, ID_ROL) VALUES (26, 2);
INSERT INTO FIDE_USUARIOS_ROLES_TB (ID_USUARIO, ID_ROL) VALUES (27, 2);
INSERT INTO FIDE_USUARIOS_ROLES_TB (ID_USUARIO, ID_ROL) VALUES (28, 2);
INSERT INTO FIDE_USUARIOS_ROLES_TB (ID_USUARIO, ID_ROL) VALUES (29, 2);
INSERT INTO FIDE_USUARIOS_ROLES_TB (ID_USUARIO, ID_ROL) VALUES (30, 2);
INSERT INTO FIDE_USUARIOS_ROLES_TB (ID_USUARIO, ID_ROL) VALUES (31, 2);
INSERT INTO FIDE_USUARIOS_ROLES_TB (ID_USUARIO, ID_ROL) VALUES (32, 2);
INSERT INTO FIDE_USUARIOS_ROLES_TB (ID_USUARIO, ID_ROL) VALUES (33, 2);
INSERT INTO FIDE_USUARIOS_ROLES_TB (ID_USUARIO, ID_ROL) VALUES (34, 2);
INSERT INTO FIDE_USUARIOS_ROLES_TB (ID_USUARIO, ID_ROL) VALUES (35, 2);
INSERT INTO FIDE_USUARIOS_ROLES_TB (ID_USUARIO, ID_ROL) VALUES (36, 2);
INSERT INTO FIDE_USUARIOS_ROLES_TB (ID_USUARIO, ID_ROL) VALUES (37, 2);
INSERT INTO FIDE_USUARIOS_ROLES_TB (ID_USUARIO, ID_ROL) VALUES (38, 2);
INSERT INTO FIDE_USUARIOS_ROLES_TB (ID_USUARIO, ID_ROL) VALUES (39, 2);
INSERT INTO FIDE_USUARIOS_ROLES_TB (ID_USUARIO, ID_ROL) VALUES (40, 2);
INSERT INTO FIDE_USUARIOS_ROLES_TB (ID_USUARIO, ID_ROL) VALUES (41, 2);
INSERT INTO FIDE_USUARIOS_ROLES_TB (ID_USUARIO, ID_ROL) VALUES (42, 2);
INSERT INTO FIDE_USUARIOS_ROLES_TB (ID_USUARIO, ID_ROL) VALUES (43, 2);
INSERT INTO FIDE_USUARIOS_ROLES_TB (ID_USUARIO, ID_ROL) VALUES (44, 2);
INSERT INTO FIDE_USUARIOS_ROLES_TB (ID_USUARIO, ID_ROL) VALUES (45, 2);
INSERT INTO FIDE_USUARIOS_ROLES_TB (ID_USUARIO, ID_ROL) VALUES (46, 2);
INSERT INTO FIDE_USUARIOS_ROLES_TB (ID_USUARIO, ID_ROL) VALUES (47, 2);
INSERT INTO FIDE_USUARIOS_ROLES_TB (ID_USUARIO, ID_ROL) VALUES (48, 2);
INSERT INTO FIDE_USUARIOS_ROLES_TB (ID_USUARIO, ID_ROL) VALUES (49, 2);
INSERT INTO FIDE_USUARIOS_ROLES_TB (ID_USUARIO, ID_ROL) VALUES (50, 2);
INSERT INTO FIDE_USUARIOS_ROLES_TB (ID_USUARIO, ID_ROL) VALUES (51, 2);
INSERT INTO FIDE_USUARIOS_ROLES_TB (ID_USUARIO, ID_ROL) VALUES (52, 2);
INSERT INTO FIDE_USUARIOS_ROLES_TB (ID_USUARIO, ID_ROL) VALUES (53, 2);
INSERT INTO FIDE_USUARIOS_ROLES_TB (ID_USUARIO, ID_ROL) VALUES (54, 2);
INSERT INTO FIDE_USUARIOS_ROLES_TB (ID_USUARIO, ID_ROL) VALUES (55, 2);
INSERT INTO FIDE_USUARIOS_ROLES_TB (ID_USUARIO, ID_ROL) VALUES (56, 2);
INSERT INTO FIDE_USUARIOS_ROLES_TB (ID_USUARIO, ID_ROL) VALUES (57, 2);
INSERT INTO FIDE_USUARIOS_ROLES_TB (ID_USUARIO, ID_ROL) VALUES (58, 2);
INSERT INTO FIDE_USUARIOS_ROLES_TB (ID_USUARIO, ID_ROL) VALUES (59, 2);
INSERT INTO FIDE_USUARIOS_ROLES_TB (ID_USUARIO, ID_ROL) VALUES (60, 2);
INSERT INTO FIDE_USUARIOS_ROLES_TB (ID_USUARIO, ID_ROL) VALUES (61, 2);
INSERT INTO FIDE_USUARIOS_ROLES_TB (ID_USUARIO, ID_ROL) VALUES (62, 2);
INSERT INTO FIDE_USUARIOS_ROLES_TB (ID_USUARIO, ID_ROL) VALUES (63, 2);
INSERT INTO FIDE_USUARIOS_ROLES_TB (ID_USUARIO, ID_ROL) VALUES (64, 2);
INSERT INTO FIDE_USUARIOS_ROLES_TB (ID_USUARIO, ID_ROL) VALUES (65, 2);
INSERT INTO FIDE_USUARIOS_ROLES_TB (ID_USUARIO, ID_ROL) VALUES (66, 2);
INSERT INTO FIDE_USUARIOS_ROLES_TB (ID_USUARIO, ID_ROL) VALUES (67, 2);
INSERT INTO FIDE_USUARIOS_ROLES_TB (ID_USUARIO, ID_ROL) VALUES (68, 2);
INSERT INTO FIDE_USUARIOS_ROLES_TB (ID_USUARIO, ID_ROL) VALUES (69, 2);
INSERT INTO FIDE_USUARIOS_ROLES_TB (ID_USUARIO, ID_ROL) VALUES (70, 2);
INSERT INTO FIDE_USUARIOS_ROLES_TB (ID_USUARIO, ID_ROL) VALUES (71, 2);
INSERT INTO FIDE_USUARIOS_ROLES_TB (ID_USUARIO, ID_ROL) VALUES (72, 2);
INSERT INTO FIDE_USUARIOS_ROLES_TB (ID_USUARIO, ID_ROL) VALUES (73, 2);
INSERT INTO FIDE_USUARIOS_ROLES_TB (ID_USUARIO, ID_ROL) VALUES (74, 2);
INSERT INTO FIDE_USUARIOS_ROLES_TB (ID_USUARIO, ID_ROL) VALUES (75, 2);
INSERT INTO FIDE_USUARIOS_ROLES_TB (ID_USUARIO, ID_ROL) VALUES (76, 2);
INSERT INTO FIDE_USUARIOS_ROLES_TB (ID_USUARIO, ID_ROL) VALUES (77, 2);
INSERT INTO FIDE_USUARIOS_ROLES_TB (ID_USUARIO, ID_ROL) VALUES (78, 2);
INSERT INTO FIDE_USUARIOS_ROLES_TB (ID_USUARIO, ID_ROL) VALUES (79, 2);
INSERT INTO FIDE_USUARIOS_ROLES_TB (ID_USUARIO, ID_ROL) VALUES (80, 2);
INSERT INTO FIDE_USUARIOS_ROLES_TB (ID_USUARIO, ID_ROL) VALUES (81, 2);
INSERT INTO FIDE_USUARIOS_ROLES_TB (ID_USUARIO, ID_ROL) VALUES (82, 2);
INSERT INTO FIDE_USUARIOS_ROLES_TB (ID_USUARIO, ID_ROL) VALUES (83, 2);
INSERT INTO FIDE_USUARIOS_ROLES_TB (ID_USUARIO, ID_ROL) VALUES (84, 2);
INSERT INTO FIDE_USUARIOS_ROLES_TB (ID_USUARIO, ID_ROL) VALUES (85, 2);
INSERT INTO FIDE_USUARIOS_ROLES_TB (ID_USUARIO, ID_ROL) VALUES (86, 2);
INSERT INTO FIDE_USUARIOS_ROLES_TB (ID_USUARIO, ID_ROL) VALUES (87, 2);
INSERT INTO FIDE_USUARIOS_ROLES_TB (ID_USUARIO, ID_ROL) VALUES (88, 2);
INSERT INTO FIDE_USUARIOS_ROLES_TB (ID_USUARIO, ID_ROL) VALUES (89, 2);
INSERT INTO FIDE_USUARIOS_ROLES_TB (ID_USUARIO, ID_ROL) VALUES (90, 2);
INSERT INTO FIDE_USUARIOS_ROLES_TB (ID_USUARIO, ID_ROL) VALUES (91, 2);
INSERT INTO FIDE_USUARIOS_ROLES_TB (ID_USUARIO, ID_ROL) VALUES (92, 2);
INSERT INTO FIDE_USUARIOS_ROLES_TB (ID_USUARIO, ID_ROL) VALUES (93, 2);
INSERT INTO FIDE_USUARIOS_ROLES_TB (ID_USUARIO, ID_ROL) VALUES (94, 2);
INSERT INTO FIDE_USUARIOS_ROLES_TB (ID_USUARIO, ID_ROL) VALUES (95, 2);
INSERT INTO FIDE_USUARIOS_ROLES_TB (ID_USUARIO, ID_ROL) VALUES (96, 2);
INSERT INTO FIDE_USUARIOS_ROLES_TB (ID_USUARIO, ID_ROL) VALUES (97, 2);
INSERT INTO FIDE_USUARIOS_ROLES_TB (ID_USUARIO, ID_ROL) VALUES (98, 2);
INSERT INTO FIDE_USUARIOS_ROLES_TB (ID_USUARIO, ID_ROL) VALUES (99, 2);
INSERT INTO FIDE_USUARIOS_ROLES_TB (ID_USUARIO, ID_ROL) VALUES (100, 2);
INSERT INTO FIDE_USUARIOS_ROLES_TB (ID_USUARIO, ID_ROL) VALUES (101, 2);
INSERT INTO FIDE_USUARIOS_ROLES_TB (ID_USUARIO, ID_ROL) VALUES (102, 2);
INSERT INTO FIDE_USUARIOS_ROLES_TB (ID_USUARIO, ID_ROL) VALUES (103, 2);
INSERT INTO FIDE_USUARIOS_ROLES_TB (ID_USUARIO, ID_ROL) VALUES (104, 2);
INSERT INTO FIDE_USUARIOS_ROLES_TB (ID_USUARIO, ID_ROL) VALUES (105, 2);
INSERT INTO FIDE_USUARIOS_ROLES_TB (ID_USUARIO, ID_ROL) VALUES (106, 2);
INSERT INTO FIDE_USUARIOS_ROLES_TB (ID_USUARIO, ID_ROL) VALUES (107, 2);
INSERT INTO FIDE_USUARIOS_ROLES_TB (ID_USUARIO, ID_ROL) VALUES (108, 2);
INSERT INTO FIDE_USUARIOS_ROLES_TB (ID_USUARIO, ID_ROL) VALUES (109, 2);
INSERT INTO FIDE_USUARIOS_ROLES_TB (ID_USUARIO, ID_ROL) VALUES (110, 2);
INSERT INTO FIDE_USUARIOS_ROLES_TB (ID_USUARIO, ID_ROL) VALUES (111, 2);
INSERT INTO FIDE_USUARIOS_ROLES_TB (ID_USUARIO, ID_ROL) VALUES (112, 2);
INSERT INTO FIDE_USUARIOS_ROLES_TB (ID_USUARIO, ID_ROL) VALUES (113, 2);
INSERT INTO FIDE_USUARIOS_ROLES_TB (ID_USUARIO, ID_ROL) VALUES (114, 2);
INSERT INTO FIDE_USUARIOS_ROLES_TB (ID_USUARIO, ID_ROL) VALUES (115, 2);
INSERT INTO FIDE_USUARIOS_ROLES_TB (ID_USUARIO, ID_ROL) VALUES (116, 2);
INSERT INTO FIDE_USUARIOS_ROLES_TB (ID_USUARIO, ID_ROL) VALUES (117, 2);
INSERT INTO FIDE_USUARIOS_ROLES_TB (ID_USUARIO, ID_ROL) VALUES (118, 2);
INSERT INTO FIDE_USUARIOS_ROLES_TB (ID_USUARIO, ID_ROL) VALUES (119, 2);
INSERT INTO FIDE_USUARIOS_ROLES_TB (ID_USUARIO, ID_ROL) VALUES (120, 2);
INSERT INTO FIDE_USUARIOS_ROLES_TB (ID_USUARIO, ID_ROL) VALUES (121, 2);
INSERT INTO FIDE_USUARIOS_ROLES_TB (ID_USUARIO, ID_ROL) VALUES (122, 2);
INSERT INTO FIDE_USUARIOS_ROLES_TB (ID_USUARIO, ID_ROL) VALUES (123, 2);
INSERT INTO FIDE_USUARIOS_ROLES_TB (ID_USUARIO, ID_ROL) VALUES (124, 2);
INSERT INTO FIDE_USUARIOS_ROLES_TB (ID_USUARIO, ID_ROL) VALUES (125, 2);
INSERT INTO FIDE_USUARIOS_ROLES_TB (ID_USUARIO, ID_ROL) VALUES (126, 2);
INSERT INTO FIDE_USUARIOS_ROLES_TB (ID_USUARIO, ID_ROL) VALUES (127, 2);
INSERT INTO FIDE_USUARIOS_ROLES_TB (ID_USUARIO, ID_ROL) VALUES (128, 2);
INSERT INTO FIDE_USUARIOS_ROLES_TB (ID_USUARIO, ID_ROL) VALUES (129, 2);
INSERT INTO FIDE_USUARIOS_ROLES_TB (ID_USUARIO, ID_ROL) VALUES (130, 2);
INSERT INTO FIDE_USUARIOS_ROLES_TB (ID_USUARIO, ID_ROL) VALUES (131, 2);
INSERT INTO FIDE_USUARIOS_ROLES_TB (ID_USUARIO, ID_ROL) VALUES (132, 2);
INSERT INTO FIDE_USUARIOS_ROLES_TB (ID_USUARIO, ID_ROL) VALUES (133, 2);
INSERT INTO FIDE_USUARIOS_ROLES_TB (ID_USUARIO, ID_ROL) VALUES (134, 2);
INSERT INTO FIDE_USUARIOS_ROLES_TB (ID_USUARIO, ID_ROL) VALUES (135, 2);
INSERT INTO FIDE_USUARIOS_ROLES_TB (ID_USUARIO, ID_ROL) VALUES (136, 2);
INSERT INTO FIDE_USUARIOS_ROLES_TB (ID_USUARIO, ID_ROL) VALUES (137, 2);
INSERT INTO FIDE_USUARIOS_ROLES_TB (ID_USUARIO, ID_ROL) VALUES (138, 2);
INSERT INTO FIDE_USUARIOS_ROLES_TB (ID_USUARIO, ID_ROL) VALUES (139, 2);
INSERT INTO FIDE_USUARIOS_ROLES_TB (ID_USUARIO, ID_ROL) VALUES (140, 2);
INSERT INTO FIDE_USUARIOS_ROLES_TB (ID_USUARIO, ID_ROL) VALUES (141, 2);
INSERT INTO FIDE_USUARIOS_ROLES_TB (ID_USUARIO, ID_ROL) VALUES (142, 2);
INSERT INTO FIDE_USUARIOS_ROLES_TB (ID_USUARIO, ID_ROL) VALUES (143, 2);
INSERT INTO FIDE_USUARIOS_ROLES_TB (ID_USUARIO, ID_ROL) VALUES (144, 2);
INSERT INTO FIDE_USUARIOS_ROLES_TB (ID_USUARIO, ID_ROL) VALUES (145, 2);
INSERT INTO FIDE_USUARIOS_ROLES_TB (ID_USUARIO, ID_ROL) VALUES (146, 2);
INSERT INTO FIDE_USUARIOS_ROLES_TB (ID_USUARIO, ID_ROL) VALUES (147, 2);
INSERT INTO FIDE_USUARIOS_ROLES_TB (ID_USUARIO, ID_ROL) VALUES (148, 2);
INSERT INTO FIDE_USUARIOS_ROLES_TB (ID_USUARIO, ID_ROL) VALUES (149, 2);
INSERT INTO FIDE_USUARIOS_ROLES_TB (ID_USUARIO, ID_ROL) VALUES (150, 2);
INSERT INTO FIDE_USUARIOS_ROLES_TB (ID_USUARIO, ID_ROL) VALUES (151, 2);
INSERT INTO FIDE_USUARIOS_ROLES_TB (ID_USUARIO, ID_ROL) VALUES (152, 2);
INSERT INTO FIDE_USUARIOS_ROLES_TB (ID_USUARIO, ID_ROL) VALUES (153, 2);
INSERT INTO FIDE_USUARIOS_ROLES_TB (ID_USUARIO, ID_ROL) VALUES (154, 2);
INSERT INTO FIDE_USUARIOS_ROLES_TB (ID_USUARIO, ID_ROL) VALUES (155, 2);
INSERT INTO FIDE_USUARIOS_ROLES_TB (ID_USUARIO, ID_ROL) VALUES (156, 2);
INSERT INTO FIDE_USUARIOS_ROLES_TB (ID_USUARIO, ID_ROL) VALUES (157, 2);
INSERT INTO FIDE_USUARIOS_ROLES_TB (ID_USUARIO, ID_ROL) VALUES (158, 2);
INSERT INTO FIDE_USUARIOS_ROLES_TB (ID_USUARIO, ID_ROL) VALUES (159, 2);
INSERT INTO FIDE_USUARIOS_ROLES_TB (ID_USUARIO, ID_ROL) VALUES (160, 2);
INSERT INTO FIDE_USUARIOS_ROLES_TB (ID_USUARIO, ID_ROL) VALUES (161, 2);
INSERT INTO FIDE_USUARIOS_ROLES_TB (ID_USUARIO, ID_ROL) VALUES (162, 2);
INSERT INTO FIDE_USUARIOS_ROLES_TB (ID_USUARIO, ID_ROL) VALUES (163, 2);
INSERT INTO FIDE_USUARIOS_ROLES_TB (ID_USUARIO, ID_ROL) VALUES (164, 2);
INSERT INTO FIDE_USUARIOS_ROLES_TB (ID_USUARIO, ID_ROL) VALUES (165, 2);
INSERT INTO FIDE_USUARIOS_ROLES_TB (ID_USUARIO, ID_ROL) VALUES (166, 2);
INSERT INTO FIDE_USUARIOS_ROLES_TB (ID_USUARIO, ID_ROL) VALUES (167, 2);
INSERT INTO FIDE_USUARIOS_ROLES_TB (ID_USUARIO, ID_ROL) VALUES (168, 2);
INSERT INTO FIDE_USUARIOS_ROLES_TB (ID_USUARIO, ID_ROL) VALUES (169, 2);
INSERT INTO FIDE_USUARIOS_ROLES_TB (ID_USUARIO, ID_ROL) VALUES (170, 2);
INSERT INTO FIDE_USUARIOS_ROLES_TB (ID_USUARIO, ID_ROL) VALUES (171, 2);
INSERT INTO FIDE_USUARIOS_ROLES_TB (ID_USUARIO, ID_ROL) VALUES (172, 2);
INSERT INTO FIDE_USUARIOS_ROLES_TB (ID_USUARIO, ID_ROL) VALUES (173, 2);
INSERT INTO FIDE_USUARIOS_ROLES_TB (ID_USUARIO, ID_ROL) VALUES (174, 2);
INSERT INTO FIDE_USUARIOS_ROLES_TB (ID_USUARIO, ID_ROL) VALUES (175, 2);
INSERT INTO FIDE_USUARIOS_ROLES_TB (ID_USUARIO, ID_ROL) VALUES (176, 2);
INSERT INTO FIDE_USUARIOS_ROLES_TB (ID_USUARIO, ID_ROL) VALUES (177, 2);
INSERT INTO FIDE_USUARIOS_ROLES_TB (ID_USUARIO, ID_ROL) VALUES (178, 2);
INSERT INTO FIDE_USUARIOS_ROLES_TB (ID_USUARIO, ID_ROL) VALUES (179, 2);
INSERT INTO FIDE_USUARIOS_ROLES_TB (ID_USUARIO, ID_ROL) VALUES (180, 2);
INSERT INTO FIDE_USUARIOS_ROLES_TB (ID_USUARIO, ID_ROL) VALUES (181, 2);
INSERT INTO FIDE_USUARIOS_ROLES_TB (ID_USUARIO, ID_ROL) VALUES (182, 2);
INSERT INTO FIDE_USUARIOS_ROLES_TB (ID_USUARIO, ID_ROL) VALUES (183, 2);
INSERT INTO FIDE_USUARIOS_ROLES_TB (ID_USUARIO, ID_ROL) VALUES (184, 2);
INSERT INTO FIDE_USUARIOS_ROLES_TB (ID_USUARIO, ID_ROL) VALUES (185, 2);
INSERT INTO FIDE_USUARIOS_ROLES_TB (ID_USUARIO, ID_ROL) VALUES (186, 2);
INSERT INTO FIDE_USUARIOS_ROLES_TB (ID_USUARIO, ID_ROL) VALUES (187, 2);
INSERT INTO FIDE_USUARIOS_ROLES_TB (ID_USUARIO, ID_ROL) VALUES (188, 2);
INSERT INTO FIDE_USUARIOS_ROLES_TB (ID_USUARIO, ID_ROL) VALUES (189, 2);
INSERT INTO FIDE_USUARIOS_ROLES_TB (ID_USUARIO, ID_ROL) VALUES (190, 2);
INSERT INTO FIDE_USUARIOS_ROLES_TB (ID_USUARIO, ID_ROL) VALUES (191, 2);
INSERT INTO FIDE_USUARIOS_ROLES_TB (ID_USUARIO, ID_ROL) VALUES (192, 2);
INSERT INTO FIDE_USUARIOS_ROLES_TB (ID_USUARIO, ID_ROL) VALUES (193, 2);
INSERT INTO FIDE_USUARIOS_ROLES_TB (ID_USUARIO, ID_ROL) VALUES (194, 2);
INSERT INTO FIDE_USUARIOS_ROLES_TB (ID_USUARIO, ID_ROL) VALUES (195, 2);
INSERT INTO FIDE_USUARIOS_ROLES_TB (ID_USUARIO, ID_ROL) VALUES (196, 2);
INSERT INTO FIDE_USUARIOS_ROLES_TB (ID_USUARIO, ID_ROL) VALUES (197, 2);
INSERT INTO FIDE_USUARIOS_ROLES_TB (ID_USUARIO, ID_ROL) VALUES (198, 2);
INSERT INTO FIDE_USUARIOS_ROLES_TB (ID_USUARIO, ID_ROL) VALUES (199, 2);
INSERT INTO FIDE_USUARIOS_ROLES_TB (ID_USUARIO, ID_ROL) VALUES (200, 2);
SELECT * FROM FIDE_USUARIOS_ROLES_TB;

-- Inserts Tabla FIDE_BENEFICIO_TB
INSERT INTO FIDE_BENEFICIO_TB (ID_BENEFICIO, NOMBRE_BENEFICIO, DESCRIPCION, ID_CATEGORIA, ID_ESTADO) VALUES (1, 'Beca Universitaria Parcial', 'Descuento del 20% en materias de bachillerato', 5, 1);
INSERT INTO FIDE_BENEFICIO_TB (ID_BENEFICIO, NOMBRE_BENEFICIO, DESCRIPCION, ID_CATEGORIA, ID_ESTADO) VALUES (2, 'Convenio Farmacia', 'Descuento del 15% en medicamentos de la lista seleccionada', 6, 1);
INSERT INTO FIDE_BENEFICIO_TB (ID_BENEFICIO, NOMBRE_BENEFICIO, DESCRIPCION, ID_CATEGORIA, ID_ESTADO) VALUES (3, 'Subsidio por Lentes', 'Ayuda económica anual de ₡30,000 para compra de aros y lentes', 6, 1);
INSERT INTO FIDE_BENEFICIO_TB (ID_BENEFICIO, NOMBRE_BENEFICIO, DESCRIPCION, ID_CATEGORIA, ID_ESTADO) VALUES (4, 'Convenio Gimnasio', 'Exoneración de matrícula y mensualidad preferencial', 7, 1);
INSERT INTO FIDE_BENEFICIO_TB (ID_BENEFICIO, NOMBRE_BENEFICIO, DESCRIPCION, ID_CATEGORIA, ID_ESTADO) VALUES (5, 'Seguro de Vida Colectivo', 'Póliza básica de vida para el asociado y núcleo familiar directo', 8, 1);
INSERT INTO FIDE_BENEFICIO_TB (ID_BENEFICIO, NOMBRE_BENEFICIO, DESCRIPCION, ID_CATEGORIA, ID_ESTADO) VALUES (6, 'Descuento Óptica', 'Examen de la vista gratuito y 20% en lentes de sol', 6, 1);
INSERT INTO FIDE_BENEFICIO_TB (ID_BENEFICIO, NOMBRE_BENEFICIO, DESCRIPCION, ID_CATEGORIA, ID_ESTADO) VALUES (7, 'Entradas de Cine', 'Precio especial en entradas 2D (4 por mes)', 9, 1);
INSERT INTO FIDE_BENEFICIO_TB (ID_BENEFICIO, NOMBRE_BENEFICIO, DESCRIPCION, ID_CATEGORIA, ID_ESTADO) VALUES (8, 'Convenio Odontológico', 'Limpieza dental gratuita semestral y descuentos en ortodoncia', 6, 1);
INSERT INTO FIDE_BENEFICIO_TB (ID_BENEFICIO, NOMBRE_BENEFICIO, DESCRIPCION, ID_CATEGORIA, ID_ESTADO) VALUES (9, 'Bono Navideño', 'Tarjeta de regalo de ₡25,000 para canje en supermercados', 10, 1);
INSERT INTO FIDE_BENEFICIO_TB (ID_BENEFICIO, NOMBRE_BENEFICIO, DESCRIPCION, ID_CATEGORIA, ID_ESTADO) VALUES (10, 'Subsidio Escolar', 'Ayuda económica para compra de útiles al inicio del curso lectivo', 5, 1);
INSERT INTO FIDE_BENEFICIO_TB (ID_BENEFICIO, NOMBRE_BENEFICIO, DESCRIPCION, ID_CATEGORIA, ID_ESTADO) VALUES (11, 'Convenio Hoteles', 'Tarifa corporativa preferencial en Todo Incluido', 9, 1);
INSERT INTO FIDE_BENEFICIO_TB (ID_BENEFICIO, NOMBRE_BENEFICIO, DESCRIPCION, ID_CATEGORIA, ID_ESTADO) VALUES (12, 'Auxilio Funerario', 'Asistencia económica inmediata en caso de fallecimiento del asociado', 8, 1);
INSERT INTO FIDE_BENEFICIO_TB (ID_BENEFICIO, NOMBRE_BENEFICIO, DESCRIPCION, ID_CATEGORIA, ID_ESTADO) VALUES (13, 'Convenio Automoviles', 'Descuento en cambio de aceite y revisión general de vehículos', 11, 1);
INSERT INTO FIDE_BENEFICIO_TB (ID_BENEFICIO, NOMBRE_BENEFICIO, DESCRIPCION, ID_CATEGORIA, ID_ESTADO) VALUES (14, 'Curso de Inglés', 'Acceso a plataforma virtual de aprendizaje con costo reducido', 5, 1);
INSERT INTO FIDE_BENEFICIO_TB (ID_BENEFICIO, NOMBRE_BENEFICIO, DESCRIPCION, ID_CATEGORIA, ID_ESTADO) VALUES (15, 'Feria del Agricultor', 'Descuento del 10% en productos frescos durante la feria mensual', 10, 1);
SELECT * FROM FIDE_BENEFICIO_TB;

-- Inserts Tabla FIDE_SERVICIO_TB
INSERT INTO FIDE_SERVICIO_TB (ID_SERVICIO, NOMBRE_SERVICIO, DESCRIPCION, VALOR_ESTIMADO, STOCK, ID_CATEGORIA, ID_ESTADO) VALUES (1, 'Venta de Ordenes de Compra', 'Ordenes canjeables en comercios afiliados', 10000.00, 500, 10, 1);
INSERT INTO FIDE_SERVICIO_TB (ID_SERVICIO, NOMBRE_SERVICIO, DESCRIPCION, VALOR_ESTIMADO, STOCK, ID_CATEGORIA, ID_ESTADO) VALUES (2, 'Alquiler de Menaje', 'Préstamo de sillas y mesas para eventos privados de asociados', 1500.00, 100, 9, 1);
INSERT INTO FIDE_SERVICIO_TB (ID_SERVICIO, NOMBRE_SERVICIO, DESCRIPCION, VALOR_ESTIMADO, STOCK, ID_CATEGORIA, ID_ESTADO) VALUES (3, 'Asesoría Legal Básica', 'Consulta inicial con abogado en temas civiles o laborales', 25000.00, 20, 12, 1);
INSERT INTO FIDE_SERVICIO_TB (ID_SERVICIO, NOMBRE_SERVICIO, DESCRIPCION, VALOR_ESTIMADO, STOCK, ID_CATEGORIA, ID_ESTADO) VALUES (4, 'Trámite de Marchamo', 'Gestión administrativa para el pago de derechos de circulación', 5000.00, 999, 11, 1);
INSERT INTO FIDE_SERVICIO_TB (ID_SERVICIO, NOMBRE_SERVICIO, DESCRIPCION, VALOR_ESTIMADO, STOCK, ID_CATEGORIA, ID_ESTADO) VALUES (5, 'Venta de Uniformes', 'Uniformes oficiales de la institución para asociados', 18000.00, 50, 5, 1);
INSERT INTO FIDE_SERVICIO_TB (ID_SERVICIO, NOMBRE_SERVICIO, DESCRIPCION, VALOR_ESTIMADO, STOCK, ID_CATEGORIA, ID_ESTADO) VALUES (6, 'Asesoría Financiera', 'Planificación de presupuesto y manejo de deudas', 0.00, 10, 1, 1);
INSERT INTO FIDE_SERVICIO_TB (ID_SERVICIO, NOMBRE_SERVICIO, DESCRIPCION, VALOR_ESTIMADO, STOCK, ID_CATEGORIA, ID_ESTADO) VALUES (7, 'Uso de Gimnasio Interno', 'Acceso mensual a las instalaciones deportivas de la sede', 5000.00, 40, 7, 1);
INSERT INTO FIDE_SERVICIO_TB (ID_SERVICIO, NOMBRE_SERVICIO, DESCRIPCION, VALOR_ESTIMADO, STOCK, ID_CATEGORIA, ID_ESTADO) VALUES (8, 'Venta de Kit Escolar', 'Paquete básico de cuadernos, lapiceros y bulto', 12000.00, 30, 5, 1);
INSERT INTO FIDE_SERVICIO_TB (ID_SERVICIO, NOMBRE_SERVICIO, DESCRIPCION, VALOR_ESTIMADO, STOCK, ID_CATEGORIA, ID_ESTADO) VALUES (9, 'Envío de Paquetería', 'Servicio de mensajería interna entre sedes para asociados', 2500.00, 100, 12, 1);
INSERT INTO FIDE_SERVICIO_TB (ID_SERVICIO, NOMBRE_SERVICIO, DESCRIPCION, VALOR_ESTIMADO, STOCK, ID_CATEGORIA, ID_ESTADO) VALUES (10, 'Suscripción Revista Digital', 'Acceso anual a base de datos de investigación y noticias', 8500.00, 200, 5, 1);
INSERT INTO FIDE_SERVICIO_TB (ID_SERVICIO, NOMBRE_SERVICIO, DESCRIPCION, VALOR_ESTIMADO, STOCK, ID_CATEGORIA, ID_ESTADO) VALUES (11, 'Taller de Manualidades', 'Inscripción a curso mensual de artes plásticas', 15000.00, 15, 9, 1);
INSERT INTO FIDE_SERVICIO_TB (ID_SERVICIO, NOMBRE_SERVICIO, DESCRIPCION, VALOR_ESTIMADO, STOCK, ID_CATEGORIA, ID_ESTADO) VALUES (12, 'Venta de Marchamo Digital', 'Sticker con código para control vehicular', 3000.00, 300, 11, 1);
INSERT INTO FIDE_SERVICIO_TB (ID_SERVICIO, NOMBRE_SERVICIO, DESCRIPCION, VALOR_ESTIMADO, STOCK, ID_CATEGORIA, ID_ESTADO) VALUES (13, 'Clases de Yoga', 'Sesiones semanales presenciales o virtuales', 4000.00, 25, 7, 1);
INSERT INTO FIDE_SERVICIO_TB (ID_SERVICIO, NOMBRE_SERVICIO, DESCRIPCION, VALOR_ESTIMADO, STOCK, ID_CATEGORIA, ID_ESTADO) VALUES (14, 'Asistencia Técnica Hogar', 'Coordinación de fontanería o electricidad básica', 10000.00, 10, 12, 1);
INSERT INTO FIDE_SERVICIO_TB (ID_SERVICIO, NOMBRE_SERVICIO, DESCRIPCION, VALOR_ESTIMADO, STOCK, ID_CATEGORIA, ID_ESTADO) VALUES (15, 'Carga de Tarjetas de Transporte', 'Servicio de recarga de tarjetas de bus/tren', 0.00, 1000, 11, 1);
SELECT * FROM FIDE_SERVICIO_TB;

-- Inserts Tabla FIDE_TRANSACCION_TB
INSERT INTO FIDE_TRANSACCION_TB (ID_TRANSACCION, FECHA_TRANSACCION, ID_TIPO_TRANSACCION, MONTO_TOTAL, ID_USUARIO, ID_ESTADO) VALUES (1, TO_DATE('2025-01-05', 'YYYY-MM-DD'), 1, 75000.00, 1, 9);
INSERT INTO FIDE_TRANSACCION_TB (ID_TRANSACCION, FECHA_TRANSACCION, ID_TIPO_TRANSACCION, MONTO_TOTAL, ID_USUARIO, ID_ESTADO) VALUES (2, TO_DATE('2025-01-08', 'YYYY-MM-DD'), 2, 25000.00, 2, 9);
INSERT INTO FIDE_TRANSACCION_TB (ID_TRANSACCION, FECHA_TRANSACCION, ID_TIPO_TRANSACCION, MONTO_TOTAL, ID_USUARIO, ID_ESTADO) VALUES (3, TO_DATE('2025-01-12', 'YYYY-MM-DD'), 7, 150000.00, 3, 9);
INSERT INTO FIDE_TRANSACCION_TB (ID_TRANSACCION, FECHA_TRANSACCION, ID_TIPO_TRANSACCION, MONTO_TOTAL, ID_USUARIO, ID_ESTADO) VALUES (4, TO_DATE('2025-01-15', 'YYYY-MM-DD'), 8, 500000.00, 4, 9);
INSERT INTO FIDE_TRANSACCION_TB (ID_TRANSACCION, FECHA_TRANSACCION, ID_TIPO_TRANSACCION, MONTO_TOTAL, ID_USUARIO, ID_ESTADO) VALUES (5, TO_DATE('2025-01-18', 'YYYY-MM-DD'), 1, 45000.00, 5, 9);
INSERT INTO FIDE_TRANSACCION_TB (ID_TRANSACCION, FECHA_TRANSACCION, ID_TIPO_TRANSACCION, MONTO_TOTAL, ID_USUARIO, ID_ESTADO) VALUES (6, TO_DATE('2025-01-20', 'YYYY-MM-DD'), 6, 30000.00, 6, 9);
INSERT INTO FIDE_TRANSACCION_TB (ID_TRANSACCION, FECHA_TRANSACCION, ID_TIPO_TRANSACCION, MONTO_TOTAL, ID_USUARIO, ID_ESTADO) VALUES (7, TO_DATE('2025-01-22', 'YYYY-MM-DD'), 7, 85000.00, 7, 9);
INSERT INTO FIDE_TRANSACCION_TB (ID_TRANSACCION, FECHA_TRANSACCION, ID_TIPO_TRANSACCION, MONTO_TOTAL, ID_USUARIO, ID_ESTADO) VALUES (8, TO_DATE('2025-01-25', 'YYYY-MM-DD'), 1, 20000.00, 8, 9);
INSERT INTO FIDE_TRANSACCION_TB (ID_TRANSACCION, FECHA_TRANSACCION, ID_TIPO_TRANSACCION, MONTO_TOTAL, ID_USUARIO, ID_ESTADO) VALUES (9, TO_DATE('2025-01-28', 'YYYY-MM-DD'), 5, 2500.00, 9, 9);
INSERT INTO FIDE_TRANSACCION_TB (ID_TRANSACCION, FECHA_TRANSACCION, ID_TIPO_TRANSACCION, MONTO_TOTAL, ID_USUARIO, ID_ESTADO) VALUES (10, TO_DATE('2025-01-30', 'YYYY-MM-DD'), 1, 15000.00, 10, 6);
INSERT INTO FIDE_TRANSACCION_TB (ID_TRANSACCION, FECHA_TRANSACCION, ID_TIPO_TRANSACCION, MONTO_TOTAL, ID_USUARIO, ID_ESTADO) VALUES (11, TO_DATE('2025-02-02', 'YYYY-MM-DD'), 1, 45000.00, 11, 9);
INSERT INTO FIDE_TRANSACCION_TB (ID_TRANSACCION, FECHA_TRANSACCION, ID_TIPO_TRANSACCION, MONTO_TOTAL, ID_USUARIO, ID_ESTADO) VALUES (12, TO_DATE('2025-02-05', 'YYYY-MM-DD'), 7, 120000.00, 12, 9);
INSERT INTO FIDE_TRANSACCION_TB (ID_TRANSACCION, FECHA_TRANSACCION, ID_TIPO_TRANSACCION, MONTO_TOTAL, ID_USUARIO, ID_ESTADO) VALUES (13, TO_DATE('2025-02-08', 'YYYY-MM-DD'), 2, 40000.00, 13, 9);
INSERT INTO FIDE_TRANSACCION_TB (ID_TRANSACCION, FECHA_TRANSACCION, ID_TIPO_TRANSACCION, MONTO_TOTAL, ID_USUARIO, ID_ESTADO) VALUES (14, TO_DATE('2025-02-12', 'YYYY-MM-DD'), 8, 800000.00, 14, 9);
INSERT INTO FIDE_TRANSACCION_TB (ID_TRANSACCION, FECHA_TRANSACCION, ID_TIPO_TRANSACCION, MONTO_TOTAL, ID_USUARIO, ID_ESTADO) VALUES (15, TO_DATE('2025-02-15', 'YYYY-MM-DD'), 1, 50000.00, 15, 9);
INSERT INTO FIDE_TRANSACCION_TB (ID_TRANSACCION, FECHA_TRANSACCION, ID_TIPO_TRANSACCION, MONTO_TOTAL, ID_USUARIO, ID_ESTADO) VALUES (16, TO_DATE('2025-02-18', 'YYYY-MM-DD'), 6, 25000.00, 16, 9);
INSERT INTO FIDE_TRANSACCION_TB (ID_TRANSACCION, FECHA_TRANSACCION, ID_TIPO_TRANSACCION, MONTO_TOTAL, ID_USUARIO, ID_ESTADO) VALUES (17, TO_DATE('2025-02-22', 'YYYY-MM-DD'), 7, 65000.00, 17, 9);
INSERT INTO FIDE_TRANSACCION_TB (ID_TRANSACCION, FECHA_TRANSACCION, ID_TIPO_TRANSACCION, MONTO_TOTAL, ID_USUARIO, ID_ESTADO) VALUES (18, TO_DATE('2025-02-25', 'YYYY-MM-DD'), 1, 20000.00, 18, 9);
INSERT INTO FIDE_TRANSACCION_TB (ID_TRANSACCION, FECHA_TRANSACCION, ID_TIPO_TRANSACCION, MONTO_TOTAL, ID_USUARIO, ID_ESTADO) VALUES (19, TO_DATE('2025-02-27', 'YYYY-MM-DD'), 4, 3500.00, 19, 9);
INSERT INTO FIDE_TRANSACCION_TB (ID_TRANSACCION, FECHA_TRANSACCION, ID_TIPO_TRANSACCION, MONTO_TOTAL, ID_USUARIO, ID_ESTADO) VALUES (20, TO_DATE('2025-02-28', 'YYYY-MM-DD'), 1, 12000.00, 20, 6);
INSERT INTO FIDE_TRANSACCION_TB (ID_TRANSACCION, FECHA_TRANSACCION, ID_TIPO_TRANSACCION, MONTO_TOTAL, ID_USUARIO, ID_ESTADO) VALUES (21, TO_DATE('2025-03-02', 'YYYY-MM-DD'), 1, 45000.00, 21, 9);
INSERT INTO FIDE_TRANSACCION_TB (ID_TRANSACCION, FECHA_TRANSACCION, ID_TIPO_TRANSACCION, MONTO_TOTAL, ID_USUARIO, ID_ESTADO) VALUES (22, TO_DATE('2025-03-05', 'YYYY-MM-DD'), 7, 95000.00, 22, 9);
INSERT INTO FIDE_TRANSACCION_TB (ID_TRANSACCION, FECHA_TRANSACCION, ID_TIPO_TRANSACCION, MONTO_TOTAL, ID_USUARIO, ID_ESTADO) VALUES (23, TO_DATE('2025-03-10', 'YYYY-MM-DD'), 2, 60000.00, 23, 9);
INSERT INTO FIDE_TRANSACCION_TB (ID_TRANSACCION, FECHA_TRANSACCION, ID_TIPO_TRANSACCION, MONTO_TOTAL, ID_USUARIO, ID_ESTADO) VALUES (24, TO_DATE('2025-03-12', 'YYYY-MM-DD'), 8, 350000.00, 24, 9);
INSERT INTO FIDE_TRANSACCION_TB (ID_TRANSACCION, FECHA_TRANSACCION, ID_TIPO_TRANSACCION, MONTO_TOTAL, ID_USUARIO, ID_ESTADO) VALUES (25, TO_DATE('2025-03-15', 'YYYY-MM-DD'), 1, 55000.00, 25, 9);
INSERT INTO FIDE_TRANSACCION_TB (ID_TRANSACCION, FECHA_TRANSACCION, ID_TIPO_TRANSACCION, MONTO_TOTAL, ID_USUARIO, ID_ESTADO) VALUES (26, TO_DATE('2025-03-18', 'YYYY-MM-DD'), 6, 20000.00, 26, 9);
INSERT INTO FIDE_TRANSACCION_TB (ID_TRANSACCION, FECHA_TRANSACCION, ID_TIPO_TRANSACCION, MONTO_TOTAL, ID_USUARIO, ID_ESTADO) VALUES (27, TO_DATE('2025-03-22', 'YYYY-MM-DD'), 7, 75000.00, 27, 9);
INSERT INTO FIDE_TRANSACCION_TB (ID_TRANSACCION, FECHA_TRANSACCION, ID_TIPO_TRANSACCION, MONTO_TOTAL, ID_USUARIO, ID_ESTADO) VALUES (28, TO_DATE('2025-03-25', 'YYYY-MM-DD'), 1, 20000.00, 28, 9);
INSERT INTO FIDE_TRANSACCION_TB (ID_TRANSACCION, FECHA_TRANSACCION, ID_TIPO_TRANSACCION, MONTO_TOTAL, ID_USUARIO, ID_ESTADO) VALUES (29, TO_DATE('2025-03-28', 'YYYY-MM-DD'), 5, 1500.00, 29, 9);
INSERT INTO FIDE_TRANSACCION_TB (ID_TRANSACCION, FECHA_TRANSACCION, ID_TIPO_TRANSACCION, MONTO_TOTAL, ID_USUARIO, ID_ESTADO) VALUES (30, TO_DATE('2025-03-30', 'YYYY-MM-DD'), 1, 30000.00, 30, 6);
INSERT INTO FIDE_TRANSACCION_TB (ID_TRANSACCION, FECHA_TRANSACCION, ID_TIPO_TRANSACCION, MONTO_TOTAL, ID_USUARIO, ID_ESTADO) VALUES (31, TO_DATE('2025-04-02', 'YYYY-MM-DD'), 1, 45000.00, 31, 9);
INSERT INTO FIDE_TRANSACCION_TB (ID_TRANSACCION, FECHA_TRANSACCION, ID_TIPO_TRANSACCION, MONTO_TOTAL, ID_USUARIO, ID_ESTADO) VALUES (32, TO_DATE('2025-04-05', 'YYYY-MM-DD'), 7, 110000.00, 32, 9);
INSERT INTO FIDE_TRANSACCION_TB (ID_TRANSACCION, FECHA_TRANSACCION, ID_TIPO_TRANSACCION, MONTO_TOTAL, ID_USUARIO, ID_ESTADO) VALUES (33, TO_DATE('2025-04-10', 'YYYY-MM-DD'), 2, 30000.00, 33, 9);
INSERT INTO FIDE_TRANSACCION_TB (ID_TRANSACCION, FECHA_TRANSACCION, ID_TIPO_TRANSACCION, MONTO_TOTAL, ID_USUARIO, ID_ESTADO) VALUES (34, TO_DATE('2025-04-14', 'YYYY-MM-DD'), 8, 600000.00, 34, 9);
INSERT INTO FIDE_TRANSACCION_TB (ID_TRANSACCION, FECHA_TRANSACCION, ID_TIPO_TRANSACCION, MONTO_TOTAL, ID_USUARIO, ID_ESTADO) VALUES (35, TO_DATE('2025-04-18', 'YYYY-MM-DD'), 1, 50000.00, 35, 9);
INSERT INTO FIDE_TRANSACCION_TB (ID_TRANSACCION, FECHA_TRANSACCION, ID_TIPO_TRANSACCION, MONTO_TOTAL, ID_USUARIO, ID_ESTADO) VALUES (36, TO_DATE('2025-04-20', 'YYYY-MM-DD'), 6, 40000.00, 36, 9);
INSERT INTO FIDE_TRANSACCION_TB (ID_TRANSACCION, FECHA_TRANSACCION, ID_TIPO_TRANSACCION, MONTO_TOTAL, ID_USUARIO, ID_ESTADO) VALUES (37, TO_DATE('2025-04-22', 'YYYY-MM-DD'), 7, 95000.00, 37, 9);
INSERT INTO FIDE_TRANSACCION_TB (ID_TRANSACCION, FECHA_TRANSACCION, ID_TIPO_TRANSACCION, MONTO_TOTAL, ID_USUARIO, ID_ESTADO) VALUES (38, TO_DATE('2025-04-25', 'YYYY-MM-DD'), 1, 20000.00, 38, 9);
INSERT INTO FIDE_TRANSACCION_TB (ID_TRANSACCION, FECHA_TRANSACCION, ID_TIPO_TRANSACCION, MONTO_TOTAL, ID_USUARIO, ID_ESTADO) VALUES (39, TO_DATE('2025-04-28', 'YYYY-MM-DD'), 4, 4500.00, 39, 9);
INSERT INTO FIDE_TRANSACCION_TB (ID_TRANSACCION, FECHA_TRANSACCION, ID_TIPO_TRANSACCION, MONTO_TOTAL, ID_USUARIO, ID_ESTADO) VALUES (40, TO_DATE('2025-04-30', 'YYYY-MM-DD'), 1, 40000.00, 40, 6);
INSERT INTO FIDE_TRANSACCION_TB (ID_TRANSACCION, FECHA_TRANSACCION, ID_TIPO_TRANSACCION, MONTO_TOTAL, ID_USUARIO, ID_ESTADO) VALUES (41, TO_DATE('2025-05-02', 'YYYY-MM-DD'), 1, 45000.00, 41, 9);
INSERT INTO FIDE_TRANSACCION_TB (ID_TRANSACCION, FECHA_TRANSACCION, ID_TIPO_TRANSACCION, MONTO_TOTAL, ID_USUARIO, ID_ESTADO) VALUES (42, TO_DATE('2025-05-05', 'YYYY-MM-DD'), 7, 130000.00, 42, 9);
INSERT INTO FIDE_TRANSACCION_TB (ID_TRANSACCION, FECHA_TRANSACCION, ID_TIPO_TRANSACCION, MONTO_TOTAL, ID_USUARIO, ID_ESTADO) VALUES (43, TO_DATE('2025-05-08', 'YYYY-MM-DD'), 2, 45000.00, 43, 9);
INSERT INTO FIDE_TRANSACCION_TB (ID_TRANSACCION, FECHA_TRANSACCION, ID_TIPO_TRANSACCION, MONTO_TOTAL, ID_USUARIO, ID_ESTADO) VALUES (44, TO_DATE('2025-05-12', 'YYYY-MM-DD'), 8, 450000.00, 44, 9);
INSERT INTO FIDE_TRANSACCION_TB (ID_TRANSACCION, FECHA_TRANSACCION, ID_TIPO_TRANSACCION, MONTO_TOTAL, ID_USUARIO, ID_ESTADO) VALUES (45, TO_DATE('2025-05-15', 'YYYY-MM-DD'), 1, 55000.00, 45, 9);
INSERT INTO FIDE_TRANSACCION_TB (ID_TRANSACCION, FECHA_TRANSACCION, ID_TIPO_TRANSACCION, MONTO_TOTAL, ID_USUARIO, ID_ESTADO) VALUES (46, TO_DATE('2025-05-18', 'YYYY-MM-DD'), 6, 15000.00, 46, 9);
INSERT INTO FIDE_TRANSACCION_TB (ID_TRANSACCION, FECHA_TRANSACCION, ID_TIPO_TRANSACCION, MONTO_TOTAL, ID_USUARIO, ID_ESTADO) VALUES (47, TO_DATE('2025-05-22', 'YYYY-MM-DD'), 7, 85000.00, 47, 9);
INSERT INTO FIDE_TRANSACCION_TB (ID_TRANSACCION, FECHA_TRANSACCION, ID_TIPO_TRANSACCION, MONTO_TOTAL, ID_USUARIO, ID_ESTADO) VALUES (48, TO_DATE('2025-05-25', 'YYYY-MM-DD'), 1, 35000.00, 48, 9);
INSERT INTO FIDE_TRANSACCION_TB (ID_TRANSACCION, FECHA_TRANSACCION, ID_TIPO_TRANSACCION, MONTO_TOTAL, ID_USUARIO, ID_ESTADO) VALUES (49, TO_DATE('2025-05-28', 'YYYY-MM-DD'), 5, 2000.00, 49, 9);
INSERT INTO FIDE_TRANSACCION_TB (ID_TRANSACCION, FECHA_TRANSACCION, ID_TIPO_TRANSACCION, MONTO_TOTAL, ID_USUARIO, ID_ESTADO) VALUES (50, TO_DATE('2025-05-30', 'YYYY-MM-DD'), 1, 30000.00, 50, 6);
INSERT INTO FIDE_TRANSACCION_TB (ID_TRANSACCION, FECHA_TRANSACCION, ID_TIPO_TRANSACCION, MONTO_TOTAL, ID_USUARIO, ID_ESTADO) VALUES (51, TO_DATE('2025-06-02', 'YYYY-MM-DD'), 1, 45000.00, 51, 9);
INSERT INTO FIDE_TRANSACCION_TB (ID_TRANSACCION, FECHA_TRANSACCION, ID_TIPO_TRANSACCION, MONTO_TOTAL, ID_USUARIO, ID_ESTADO) VALUES (52, TO_DATE('2025-06-05', 'YYYY-MM-DD'), 7, 105000.00, 52, 9);
INSERT INTO FIDE_TRANSACCION_TB (ID_TRANSACCION, FECHA_TRANSACCION, ID_TIPO_TRANSACCION, MONTO_TOTAL, ID_USUARIO, ID_ESTADO) VALUES (53, TO_DATE('2025-06-10', 'YYYY-MM-DD'), 2, 50000.00, 53, 9);
INSERT INTO FIDE_TRANSACCION_TB (ID_TRANSACCION, FECHA_TRANSACCION, ID_TIPO_TRANSACCION, MONTO_TOTAL, ID_USUARIO, ID_ESTADO) VALUES (54, TO_DATE('2025-06-12', 'YYYY-MM-DD'), 8, 900000.00, 54, 9);
INSERT INTO FIDE_TRANSACCION_TB (ID_TRANSACCION, FECHA_TRANSACCION, ID_TIPO_TRANSACCION, MONTO_TOTAL, ID_USUARIO, ID_ESTADO) VALUES (55, TO_DATE('2025-06-15', 'YYYY-MM-DD'), 1, 50000.00, 55, 9);
INSERT INTO FIDE_TRANSACCION_TB (ID_TRANSACCION, FECHA_TRANSACCION, ID_TIPO_TRANSACCION, MONTO_TOTAL, ID_USUARIO, ID_ESTADO) VALUES (56, TO_DATE('2025-06-18', 'YYYY-MM-DD'), 6, 25000.00, 56, 9);
INSERT INTO FIDE_TRANSACCION_TB (ID_TRANSACCION, FECHA_TRANSACCION, ID_TIPO_TRANSACCION, MONTO_TOTAL, ID_USUARIO, ID_ESTADO) VALUES (57, TO_DATE('2025-06-22', 'YYYY-MM-DD'), 7, 75000.00, 57, 9);
INSERT INTO FIDE_TRANSACCION_TB (ID_TRANSACCION, FECHA_TRANSACCION, ID_TIPO_TRANSACCION, MONTO_TOTAL, ID_USUARIO, ID_ESTADO) VALUES (58, TO_DATE('2025-06-25', 'YYYY-MM-DD'), 1, 20000.00, 58, 9);
INSERT INTO FIDE_TRANSACCION_TB (ID_TRANSACCION, FECHA_TRANSACCION, ID_TIPO_TRANSACCION, MONTO_TOTAL, ID_USUARIO, ID_ESTADO) VALUES (59, TO_DATE('2025-06-28', 'YYYY-MM-DD'), 4, 3000.00, 59, 9);
INSERT INTO FIDE_TRANSACCION_TB (ID_TRANSACCION, FECHA_TRANSACCION, ID_TIPO_TRANSACCION, MONTO_TOTAL, ID_USUARIO, ID_ESTADO) VALUES (60, TO_DATE('2025-06-30', 'YYYY-MM-DD'), 1, 18000.00, 60, 6);
INSERT INTO FIDE_TRANSACCION_TB (ID_TRANSACCION, FECHA_TRANSACCION, ID_TIPO_TRANSACCION, MONTO_TOTAL, ID_USUARIO, ID_ESTADO) VALUES (61, TO_DATE('2025-07-02', 'YYYY-MM-DD'), 1, 45000.00, 61, 9);
INSERT INTO FIDE_TRANSACCION_TB (ID_TRANSACCION, FECHA_TRANSACCION, ID_TIPO_TRANSACCION, MONTO_TOTAL, ID_USUARIO, ID_ESTADO) VALUES (62, TO_DATE('2025-07-05', 'YYYY-MM-DD'), 7, 140000.00, 62, 9);
INSERT INTO FIDE_TRANSACCION_TB (ID_TRANSACCION, FECHA_TRANSACCION, ID_TIPO_TRANSACCION, MONTO_TOTAL, ID_USUARIO, ID_ESTADO) VALUES (63, TO_DATE('2025-07-08', 'YYYY-MM-DD'), 2, 70000.00, 63, 9);
INSERT INTO FIDE_TRANSACCION_TB (ID_TRANSACCION, FECHA_TRANSACCION, ID_TIPO_TRANSACCION, MONTO_TOTAL, ID_USUARIO, ID_ESTADO) VALUES (64, TO_DATE('2025-07-12', 'YYYY-MM-DD'), 8, 250000.00, 64, 9);
INSERT INTO FIDE_TRANSACCION_TB (ID_TRANSACCION, FECHA_TRANSACCION, ID_TIPO_TRANSACCION, MONTO_TOTAL, ID_USUARIO, ID_ESTADO) VALUES (65, TO_DATE('2025-07-15', 'YYYY-MM-DD'), 1, 55000.00, 65, 9);
INSERT INTO FIDE_TRANSACCION_TB (ID_TRANSACCION, FECHA_TRANSACCION, ID_TIPO_TRANSACCION, MONTO_TOTAL, ID_USUARIO, ID_ESTADO) VALUES (66, TO_DATE('2025-07-18', 'YYYY-MM-DD'), 6, 18000.00, 66, 9);
INSERT INTO FIDE_TRANSACCION_TB (ID_TRANSACCION, FECHA_TRANSACCION, ID_TIPO_TRANSACCION, MONTO_TOTAL, ID_USUARIO, ID_ESTADO) VALUES (67, TO_DATE('2025-07-22', 'YYYY-MM-DD'), 7, 65000.00, 67, 9);
INSERT INTO FIDE_TRANSACCION_TB (ID_TRANSACCION, FECHA_TRANSACCION, ID_TIPO_TRANSACCION, MONTO_TOTAL, ID_USUARIO, ID_ESTADO) VALUES (68, TO_DATE('2025-07-25', 'YYYY-MM-DD'), 1, 45000.00, 68, 9);
INSERT INTO FIDE_TRANSACCION_TB (ID_TRANSACCION, FECHA_TRANSACCION, ID_TIPO_TRANSACCION, MONTO_TOTAL, ID_USUARIO, ID_ESTADO) VALUES (69, TO_DATE('2025-07-28', 'YYYY-MM-DD'), 5, 1000.00, 69, 9);
INSERT INTO FIDE_TRANSACCION_TB (ID_TRANSACCION, FECHA_TRANSACCION, ID_TIPO_TRANSACCION, MONTO_TOTAL, ID_USUARIO, ID_ESTADO) VALUES (70, TO_DATE('2025-07-30', 'YYYY-MM-DD'), 1, 30000.00, 70, 6);
INSERT INTO FIDE_TRANSACCION_TB (ID_TRANSACCION, FECHA_TRANSACCION, ID_TIPO_TRANSACCION, MONTO_TOTAL, ID_USUARIO, ID_ESTADO) VALUES (71, TO_DATE('2025-08-02', 'YYYY-MM-DD'), 1, 45000.00, 71, 9);
INSERT INTO FIDE_TRANSACCION_TB (ID_TRANSACCION, FECHA_TRANSACCION, ID_TIPO_TRANSACCION, MONTO_TOTAL, ID_USUARIO, ID_ESTADO) VALUES (72, TO_DATE('2025-08-05', 'YYYY-MM-DD'), 7, 115000.00, 72, 9);
INSERT INTO FIDE_TRANSACCION_TB (ID_TRANSACCION, FECHA_TRANSACCION, ID_TIPO_TRANSACCION, MONTO_TOTAL, ID_USUARIO, ID_ESTADO) VALUES (73, TO_DATE('2025-08-10', 'YYYY-MM-DD'), 2, 35000.00, 73, 9);
INSERT INTO FIDE_TRANSACCION_TB (ID_TRANSACCION, FECHA_TRANSACCION, ID_TIPO_TRANSACCION, MONTO_TOTAL, ID_USUARIO, ID_ESTADO) VALUES (74, TO_DATE('2025-08-14', 'YYYY-MM-DD'), 8, 700000.00, 74, 9);
INSERT INTO FIDE_TRANSACCION_TB (ID_TRANSACCION, FECHA_TRANSACCION, ID_TIPO_TRANSACCION, MONTO_TOTAL, ID_USUARIO, ID_ESTADO) VALUES (75, TO_DATE('2025-08-18', 'YYYY-MM-DD'), 1, 50000.00, 75, 9);
INSERT INTO FIDE_TRANSACCION_TB (ID_TRANSACCION, FECHA_TRANSACCION, ID_TIPO_TRANSACCION, MONTO_TOTAL, ID_USUARIO, ID_ESTADO) VALUES (76, TO_DATE('2025-08-20', 'YYYY-MM-DD'), 6, 22000.00, 76, 9);
INSERT INTO FIDE_TRANSACCION_TB (ID_TRANSACCION, FECHA_TRANSACCION, ID_TIPO_TRANSACCION, MONTO_TOTAL, ID_USUARIO, ID_ESTADO) VALUES (77, TO_DATE('2025-08-22', 'YYYY-MM-DD'), 7, 90000.00, 77, 9);
INSERT INTO FIDE_TRANSACCION_TB (ID_TRANSACCION, FECHA_TRANSACCION, ID_TIPO_TRANSACCION, MONTO_TOTAL, ID_USUARIO, ID_ESTADO) VALUES (78, TO_DATE('2025-08-25', 'YYYY-MM-DD'), 1, 45000.00, 78, 9);
INSERT INTO FIDE_TRANSACCION_TB (ID_TRANSACCION, FECHA_TRANSACCION, ID_TIPO_TRANSACCION, MONTO_TOTAL, ID_USUARIO, ID_ESTADO) VALUES (79, TO_DATE('2025-08-28', 'YYYY-MM-DD'), 4, 5000.00, 79, 9);
INSERT INTO FIDE_TRANSACCION_TB (ID_TRANSACCION, FECHA_TRANSACCION, ID_TIPO_TRANSACCION, MONTO_TOTAL, ID_USUARIO, ID_ESTADO) VALUES (80, TO_DATE('2025-08-30', 'YYYY-MM-DD'), 1, 30000.00, 80, 6);
INSERT INTO FIDE_TRANSACCION_TB (ID_TRANSACCION, FECHA_TRANSACCION, ID_TIPO_TRANSACCION, MONTO_TOTAL, ID_USUARIO, ID_ESTADO) VALUES (81, TO_DATE('2025-09-02', 'YYYY-MM-DD'), 1, 45000.00, 81, 9);
INSERT INTO FIDE_TRANSACCION_TB (ID_TRANSACCION, FECHA_TRANSACCION, ID_TIPO_TRANSACCION, MONTO_TOTAL, ID_USUARIO, ID_ESTADO) VALUES (82, TO_DATE('2025-09-05', 'YYYY-MM-DD'), 7, 125000.00, 82, 9);
INSERT INTO FIDE_TRANSACCION_TB (ID_TRANSACCION, FECHA_TRANSACCION, ID_TIPO_TRANSACCION, MONTO_TOTAL, ID_USUARIO, ID_ESTADO) VALUES (83, TO_DATE('2025-09-08', 'YYYY-MM-DD'), 2, 55000.00, 83, 9);
INSERT INTO FIDE_TRANSACCION_TB (ID_TRANSACCION, FECHA_TRANSACCION, ID_TIPO_TRANSACCION, MONTO_TOTAL, ID_USUARIO, ID_ESTADO) VALUES (84, TO_DATE('2025-09-12', 'YYYY-MM-DD'), 8, 150000.00, 84, 9);
INSERT INTO FIDE_TRANSACCION_TB (ID_TRANSACCION, FECHA_TRANSACCION, ID_TIPO_TRANSACCION, MONTO_TOTAL, ID_USUARIO, ID_ESTADO) VALUES (85, TO_DATE('2025-09-15', 'YYYY-MM-DD'), 1, 55000.00, 85, 9);
INSERT INTO FIDE_TRANSACCION_TB (ID_TRANSACCION, FECHA_TRANSACCION, ID_TIPO_TRANSACCION, MONTO_TOTAL, ID_USUARIO, ID_ESTADO) VALUES (86, TO_DATE('2025-09-18', 'YYYY-MM-DD'), 6, 28000.00, 86, 9);
INSERT INTO FIDE_TRANSACCION_TB (ID_TRANSACCION, FECHA_TRANSACCION, ID_TIPO_TRANSACCION, MONTO_TOTAL, ID_USUARIO, ID_ESTADO) VALUES (87, TO_DATE('2025-09-22', 'YYYY-MM-DD'), 7, 100000.00, 87, 9);
INSERT INTO FIDE_TRANSACCION_TB (ID_TRANSACCION, FECHA_TRANSACCION, ID_TIPO_TRANSACCION, MONTO_TOTAL, ID_USUARIO, ID_ESTADO) VALUES (88, TO_DATE('2025-09-25', 'YYYY-MM-DD'), 1, 45000.00, 88, 9);
INSERT INTO FIDE_TRANSACCION_TB (ID_TRANSACCION, FECHA_TRANSACCION, ID_TIPO_TRANSACCION, MONTO_TOTAL, ID_USUARIO, ID_ESTADO) VALUES (89, TO_DATE('2025-09-28', 'YYYY-MM-DD'), 5, 2500.00, 89, 9);
INSERT INTO FIDE_TRANSACCION_TB (ID_TRANSACCION, FECHA_TRANSACCION, ID_TIPO_TRANSACCION, MONTO_TOTAL, ID_USUARIO, ID_ESTADO) VALUES (90, TO_DATE('2025-09-30', 'YYYY-MM-DD'), 1, 30000.00, 90, 6);
INSERT INTO FIDE_TRANSACCION_TB (ID_TRANSACCION, FECHA_TRANSACCION, ID_TIPO_TRANSACCION, MONTO_TOTAL, ID_USUARIO, ID_ESTADO) VALUES (91, TO_DATE('2025-10-02', 'YYYY-MM-DD'), 1, 45000.00, 91, 9);
INSERT INTO FIDE_TRANSACCION_TB (ID_TRANSACCION, FECHA_TRANSACCION, ID_TIPO_TRANSACCION, MONTO_TOTAL, ID_USUARIO, ID_ESTADO) VALUES (92, TO_DATE('2025-10-05', 'YYYY-MM-DD'), 7, 135000.00, 92, 9);
INSERT INTO FIDE_TRANSACCION_TB (ID_TRANSACCION, FECHA_TRANSACCION, ID_TIPO_TRANSACCION, MONTO_TOTAL, ID_USUARIO, ID_ESTADO) VALUES (93, TO_DATE('2025-10-10', 'YYYY-MM-DD'), 2, 20000.00, 93, 9);
INSERT INTO FIDE_TRANSACCION_TB (ID_TRANSACCION, FECHA_TRANSACCION, ID_TIPO_TRANSACCION, MONTO_TOTAL, ID_USUARIO, ID_ESTADO) VALUES (94, TO_DATE('2025-10-12', 'YYYY-MM-DD'), 8, 550000.00, 94, 9);
INSERT INTO FIDE_TRANSACCION_TB (ID_TRANSACCION, FECHA_TRANSACCION, ID_TIPO_TRANSACCION, MONTO_TOTAL, ID_USUARIO, ID_ESTADO) VALUES (95, TO_DATE('2025-10-15', 'YYYY-MM-DD'), 1, 50000.00, 95, 9);
INSERT INTO FIDE_TRANSACCION_TB (ID_TRANSACCION, FECHA_TRANSACCION, ID_TIPO_TRANSACCION, MONTO_TOTAL, ID_USUARIO, ID_ESTADO) VALUES (96, TO_DATE('2025-10-18', 'YYYY-MM-DD'), 6, 32000.00, 96, 9);
INSERT INTO FIDE_TRANSACCION_TB (ID_TRANSACCION, FECHA_TRANSACCION, ID_TIPO_TRANSACCION, MONTO_TOTAL, ID_USUARIO, ID_ESTADO) VALUES (97, TO_DATE('2025-10-22', 'YYYY-MM-DD'), 7, 75000.00, 97, 9);
INSERT INTO FIDE_TRANSACCION_TB (ID_TRANSACCION, FECHA_TRANSACCION, ID_TIPO_TRANSACCION, MONTO_TOTAL, ID_USUARIO, ID_ESTADO) VALUES (98, TO_DATE('2025-10-25', 'YYYY-MM-DD'), 1, 45000.00, 98, 9);
INSERT INTO FIDE_TRANSACCION_TB (ID_TRANSACCION, FECHA_TRANSACCION, ID_TIPO_TRANSACCION, MONTO_TOTAL, ID_USUARIO, ID_ESTADO) VALUES (99, TO_DATE('2025-10-28', 'YYYY-MM-DD'), 4, 4000.00, 99, 9);
INSERT INTO FIDE_TRANSACCION_TB (ID_TRANSACCION, FECHA_TRANSACCION, ID_TIPO_TRANSACCION, MONTO_TOTAL, ID_USUARIO, ID_ESTADO) VALUES (100, TO_DATE('2025-10-30', 'YYYY-MM-DD'), 1, 15000.00, 100, 6);
INSERT INTO FIDE_TRANSACCION_TB (ID_TRANSACCION, FECHA_TRANSACCION, ID_TIPO_TRANSACCION, MONTO_TOTAL, ID_USUARIO, ID_ESTADO) VALUES (101, TO_DATE('2025-11-02', 'YYYY-MM-DD'), 1, 45000.00, 101, 9);
INSERT INTO FIDE_TRANSACCION_TB (ID_TRANSACCION, FECHA_TRANSACCION, ID_TIPO_TRANSACCION, MONTO_TOTAL, ID_USUARIO, ID_ESTADO) VALUES (102, TO_DATE('2025-11-05', 'YYYY-MM-DD'), 7, 145000.00, 102, 9);
INSERT INTO FIDE_TRANSACCION_TB (ID_TRANSACCION, FECHA_TRANSACCION, ID_TIPO_TRANSACCION, MONTO_TOTAL, ID_USUARIO, ID_ESTADO) VALUES (103, TO_DATE('2025-11-08', 'YYYY-MM-DD'), 2, 80000.00, 103, 9);
INSERT INTO FIDE_TRANSACCION_TB (ID_TRANSACCION, FECHA_TRANSACCION, ID_TIPO_TRANSACCION, MONTO_TOTAL, ID_USUARIO, ID_ESTADO) VALUES (104, TO_DATE('2025-11-12', 'YYYY-MM-DD'), 8, 300000.00, 104, 9);
INSERT INTO FIDE_TRANSACCION_TB (ID_TRANSACCION, FECHA_TRANSACCION, ID_TIPO_TRANSACCION, MONTO_TOTAL, ID_USUARIO, ID_ESTADO) VALUES (105, TO_DATE('2025-11-15', 'YYYY-MM-DD'), 1, 55000.00, 105, 9);
INSERT INTO FIDE_TRANSACCION_TB (ID_TRANSACCION, FECHA_TRANSACCION, ID_TIPO_TRANSACCION, MONTO_TOTAL, ID_USUARIO, ID_ESTADO) VALUES (106, TO_DATE('2025-11-18', 'YYYY-MM-DD'), 6, 20000.00, 106, 9);
INSERT INTO FIDE_TRANSACCION_TB (ID_TRANSACCION, FECHA_TRANSACCION, ID_TIPO_TRANSACCION, MONTO_TOTAL, ID_USUARIO, ID_ESTADO) VALUES (107, TO_DATE('2025-11-22', 'YYYY-MM-DD'), 7, 85000.00, 107, 9);
INSERT INTO FIDE_TRANSACCION_TB (ID_TRANSACCION, FECHA_TRANSACCION, ID_TIPO_TRANSACCION, MONTO_TOTAL, ID_USUARIO, ID_ESTADO) VALUES (108, TO_DATE('2025-11-25', 'YYYY-MM-DD'), 1, 45000.00, 108, 9);
INSERT INTO FIDE_TRANSACCION_TB (ID_TRANSACCION, FECHA_TRANSACCION, ID_TIPO_TRANSACCION, MONTO_TOTAL, ID_USUARIO, ID_ESTADO) VALUES (109, TO_DATE('2025-11-28', 'YYYY-MM-DD'), 5, 1200.00, 109, 9);
INSERT INTO FIDE_TRANSACCION_TB (ID_TRANSACCION, FECHA_TRANSACCION, ID_TIPO_TRANSACCION, MONTO_TOTAL, ID_USUARIO, ID_ESTADO) VALUES (110, TO_DATE('2025-11-30', 'YYYY-MM-DD'), 1, 30000.00, 110, 6);
INSERT INTO FIDE_TRANSACCION_TB (ID_TRANSACCION, FECHA_TRANSACCION, ID_TIPO_TRANSACCION, MONTO_TOTAL, ID_USUARIO, ID_ESTADO) VALUES (111, TO_DATE('2025-12-02', 'YYYY-MM-DD'), 1, 45000.00, 111, 9);
INSERT INTO FIDE_TRANSACCION_TB (ID_TRANSACCION, FECHA_TRANSACCION, ID_TIPO_TRANSACCION, MONTO_TOTAL, ID_USUARIO, ID_ESTADO) VALUES (112, TO_DATE('2025-12-05', 'YYYY-MM-DD'), 7, 110000.00, 112, 9);
INSERT INTO FIDE_TRANSACCION_TB (ID_TRANSACCION, FECHA_TRANSACCION, ID_TIPO_TRANSACCION, MONTO_TOTAL, ID_USUARIO, ID_ESTADO) VALUES (113, TO_DATE('2025-12-10', 'YYYY-MM-DD'), 2, 45000.00, 113, 9);
INSERT INTO FIDE_TRANSACCION_TB (ID_TRANSACCION, FECHA_TRANSACCION, ID_TIPO_TRANSACCION, MONTO_TOTAL, ID_USUARIO, ID_ESTADO) VALUES (114, TO_DATE('2025-12-14', 'YYYY-MM-DD'), 8, 850000.00, 114, 9);
INSERT INTO FIDE_TRANSACCION_TB (ID_TRANSACCION, FECHA_TRANSACCION, ID_TIPO_TRANSACCION, MONTO_TOTAL, ID_USUARIO, ID_ESTADO) VALUES (115, TO_DATE('2025-12-18', 'YYYY-MM-DD'), 1, 50000.00, 115, 9);
INSERT INTO FIDE_TRANSACCION_TB (ID_TRANSACCION, FECHA_TRANSACCION, ID_TIPO_TRANSACCION, MONTO_TOTAL, ID_USUARIO, ID_ESTADO) VALUES (116, TO_DATE('2025-12-20', 'YYYY-MM-DD'), 6, 35000.00, 116, 9);
INSERT INTO FIDE_TRANSACCION_TB (ID_TRANSACCION, FECHA_TRANSACCION, ID_TIPO_TRANSACCION, MONTO_TOTAL, ID_USUARIO, ID_ESTADO) VALUES (117, TO_DATE('2025-12-22', 'YYYY-MM-DD'), 7, 95000.00, 117, 9);
INSERT INTO FIDE_TRANSACCION_TB (ID_TRANSACCION, FECHA_TRANSACCION, ID_TIPO_TRANSACCION, MONTO_TOTAL, ID_USUARIO, ID_ESTADO) VALUES (118, TO_DATE('2025-12-25', 'YYYY-MM-DD'), 1, 45000.00, 118, 9);
INSERT INTO FIDE_TRANSACCION_TB (ID_TRANSACCION, FECHA_TRANSACCION, ID_TIPO_TRANSACCION, MONTO_TOTAL, ID_USUARIO, ID_ESTADO) VALUES (119, TO_DATE('2025-12-28', 'YYYY-MM-DD'), 4, 3800.00, 119, 9);
INSERT INTO FIDE_TRANSACCION_TB (ID_TRANSACCION, FECHA_TRANSACCION, ID_TIPO_TRANSACCION, MONTO_TOTAL, ID_USUARIO, ID_ESTADO) VALUES (120, TO_DATE('2025-12-30', 'YYYY-MM-DD'), 1, 20000.00, 120, 6);
INSERT INTO FIDE_TRANSACCION_TB (ID_TRANSACCION, FECHA_TRANSACCION, ID_TIPO_TRANSACCION, MONTO_TOTAL, ID_USUARIO, ID_ESTADO) VALUES (121, TO_DATE('2025-01-03', 'YYYY-MM-DD'), 1, 45000.00, 121, 9);
INSERT INTO FIDE_TRANSACCION_TB (ID_TRANSACCION, FECHA_TRANSACCION, ID_TIPO_TRANSACCION, MONTO_TOTAL, ID_USUARIO, ID_ESTADO) VALUES (122, TO_DATE('2025-01-06', 'YYYY-MM-DD'), 7, 130000.00, 122, 9);
INSERT INTO FIDE_TRANSACCION_TB (ID_TRANSACCION, FECHA_TRANSACCION, ID_TIPO_TRANSACCION, MONTO_TOTAL, ID_USUARIO, ID_ESTADO) VALUES (123, TO_DATE('2025-01-09', 'YYYY-MM-DD'), 2, 65000.00, 123, 9);
INSERT INTO FIDE_TRANSACCION_TB (ID_TRANSACCION, FECHA_TRANSACCION, ID_TIPO_TRANSACCION, MONTO_TOTAL, ID_USUARIO, ID_ESTADO) VALUES (124, TO_DATE('2025-01-13', 'YYYY-MM-DD'), 8, 400000.00, 124, 9);
INSERT INTO FIDE_TRANSACCION_TB (ID_TRANSACCION, FECHA_TRANSACCION, ID_TIPO_TRANSACCION, MONTO_TOTAL, ID_USUARIO, ID_ESTADO) VALUES (125, TO_DATE('2025-01-16', 'YYYY-MM-DD'), 1, 55000.00, 125, 9);
INSERT INTO FIDE_TRANSACCION_TB (ID_TRANSACCION, FECHA_TRANSACCION, ID_TIPO_TRANSACCION, MONTO_TOTAL, ID_USUARIO, ID_ESTADO) VALUES (126, TO_DATE('2025-01-19', 'YYYY-MM-DD'), 6, 22000.00, 126, 9);
INSERT INTO FIDE_TRANSACCION_TB (ID_TRANSACCION, FECHA_TRANSACCION, ID_TIPO_TRANSACCION, MONTO_TOTAL, ID_USUARIO, ID_ESTADO) VALUES (127, TO_DATE('2025-01-23', 'YYYY-MM-DD'), 7, 75000.00, 127, 9);
INSERT INTO FIDE_TRANSACCION_TB (ID_TRANSACCION, FECHA_TRANSACCION, ID_TIPO_TRANSACCION, MONTO_TOTAL, ID_USUARIO, ID_ESTADO) VALUES (128, TO_DATE('2025-01-26', 'YYYY-MM-DD'), 1, 45000.00, 128, 9);
INSERT INTO FIDE_TRANSACCION_TB (ID_TRANSACCION, FECHA_TRANSACCION, ID_TIPO_TRANSACCION, MONTO_TOTAL, ID_USUARIO, ID_ESTADO) VALUES (129, TO_DATE('2025-01-29', 'YYYY-MM-DD'), 5, 2000.00, 129, 9);
INSERT INTO FIDE_TRANSACCION_TB (ID_TRANSACCION, FECHA_TRANSACCION, ID_TIPO_TRANSACCION, MONTO_TOTAL, ID_USUARIO, ID_ESTADO) VALUES (130, TO_DATE('2025-01-31', 'YYYY-MM-DD'), 1, 30000.00, 130, 6);
INSERT INTO FIDE_TRANSACCION_TB (ID_TRANSACCION, FECHA_TRANSACCION, ID_TIPO_TRANSACCION, MONTO_TOTAL, ID_USUARIO, ID_ESTADO) VALUES (131, TO_DATE('2025-02-03', 'YYYY-MM-DD'), 1, 45000.00, 131, 9);
INSERT INTO FIDE_TRANSACCION_TB (ID_TRANSACCION, FECHA_TRANSACCION, ID_TIPO_TRANSACCION, MONTO_TOTAL, ID_USUARIO, ID_ESTADO) VALUES (132, TO_DATE('2025-02-06', 'YYYY-MM-DD'), 7, 115000.00, 132, 9);
INSERT INTO FIDE_TRANSACCION_TB (ID_TRANSACCION, FECHA_TRANSACCION, ID_TIPO_TRANSACCION, MONTO_TOTAL, ID_USUARIO, ID_ESTADO) VALUES (133, TO_DATE('2025-02-10', 'YYYY-MM-DD'), 2, 35000.00, 133, 9);
INSERT INTO FIDE_TRANSACCION_TB (ID_TRANSACCION, FECHA_TRANSACCION, ID_TIPO_TRANSACCION, MONTO_TOTAL, ID_USUARIO, ID_ESTADO) VALUES (134, TO_DATE('2025-02-14', 'YYYY-MM-DD'), 8, 650000.00, 134, 9);
INSERT INTO FIDE_TRANSACCION_TB (ID_TRANSACCION, FECHA_TRANSACCION, ID_TIPO_TRANSACCION, MONTO_TOTAL, ID_USUARIO, ID_ESTADO) VALUES (135, TO_DATE('2025-02-17', 'YYYY-MM-DD'), 1, 50000.00, 135, 9);
INSERT INTO FIDE_TRANSACCION_TB (ID_TRANSACCION, FECHA_TRANSACCION, ID_TIPO_TRANSACCION, MONTO_TOTAL, ID_USUARIO, ID_ESTADO) VALUES (136, TO_DATE('2025-02-20', 'YYYY-MM-DD'), 6, 40000.00, 136, 9);
INSERT INTO FIDE_TRANSACCION_TB (ID_TRANSACCION, FECHA_TRANSACCION, ID_TIPO_TRANSACCION, MONTO_TOTAL, ID_USUARIO, ID_ESTADO) VALUES (137, TO_DATE('2025-02-23', 'YYYY-MM-DD'), 7, 90000.00, 137, 9);
INSERT INTO FIDE_TRANSACCION_TB (ID_TRANSACCION, FECHA_TRANSACCION, ID_TIPO_TRANSACCION, MONTO_TOTAL, ID_USUARIO, ID_ESTADO) VALUES (138, TO_DATE('2025-02-26', 'YYYY-MM-DD'), 1, 45000.00, 138, 9);
INSERT INTO FIDE_TRANSACCION_TB (ID_TRANSACCION, FECHA_TRANSACCION, ID_TIPO_TRANSACCION, MONTO_TOTAL, ID_USUARIO, ID_ESTADO) VALUES (139, TO_DATE('2025-02-28', 'YYYY-MM-DD'), 4, 4500.00, 139, 9);
INSERT INTO FIDE_TRANSACCION_TB (ID_TRANSACCION, FECHA_TRANSACCION, ID_TIPO_TRANSACCION, MONTO_TOTAL, ID_USUARIO, ID_ESTADO) VALUES (140, TO_DATE('2025-03-01', 'YYYY-MM-DD'), 1, 15000.00, 140, 6);
INSERT INTO FIDE_TRANSACCION_TB (ID_TRANSACCION, FECHA_TRANSACCION, ID_TIPO_TRANSACCION, MONTO_TOTAL, ID_USUARIO, ID_ESTADO) VALUES (141, TO_DATE('2025-03-04', 'YYYY-MM-DD'), 1, 45000.00, 141, 9);
INSERT INTO FIDE_TRANSACCION_TB (ID_TRANSACCION, FECHA_TRANSACCION, ID_TIPO_TRANSACCION, MONTO_TOTAL, ID_USUARIO, ID_ESTADO) VALUES (142, TO_DATE('2025-03-07', 'YYYY-MM-DD'), 7, 140000.00, 142, 9);
INSERT INTO FIDE_TRANSACCION_TB (ID_TRANSACCION, FECHA_TRANSACCION, ID_TIPO_TRANSACCION, MONTO_TOTAL, ID_USUARIO, ID_ESTADO) VALUES (143, TO_DATE('2025-03-11', 'YYYY-MM-DD'), 2, 70000.00, 143, 9);
INSERT INTO FIDE_TRANSACCION_TB (ID_TRANSACCION, FECHA_TRANSACCION, ID_TIPO_TRANSACCION, MONTO_TOTAL, ID_USUARIO, ID_ESTADO) VALUES (144, TO_DATE('2025-03-14', 'YYYY-MM-DD'), 8, 250000.00, 144, 9);
INSERT INTO FIDE_TRANSACCION_TB (ID_TRANSACCION, FECHA_TRANSACCION, ID_TIPO_TRANSACCION, MONTO_TOTAL, ID_USUARIO, ID_ESTADO) VALUES (145, TO_DATE('2025-03-17', 'YYYY-MM-DD'), 1, 55000.00, 145, 9);
INSERT INTO FIDE_TRANSACCION_TB (ID_TRANSACCION, FECHA_TRANSACCION, ID_TIPO_TRANSACCION, MONTO_TOTAL, ID_USUARIO, ID_ESTADO) VALUES (146, TO_DATE('2025-03-20', 'YYYY-MM-DD'), 6, 18000.00, 146, 9);
INSERT INTO FIDE_TRANSACCION_TB (ID_TRANSACCION, FECHA_TRANSACCION, ID_TIPO_TRANSACCION, MONTO_TOTAL, ID_USUARIO, ID_ESTADO) VALUES (147, TO_DATE('2025-03-24', 'YYYY-MM-DD'), 7, 85000.00, 147, 9);
INSERT INTO FIDE_TRANSACCION_TB (ID_TRANSACCION, FECHA_TRANSACCION, ID_TIPO_TRANSACCION, MONTO_TOTAL, ID_USUARIO, ID_ESTADO) VALUES (148, TO_DATE('2025-03-27', 'YYYY-MM-DD'), 1, 45000.00, 148, 9);
INSERT INTO FIDE_TRANSACCION_TB (ID_TRANSACCION, FECHA_TRANSACCION, ID_TIPO_TRANSACCION, MONTO_TOTAL, ID_USUARIO, ID_ESTADO) VALUES (149, TO_DATE('2025-03-30', 'YYYY-MM-DD'), 5, 2500.00, 149, 9);
INSERT INTO FIDE_TRANSACCION_TB (ID_TRANSACCION, FECHA_TRANSACCION, ID_TIPO_TRANSACCION, MONTO_TOTAL, ID_USUARIO, ID_ESTADO) VALUES (150, TO_DATE('2025-04-01', 'YYYY-MM-DD'), 1, 30000.00, 150, 6);
INSERT INTO FIDE_TRANSACCION_TB (ID_TRANSACCION, FECHA_TRANSACCION, ID_TIPO_TRANSACCION, MONTO_TOTAL, ID_USUARIO, ID_ESTADO) VALUES (151, TO_DATE('2025-04-04', 'YYYY-MM-DD'), 1, 45000.00, 151, 9);
INSERT INTO FIDE_TRANSACCION_TB (ID_TRANSACCION, FECHA_TRANSACCION, ID_TIPO_TRANSACCION, MONTO_TOTAL, ID_USUARIO, ID_ESTADO) VALUES (152, TO_DATE('2025-04-07', 'YYYY-MM-DD'), 7, 105000.00, 152, 9);
INSERT INTO FIDE_TRANSACCION_TB (ID_TRANSACCION, FECHA_TRANSACCION, ID_TIPO_TRANSACCION, MONTO_TOTAL, ID_USUARIO, ID_ESTADO) VALUES (153, TO_DATE('2025-04-11', 'YYYY-MM-DD'), 2, 45000.00, 153, 9);
INSERT INTO FIDE_TRANSACCION_TB (ID_TRANSACCION, FECHA_TRANSACCION, ID_TIPO_TRANSACCION, MONTO_TOTAL, ID_USUARIO, ID_ESTADO) VALUES (154, TO_DATE('2025-04-14', 'YYYY-MM-DD'), 8, 750000.00, 154, 9);
INSERT INTO FIDE_TRANSACCION_TB (ID_TRANSACCION, FECHA_TRANSACCION, ID_TIPO_TRANSACCION, MONTO_TOTAL, ID_USUARIO, ID_ESTADO) VALUES (155, TO_DATE('2025-04-17', 'YYYY-MM-DD'), 1, 50000.00, 155, 9);
INSERT INTO FIDE_TRANSACCION_TB (ID_TRANSACCION, FECHA_TRANSACCION, ID_TIPO_TRANSACCION, MONTO_TOTAL, ID_USUARIO, ID_ESTADO) VALUES (156, TO_DATE('2025-04-20', 'YYYY-MM-DD'), 6, 30000.00, 156, 9);
INSERT INTO FIDE_TRANSACCION_TB (ID_TRANSACCION, FECHA_TRANSACCION, ID_TIPO_TRANSACCION, MONTO_TOTAL, ID_USUARIO, ID_ESTADO) VALUES (157, TO_DATE('2025-04-24', 'YYYY-MM-DD'), 7, 75000.00, 157, 9);
INSERT INTO FIDE_TRANSACCION_TB (ID_TRANSACCION, FECHA_TRANSACCION, ID_TIPO_TRANSACCION, MONTO_TOTAL, ID_USUARIO, ID_ESTADO) VALUES (158, TO_DATE('2025-04-27', 'YYYY-MM-DD'), 1, 45000.00, 158, 9);
INSERT INTO FIDE_TRANSACCION_TB (ID_TRANSACCION, FECHA_TRANSACCION, ID_TIPO_TRANSACCION, MONTO_TOTAL, ID_USUARIO, ID_ESTADO) VALUES (159, TO_DATE('2025-04-30', 'YYYY-MM-DD'), 4, 3000.00, 159, 9);
INSERT INTO FIDE_TRANSACCION_TB (ID_TRANSACCION, FECHA_TRANSACCION, ID_TIPO_TRANSACCION, MONTO_TOTAL, ID_USUARIO, ID_ESTADO) VALUES (160, TO_DATE('2025-05-01', 'YYYY-MM-DD'), 1, 20000.00, 160, 6);
INSERT INTO FIDE_TRANSACCION_TB (ID_TRANSACCION, FECHA_TRANSACCION, ID_TIPO_TRANSACCION, MONTO_TOTAL, ID_USUARIO, ID_ESTADO) VALUES (161, TO_DATE('2025-05-04', 'YYYY-MM-DD'), 1, 45000.00, 161, 9);
INSERT INTO FIDE_TRANSACCION_TB (ID_TRANSACCION, FECHA_TRANSACCION, ID_TIPO_TRANSACCION, MONTO_TOTAL, ID_USUARIO, ID_ESTADO) VALUES (162, TO_DATE('2025-05-07', 'YYYY-MM-DD'), 7, 120000.00, 162, 9);
INSERT INTO FIDE_TRANSACCION_TB (ID_TRANSACCION, FECHA_TRANSACCION, ID_TIPO_TRANSACCION, MONTO_TOTAL, ID_USUARIO, ID_ESTADO) VALUES (163, TO_DATE('2025-05-11', 'YYYY-MM-DD'), 2, 50000.00, 163, 9);
INSERT INTO FIDE_TRANSACCION_TB (ID_TRANSACCION, FECHA_TRANSACCION, ID_TIPO_TRANSACCION, MONTO_TOTAL, ID_USUARIO, ID_ESTADO) VALUES (164, TO_DATE('2025-05-14', 'YYYY-MM-DD'), 8, 350000.00, 164, 9);
INSERT INTO FIDE_TRANSACCION_TB (ID_TRANSACCION, FECHA_TRANSACCION, ID_TIPO_TRANSACCION, MONTO_TOTAL, ID_USUARIO, ID_ESTADO) VALUES (165, TO_DATE('2025-05-17', 'YYYY-MM-DD'), 1, 55000.00, 165, 9);
INSERT INTO FIDE_TRANSACCION_TB (ID_TRANSACCION, FECHA_TRANSACCION, ID_TIPO_TRANSACCION, MONTO_TOTAL, ID_USUARIO, ID_ESTADO) VALUES (166, TO_DATE('2025-05-20', 'YYYY-MM-DD'), 6, 25000.00, 166, 9);
INSERT INTO FIDE_TRANSACCION_TB (ID_TRANSACCION, FECHA_TRANSACCION, ID_TIPO_TRANSACCION, MONTO_TOTAL, ID_USUARIO, ID_ESTADO) VALUES (167, TO_DATE('2025-05-24', 'YYYY-MM-DD'), 7, 85000.00, 167, 9);
INSERT INTO FIDE_TRANSACCION_TB (ID_TRANSACCION, FECHA_TRANSACCION, ID_TIPO_TRANSACCION, MONTO_TOTAL, ID_USUARIO, ID_ESTADO) VALUES (168, TO_DATE('2025-05-27', 'YYYY-MM-DD'), 1, 45000.00, 168, 9);
INSERT INTO FIDE_TRANSACCION_TB (ID_TRANSACCION, FECHA_TRANSACCION, ID_TIPO_TRANSACCION, MONTO_TOTAL, ID_USUARIO, ID_ESTADO) VALUES (169, TO_DATE('2025-05-30', 'YYYY-MM-DD'), 5, 1500.00, 169, 9);
INSERT INTO FIDE_TRANSACCION_TB (ID_TRANSACCION, FECHA_TRANSACCION, ID_TIPO_TRANSACCION, MONTO_TOTAL, ID_USUARIO, ID_ESTADO) VALUES (170, TO_DATE('2025-06-01', 'YYYY-MM-DD'), 1, 30000.00, 170, 6);
INSERT INTO FIDE_TRANSACCION_TB (ID_TRANSACCION, FECHA_TRANSACCION, ID_TIPO_TRANSACCION, MONTO_TOTAL, ID_USUARIO, ID_ESTADO) VALUES (171, TO_DATE('2025-06-04', 'YYYY-MM-DD'), 1, 45000.00, 171, 9);
INSERT INTO FIDE_TRANSACCION_TB (ID_TRANSACCION, FECHA_TRANSACCION, ID_TIPO_TRANSACCION, MONTO_TOTAL, ID_USUARIO, ID_ESTADO) VALUES (172, TO_DATE('2025-06-07', 'YYYY-MM-DD'), 7, 130000.00, 172, 9);
INSERT INTO FIDE_TRANSACCION_TB (ID_TRANSACCION, FECHA_TRANSACCION, ID_TIPO_TRANSACCION, MONTO_TOTAL, ID_USUARIO, ID_ESTADO) VALUES (173, TO_DATE('2025-06-11', 'YYYY-MM-DD'), 2, 60000.00, 173, 9);
INSERT INTO FIDE_TRANSACCION_TB (ID_TRANSACCION, FECHA_TRANSACCION, ID_TIPO_TRANSACCION, MONTO_TOTAL, ID_USUARIO, ID_ESTADO) VALUES (174, TO_DATE('2025-06-14', 'YYYY-MM-DD'), 8, 950000.00, 174, 9);
INSERT INTO FIDE_TRANSACCION_TB (ID_TRANSACCION, FECHA_TRANSACCION, ID_TIPO_TRANSACCION, MONTO_TOTAL, ID_USUARIO, ID_ESTADO) VALUES (175, TO_DATE('2025-06-17', 'YYYY-MM-DD'), 1, 50000.00, 175, 9);
INSERT INTO FIDE_TRANSACCION_TB (ID_TRANSACCION, FECHA_TRANSACCION, ID_TIPO_TRANSACCION, MONTO_TOTAL, ID_USUARIO, ID_ESTADO) VALUES (176, TO_DATE('2025-06-20', 'YYYY-MM-DD'), 6, 28000.00, 176, 9);
INSERT INTO FIDE_TRANSACCION_TB (ID_TRANSACCION, FECHA_TRANSACCION, ID_TIPO_TRANSACCION, MONTO_TOTAL, ID_USUARIO, ID_ESTADO) VALUES (177, TO_DATE('2025-06-24', 'YYYY-MM-DD'), 7, 65000.00, 177, 9);
INSERT INTO FIDE_TRANSACCION_TB (ID_TRANSACCION, FECHA_TRANSACCION, ID_TIPO_TRANSACCION, MONTO_TOTAL, ID_USUARIO, ID_ESTADO) VALUES (178, TO_DATE('2025-06-27', 'YYYY-MM-DD'), 1, 45000.00, 178, 9);
INSERT INTO FIDE_TRANSACCION_TB (ID_TRANSACCION, FECHA_TRANSACCION, ID_TIPO_TRANSACCION, MONTO_TOTAL, ID_USUARIO, ID_ESTADO) VALUES (179, TO_DATE('2025-06-30', 'YYYY-MM-DD'), 4, 4500.00, 179, 9);
INSERT INTO FIDE_TRANSACCION_TB (ID_TRANSACCION, FECHA_TRANSACCION, ID_TIPO_TRANSACCION, MONTO_TOTAL, ID_USUARIO, ID_ESTADO) VALUES (180, TO_DATE('2025-07-01', 'YYYY-MM-DD'), 1, 15000.00, 180, 6);
INSERT INTO FIDE_TRANSACCION_TB (ID_TRANSACCION, FECHA_TRANSACCION, ID_TIPO_TRANSACCION, MONTO_TOTAL, ID_USUARIO, ID_ESTADO) VALUES (181, TO_DATE('2025-07-04', 'YYYY-MM-DD'), 1, 45000.00, 181, 9);
INSERT INTO FIDE_TRANSACCION_TB (ID_TRANSACCION, FECHA_TRANSACCION, ID_TIPO_TRANSACCION, MONTO_TOTAL, ID_USUARIO, ID_ESTADO) VALUES (182, TO_DATE('2025-07-07', 'YYYY-MM-DD'), 7, 110000.00, 182, 9);
INSERT INTO FIDE_TRANSACCION_TB (ID_TRANSACCION, FECHA_TRANSACCION, ID_TIPO_TRANSACCION, MONTO_TOTAL, ID_USUARIO, ID_ESTADO) VALUES (183, TO_DATE('2025-07-11', 'YYYY-MM-DD'), 2, 40000.00, 183, 9);
INSERT INTO FIDE_TRANSACCION_TB (ID_TRANSACCION, FECHA_TRANSACCION, ID_TIPO_TRANSACCION, MONTO_TOTAL, ID_USUARIO, ID_ESTADO) VALUES (184, TO_DATE('2025-07-14', 'YYYY-MM-DD'), 8, 400000.00, 184, 9);
INSERT INTO FIDE_TRANSACCION_TB (ID_TRANSACCION, FECHA_TRANSACCION, ID_TIPO_TRANSACCION, MONTO_TOTAL, ID_USUARIO, ID_ESTADO) VALUES (185, TO_DATE('2025-07-17', 'YYYY-MM-DD'), 1, 55000.00, 185, 9);
INSERT INTO FIDE_TRANSACCION_TB (ID_TRANSACCION, FECHA_TRANSACCION, ID_TIPO_TRANSACCION, MONTO_TOTAL, ID_USUARIO, ID_ESTADO) VALUES (186, TO_DATE('2025-07-20', 'YYYY-MM-DD'), 6, 20000.00, 186, 9);
INSERT INTO FIDE_TRANSACCION_TB (ID_TRANSACCION, FECHA_TRANSACCION, ID_TIPO_TRANSACCION, MONTO_TOTAL, ID_USUARIO, ID_ESTADO) VALUES (187, TO_DATE('2025-07-24', 'YYYY-MM-DD'), 7, 95000.00, 187, 9);
INSERT INTO FIDE_TRANSACCION_TB (ID_TRANSACCION, FECHA_TRANSACCION, ID_TIPO_TRANSACCION, MONTO_TOTAL, ID_USUARIO, ID_ESTADO) VALUES (188, TO_DATE('2025-07-27', 'YYYY-MM-DD'), 1, 45000.00, 188, 9);
INSERT INTO FIDE_TRANSACCION_TB (ID_TRANSACCION, FECHA_TRANSACCION, ID_TIPO_TRANSACCION, MONTO_TOTAL, ID_USUARIO, ID_ESTADO) VALUES (189, TO_DATE('2025-07-30', 'YYYY-MM-DD'), 5, 2000.00, 189, 9);
INSERT INTO FIDE_TRANSACCION_TB (ID_TRANSACCION, FECHA_TRANSACCION, ID_TIPO_TRANSACCION, MONTO_TOTAL, ID_USUARIO, ID_ESTADO) VALUES (190, TO_DATE('2025-08-01', 'YYYY-MM-DD'), 1, 30000.00, 190, 6);
INSERT INTO FIDE_TRANSACCION_TB (ID_TRANSACCION, FECHA_TRANSACCION, ID_TIPO_TRANSACCION, MONTO_TOTAL, ID_USUARIO, ID_ESTADO) VALUES (191, TO_DATE('2025-08-04', 'YYYY-MM-DD'), 1, 45000.00, 191, 9);
INSERT INTO FIDE_TRANSACCION_TB (ID_TRANSACCION, FECHA_TRANSACCION, ID_TIPO_TRANSACCION, MONTO_TOTAL, ID_USUARIO, ID_ESTADO) VALUES (192, TO_DATE('2025-08-07', 'YYYY-MM-DD'), 7, 145000.00, 192, 9);
INSERT INTO FIDE_TRANSACCION_TB (ID_TRANSACCION, FECHA_TRANSACCION, ID_TIPO_TRANSACCION, MONTO_TOTAL, ID_USUARIO, ID_ESTADO) VALUES (193, TO_DATE('2025-08-11', 'YYYY-MM-DD'), 2, 75000.00, 193, 9);
INSERT INTO FIDE_TRANSACCION_TB (ID_TRANSACCION, FECHA_TRANSACCION, ID_TIPO_TRANSACCION, MONTO_TOTAL, ID_USUARIO, ID_ESTADO) VALUES (194, TO_DATE('2025-08-14', 'YYYY-MM-DD'), 8, 550000.00, 194, 9);
INSERT INTO FIDE_TRANSACCION_TB (ID_TRANSACCION, FECHA_TRANSACCION, ID_TIPO_TRANSACCION, MONTO_TOTAL, ID_USUARIO, ID_ESTADO) VALUES (195, TO_DATE('2025-08-17', 'YYYY-MM-DD'), 1, 50000.00, 195, 9);
INSERT INTO FIDE_TRANSACCION_TB (ID_TRANSACCION, FECHA_TRANSACCION, ID_TIPO_TRANSACCION, MONTO_TOTAL, ID_USUARIO, ID_ESTADO) VALUES (196, TO_DATE('2025-08-20', 'YYYY-MM-DD'), 6, 40000.00, 196, 9);
INSERT INTO FIDE_TRANSACCION_TB (ID_TRANSACCION, FECHA_TRANSACCION, ID_TIPO_TRANSACCION, MONTO_TOTAL, ID_USUARIO, ID_ESTADO) VALUES (197, TO_DATE('2025-08-24', 'YYYY-MM-DD'), 7, 75000.00, 197, 9);
INSERT INTO FIDE_TRANSACCION_TB (ID_TRANSACCION, FECHA_TRANSACCION, ID_TIPO_TRANSACCION, MONTO_TOTAL, ID_USUARIO, ID_ESTADO) VALUES (198, TO_DATE('2025-08-27', 'YYYY-MM-DD'), 1, 45000.00, 198, 9);
INSERT INTO FIDE_TRANSACCION_TB (ID_TRANSACCION, FECHA_TRANSACCION, ID_TIPO_TRANSACCION, MONTO_TOTAL, ID_USUARIO, ID_ESTADO) VALUES (199, TO_DATE('2025-08-30', 'YYYY-MM-DD'), 4, 3500.00, 199, 9);
INSERT INTO FIDE_TRANSACCION_TB (ID_TRANSACCION, FECHA_TRANSACCION, ID_TIPO_TRANSACCION, MONTO_TOTAL, ID_USUARIO, ID_ESTADO) VALUES (200, TO_DATE('2025-09-01', 'YYYY-MM-DD'), 1, 20000.00, 200, 6);
SELECT * FROM FIDE_TRANSACCION_TB;

-- Inserts Tabla FIDE_DETALLE_TRANSACCION_TB
INSERT INTO FIDE_DETALLE_TRANSACCION_TB (ID_DETALLE, ID_TRANSACCION, CONCEPTO, SUB_TOTAL) VALUES (1, 1, 'Aporte obrero mensual', 50000.00);
INSERT INTO FIDE_DETALLE_TRANSACCION_TB (ID_DETALLE, ID_TRANSACCION, CONCEPTO, SUB_TOTAL) VALUES (2, 1, 'Aporte patronal mensual', 25000.00);
INSERT INTO FIDE_DETALLE_TRANSACCION_TB (ID_DETALLE, ID_TRANSACCION, CONCEPTO, SUB_TOTAL) VALUES (3, 2, 'Ahorro voluntario / Retiro', 20000.00);
INSERT INTO FIDE_DETALLE_TRANSACCION_TB (ID_DETALLE, ID_TRANSACCION, CONCEPTO, SUB_TOTAL) VALUES (4, 2, 'Ahorro extraordinario', 5000.00);
INSERT INTO FIDE_DETALLE_TRANSACCION_TB (ID_DETALLE, ID_TRANSACCION, CONCEPTO, SUB_TOTAL) VALUES (5, 3, 'Abono principal de préstamo', 120000.00);
INSERT INTO FIDE_DETALLE_TRANSACCION_TB (ID_DETALLE, ID_TRANSACCION, CONCEPTO, SUB_TOTAL) VALUES (6, 3, 'Intereses y pólizas', 30000.00);
INSERT INTO FIDE_DETALLE_TRANSACCION_TB (ID_DETALLE, ID_TRANSACCION, CONCEPTO, SUB_TOTAL) VALUES (7, 4, 'Abono principal de préstamo', 480000.00);
INSERT INTO FIDE_DETALLE_TRANSACCION_TB (ID_DETALLE, ID_TRANSACCION, CONCEPTO, SUB_TOTAL) VALUES (8, 4, 'Intereses y pólizas', 20000.00);
INSERT INTO FIDE_DETALLE_TRANSACCION_TB (ID_DETALLE, ID_TRANSACCION, CONCEPTO, SUB_TOTAL) VALUES (9, 5, 'Aporte obrero mensual', 30000.00);
INSERT INTO FIDE_DETALLE_TRANSACCION_TB (ID_DETALLE, ID_TRANSACCION, CONCEPTO, SUB_TOTAL) VALUES (10, 5, 'Aporte patronal mensual', 15000.00);
INSERT INTO FIDE_DETALLE_TRANSACCION_TB (ID_DETALLE, ID_TRANSACCION, CONCEPTO, SUB_TOTAL) VALUES (11, 6, 'Ahorro voluntario / Retiro', 25000.00);
INSERT INTO FIDE_DETALLE_TRANSACCION_TB (ID_DETALLE, ID_TRANSACCION, CONCEPTO, SUB_TOTAL) VALUES (12, 6, 'Ahorro extraordinario', 5000.00);
INSERT INTO FIDE_DETALLE_TRANSACCION_TB (ID_DETALLE, ID_TRANSACCION, CONCEPTO, SUB_TOTAL) VALUES (13, 7, 'Aporte obrero mensual', 70000.00);
INSERT INTO FIDE_DETALLE_TRANSACCION_TB (ID_DETALLE, ID_TRANSACCION, CONCEPTO, SUB_TOTAL) VALUES (14, 7, 'Aporte patronal mensual', 15000.00);
INSERT INTO FIDE_DETALLE_TRANSACCION_TB (ID_DETALLE, ID_TRANSACCION, CONCEPTO, SUB_TOTAL) VALUES (15, 8, 'Ahorro voluntario / Retiro', 15000.00);
INSERT INTO FIDE_DETALLE_TRANSACCION_TB (ID_DETALLE, ID_TRANSACCION, CONCEPTO, SUB_TOTAL) VALUES (16, 8, 'Ahorro extraordinario', 5000.00);
INSERT INTO FIDE_DETALLE_TRANSACCION_TB (ID_DETALLE, ID_TRANSACCION, CONCEPTO, SUB_TOTAL) VALUES (17, 9, 'Cargos por transferencia SINPE', 1500.00);
INSERT INTO FIDE_DETALLE_TRANSACCION_TB (ID_DETALLE, ID_TRANSACCION, CONCEPTO, SUB_TOTAL) VALUES (18, 9, 'Comisión administrativa', 1000.00);
INSERT INTO FIDE_DETALLE_TRANSACCION_TB (ID_DETALLE, ID_TRANSACCION, CONCEPTO, SUB_TOTAL) VALUES (19, 10, 'Ahorro voluntario / Retiro', 10000.00);
INSERT INTO FIDE_DETALLE_TRANSACCION_TB (ID_DETALLE, ID_TRANSACCION, CONCEPTO, SUB_TOTAL) VALUES (20, 10, 'Ahorro extraordinario', 5000.00);
INSERT INTO FIDE_DETALLE_TRANSACCION_TB (ID_DETALLE, ID_TRANSACCION, CONCEPTO, SUB_TOTAL) VALUES (21, 11, 'Aporte obrero mensual', 30000.00);
INSERT INTO FIDE_DETALLE_TRANSACCION_TB (ID_DETALLE, ID_TRANSACCION, CONCEPTO, SUB_TOTAL) VALUES (22, 11, 'Aporte patronal mensual', 15000.00);
INSERT INTO FIDE_DETALLE_TRANSACCION_TB (ID_DETALLE, ID_TRANSACCION, CONCEPTO, SUB_TOTAL) VALUES (23, 12, 'Abono principal de préstamo', 100000.00);
INSERT INTO FIDE_DETALLE_TRANSACCION_TB (ID_DETALLE, ID_TRANSACCION, CONCEPTO, SUB_TOTAL) VALUES (24, 12, 'Intereses y pólizas', 20000.00);
INSERT INTO FIDE_DETALLE_TRANSACCION_TB (ID_DETALLE, ID_TRANSACCION, CONCEPTO, SUB_TOTAL) VALUES (25, 13, 'Aporte obrero mensual', 30000.00);
INSERT INTO FIDE_DETALLE_TRANSACCION_TB (ID_DETALLE, ID_TRANSACCION, CONCEPTO, SUB_TOTAL) VALUES (26, 13, 'Aporte patronal mensual', 10000.00);
INSERT INTO FIDE_DETALLE_TRANSACCION_TB (ID_DETALLE, ID_TRANSACCION, CONCEPTO, SUB_TOTAL) VALUES (27, 14, 'Abono principal de préstamo', 750000.00);
INSERT INTO FIDE_DETALLE_TRANSACCION_TB (ID_DETALLE, ID_TRANSACCION, CONCEPTO, SUB_TOTAL) VALUES (28, 14, 'Intereses y pólizas', 50000.00);
INSERT INTO FIDE_DETALLE_TRANSACCION_TB (ID_DETALLE, ID_TRANSACCION, CONCEPTO, SUB_TOTAL) VALUES (29, 15, 'Aporte obrero mensual', 35000.00);
INSERT INTO FIDE_DETALLE_TRANSACCION_TB (ID_DETALLE, ID_TRANSACCION, CONCEPTO, SUB_TOTAL) VALUES (30, 15, 'Aporte patronal mensual', 15000.00);
INSERT INTO FIDE_DETALLE_TRANSACCION_TB (ID_DETALLE, ID_TRANSACCION, CONCEPTO, SUB_TOTAL) VALUES (31, 16, 'Ahorro voluntario / Retiro', 20000.00);
INSERT INTO FIDE_DETALLE_TRANSACCION_TB (ID_DETALLE, ID_TRANSACCION, CONCEPTO, SUB_TOTAL) VALUES (32, 16, 'Ahorro extraordinario', 5000.00);
INSERT INTO FIDE_DETALLE_TRANSACCION_TB (ID_DETALLE, ID_TRANSACCION, CONCEPTO, SUB_TOTAL) VALUES (33, 17, 'Aporte obrero mensual', 50000.00);
INSERT INTO FIDE_DETALLE_TRANSACCION_TB (ID_DETALLE, ID_TRANSACCION, CONCEPTO, SUB_TOTAL) VALUES (34, 17, 'Aporte patronal mensual', 15000.00);
INSERT INTO FIDE_DETALLE_TRANSACCION_TB (ID_DETALLE, ID_TRANSACCION, CONCEPTO, SUB_TOTAL) VALUES (35, 18, 'Ahorro voluntario / Retiro', 15000.00);
INSERT INTO FIDE_DETALLE_TRANSACCION_TB (ID_DETALLE, ID_TRANSACCION, CONCEPTO, SUB_TOTAL) VALUES (36, 18, 'Ahorro extraordinario', 5000.00);
INSERT INTO FIDE_DETALLE_TRANSACCION_TB (ID_DETALLE, ID_TRANSACCION, CONCEPTO, SUB_TOTAL) VALUES (37, 19, 'Cargos por transferencia SINPE', 2500.00);
INSERT INTO FIDE_DETALLE_TRANSACCION_TB (ID_DETALLE, ID_TRANSACCION, CONCEPTO, SUB_TOTAL) VALUES (38, 19, 'Comisión administrativa', 1000.00);
INSERT INTO FIDE_DETALLE_TRANSACCION_TB (ID_DETALLE, ID_TRANSACCION, CONCEPTO, SUB_TOTAL) VALUES (39, 20, 'Ahorro voluntario / Retiro', 10000.00);
INSERT INTO FIDE_DETALLE_TRANSACCION_TB (ID_DETALLE, ID_TRANSACCION, CONCEPTO, SUB_TOTAL) VALUES (40, 20, 'Ahorro extraordinario', 2000.00);
INSERT INTO FIDE_DETALLE_TRANSACCION_TB (ID_DETALLE, ID_TRANSACCION, CONCEPTO, SUB_TOTAL) VALUES (41, 21, 'Aporte obrero mensual', 30000.00);
INSERT INTO FIDE_DETALLE_TRANSACCION_TB (ID_DETALLE, ID_TRANSACCION, CONCEPTO, SUB_TOTAL) VALUES (42, 21, 'Aporte patronal mensual', 15000.00);
INSERT INTO FIDE_DETALLE_TRANSACCION_TB (ID_DETALLE, ID_TRANSACCION, CONCEPTO, SUB_TOTAL) VALUES (43, 22, 'Aporte obrero mensual', 80000.00);
INSERT INTO FIDE_DETALLE_TRANSACCION_TB (ID_DETALLE, ID_TRANSACCION, CONCEPTO, SUB_TOTAL) VALUES (44, 22, 'Aporte patronal mensual', 15000.00);
INSERT INTO FIDE_DETALLE_TRANSACCION_TB (ID_DETALLE, ID_TRANSACCION, CONCEPTO, SUB_TOTAL) VALUES (45, 23, 'Aporte obrero mensual', 50000.00);
INSERT INTO FIDE_DETALLE_TRANSACCION_TB (ID_DETALLE, ID_TRANSACCION, CONCEPTO, SUB_TOTAL) VALUES (46, 23, 'Aporte patronal mensual', 10000.00);
INSERT INTO FIDE_DETALLE_TRANSACCION_TB (ID_DETALLE, ID_TRANSACCION, CONCEPTO, SUB_TOTAL) VALUES (47, 24, 'Abono principal de préstamo', 320000.00);
INSERT INTO FIDE_DETALLE_TRANSACCION_TB (ID_DETALLE, ID_TRANSACCION, CONCEPTO, SUB_TOTAL) VALUES (48, 24, 'Intereses y pólizas', 30000.00);
INSERT INTO FIDE_DETALLE_TRANSACCION_TB (ID_DETALLE, ID_TRANSACCION, CONCEPTO, SUB_TOTAL) VALUES (49, 25, 'Aporte obrero mensual', 40000.00);
INSERT INTO FIDE_DETALLE_TRANSACCION_TB (ID_DETALLE, ID_TRANSACCION, CONCEPTO, SUB_TOTAL) VALUES (50, 25, 'Aporte patronal mensual', 15000.00);
INSERT INTO FIDE_DETALLE_TRANSACCION_TB (ID_DETALLE, ID_TRANSACCION, CONCEPTO, SUB_TOTAL) VALUES (51, 26, 'Ahorro voluntario / Retiro', 15000.00);
INSERT INTO FIDE_DETALLE_TRANSACCION_TB (ID_DETALLE, ID_TRANSACCION, CONCEPTO, SUB_TOTAL) VALUES (52, 26, 'Ahorro extraordinario', 5000.00);
INSERT INTO FIDE_DETALLE_TRANSACCION_TB (ID_DETALLE, ID_TRANSACCION, CONCEPTO, SUB_TOTAL) VALUES (53, 27, 'Aporte obrero mensual', 60000.00);
INSERT INTO FIDE_DETALLE_TRANSACCION_TB (ID_DETALLE, ID_TRANSACCION, CONCEPTO, SUB_TOTAL) VALUES (54, 27, 'Aporte patronal mensual', 15000.00);
INSERT INTO FIDE_DETALLE_TRANSACCION_TB (ID_DETALLE, ID_TRANSACCION, CONCEPTO, SUB_TOTAL) VALUES (55, 28, 'Ahorro voluntario / Retiro', 15000.00);
INSERT INTO FIDE_DETALLE_TRANSACCION_TB (ID_DETALLE, ID_TRANSACCION, CONCEPTO, SUB_TOTAL) VALUES (56, 28, 'Ahorro extraordinario', 5000.00);
INSERT INTO FIDE_DETALLE_TRANSACCION_TB (ID_DETALLE, ID_TRANSACCION, CONCEPTO, SUB_TOTAL) VALUES (57, 29, 'Cargos por transferencia SINPE', 1000.00);
INSERT INTO FIDE_DETALLE_TRANSACCION_TB (ID_DETALLE, ID_TRANSACCION, CONCEPTO, SUB_TOTAL) VALUES (58, 29, 'Comisión administrativa', 500.00);
INSERT INTO FIDE_DETALLE_TRANSACCION_TB (ID_DETALLE, ID_TRANSACCION, CONCEPTO, SUB_TOTAL) VALUES (59, 30, 'Ahorro voluntario / Retiro', 25000.00);
INSERT INTO FIDE_DETALLE_TRANSACCION_TB (ID_DETALLE, ID_TRANSACCION, CONCEPTO, SUB_TOTAL) VALUES (60, 30, 'Ahorro extraordinario', 5000.00);
INSERT INTO FIDE_DETALLE_TRANSACCION_TB (ID_DETALLE, ID_TRANSACCION, CONCEPTO, SUB_TOTAL) VALUES (61, 31, 'Aporte obrero mensual', 30000.00);
INSERT INTO FIDE_DETALLE_TRANSACCION_TB (ID_DETALLE, ID_TRANSACCION, CONCEPTO, SUB_TOTAL) VALUES (62, 31, 'Aporte patronal mensual', 15000.00);
INSERT INTO FIDE_DETALLE_TRANSACCION_TB (ID_DETALLE, ID_TRANSACCION, CONCEPTO, SUB_TOTAL) VALUES (63, 32, 'Abono principal de préstamo', 90000.00);
INSERT INTO FIDE_DETALLE_TRANSACCION_TB (ID_DETALLE, ID_TRANSACCION, CONCEPTO, SUB_TOTAL) VALUES (64, 32, 'Intereses y pólizas', 20000.00);
INSERT INTO FIDE_DETALLE_TRANSACCION_TB (ID_DETALLE, ID_TRANSACCION, CONCEPTO, SUB_TOTAL) VALUES (65, 33, 'Ahorro voluntario / Retiro', 25000.00);
INSERT INTO FIDE_DETALLE_TRANSACCION_TB (ID_DETALLE, ID_TRANSACCION, CONCEPTO, SUB_TOTAL) VALUES (66, 33, 'Ahorro extraordinario', 5000.00);
INSERT INTO FIDE_DETALLE_TRANSACCION_TB (ID_DETALLE, ID_TRANSACCION, CONCEPTO, SUB_TOTAL) VALUES (67, 34, 'Abono principal de préstamo', 550000.00);
INSERT INTO FIDE_DETALLE_TRANSACCION_TB (ID_DETALLE, ID_TRANSACCION, CONCEPTO, SUB_TOTAL) VALUES (68, 34, 'Intereses y pólizas', 50000.00);
INSERT INTO FIDE_DETALLE_TRANSACCION_TB (ID_DETALLE, ID_TRANSACCION, CONCEPTO, SUB_TOTAL) VALUES (69, 35, 'Aporte obrero mensual', 35000.00);
INSERT INTO FIDE_DETALLE_TRANSACCION_TB (ID_DETALLE, ID_TRANSACCION, CONCEPTO, SUB_TOTAL) VALUES (70, 35, 'Aporte patronal mensual', 15000.00);
INSERT INTO FIDE_DETALLE_TRANSACCION_TB (ID_DETALLE, ID_TRANSACCION, CONCEPTO, SUB_TOTAL) VALUES (71, 36, 'Aporte obrero mensual', 30000.00);
INSERT INTO FIDE_DETALLE_TRANSACCION_TB (ID_DETALLE, ID_TRANSACCION, CONCEPTO, SUB_TOTAL) VALUES (72, 36, 'Aporte patronal mensual', 10000.00);
INSERT INTO FIDE_DETALLE_TRANSACCION_TB (ID_DETALLE, ID_TRANSACCION, CONCEPTO, SUB_TOTAL) VALUES (73, 37, 'Aporte obrero mensual', 80000.00);
INSERT INTO FIDE_DETALLE_TRANSACCION_TB (ID_DETALLE, ID_TRANSACCION, CONCEPTO, SUB_TOTAL) VALUES (74, 37, 'Aporte patronal mensual', 15000.00);
INSERT INTO FIDE_DETALLE_TRANSACCION_TB (ID_DETALLE, ID_TRANSACCION, CONCEPTO, SUB_TOTAL) VALUES (75, 38, 'Ahorro voluntario / Retiro', 15000.00);
INSERT INTO FIDE_DETALLE_TRANSACCION_TB (ID_DETALLE, ID_TRANSACCION, CONCEPTO, SUB_TOTAL) VALUES (76, 38, 'Ahorro extraordinario', 5000.00);
INSERT INTO FIDE_DETALLE_TRANSACCION_TB (ID_DETALLE, ID_TRANSACCION, CONCEPTO, SUB_TOTAL) VALUES (77, 39, 'Cargos por transferencia SINPE', 3000.00);
INSERT INTO FIDE_DETALLE_TRANSACCION_TB (ID_DETALLE, ID_TRANSACCION, CONCEPTO, SUB_TOTAL) VALUES (78, 39, 'Comisión administrativa', 1500.00);
INSERT INTO FIDE_DETALLE_TRANSACCION_TB (ID_DETALLE, ID_TRANSACCION, CONCEPTO, SUB_TOTAL) VALUES (79, 40, 'Aporte obrero mensual', 30000.00);
INSERT INTO FIDE_DETALLE_TRANSACCION_TB (ID_DETALLE, ID_TRANSACCION, CONCEPTO, SUB_TOTAL) VALUES (80, 40, 'Aporte patronal mensual', 10000.00);
INSERT INTO FIDE_DETALLE_TRANSACCION_TB (ID_DETALLE, ID_TRANSACCION, CONCEPTO, SUB_TOTAL) VALUES (81, 41, 'Aporte obrero mensual', 30000.00);
INSERT INTO FIDE_DETALLE_TRANSACCION_TB (ID_DETALLE, ID_TRANSACCION, CONCEPTO, SUB_TOTAL) VALUES (82, 41, 'Aporte patronal mensual', 15000.00);
INSERT INTO FIDE_DETALLE_TRANSACCION_TB (ID_DETALLE, ID_TRANSACCION, CONCEPTO, SUB_TOTAL) VALUES (83, 42, 'Abono principal de préstamo', 110000.00);
INSERT INTO FIDE_DETALLE_TRANSACCION_TB (ID_DETALLE, ID_TRANSACCION, CONCEPTO, SUB_TOTAL) VALUES (84, 42, 'Intereses y pólizas', 20000.00);
INSERT INTO FIDE_DETALLE_TRANSACCION_TB (ID_DETALLE, ID_TRANSACCION, CONCEPTO, SUB_TOTAL) VALUES (85, 43, 'Aporte obrero mensual', 35000.00);
INSERT INTO FIDE_DETALLE_TRANSACCION_TB (ID_DETALLE, ID_TRANSACCION, CONCEPTO, SUB_TOTAL) VALUES (86, 43, 'Aporte patronal mensual', 10000.00);
INSERT INTO FIDE_DETALLE_TRANSACCION_TB (ID_DETALLE, ID_TRANSACCION, CONCEPTO, SUB_TOTAL) VALUES (87, 44, 'Abono principal de préstamo', 420000.00);
INSERT INTO FIDE_DETALLE_TRANSACCION_TB (ID_DETALLE, ID_TRANSACCION, CONCEPTO, SUB_TOTAL) VALUES (88, 44, 'Intereses y pólizas', 30000.00);
INSERT INTO FIDE_DETALLE_TRANSACCION_TB (ID_DETALLE, ID_TRANSACCION, CONCEPTO, SUB_TOTAL) VALUES (89, 45, 'Aporte obrero mensual', 40000.00);
INSERT INTO FIDE_DETALLE_TRANSACCION_TB (ID_DETALLE, ID_TRANSACCION, CONCEPTO, SUB_TOTAL) VALUES (90, 45, 'Aporte patronal mensual', 15000.00);
INSERT INTO FIDE_DETALLE_TRANSACCION_TB (ID_DETALLE, ID_TRANSACCION, CONCEPTO, SUB_TOTAL) VALUES (91, 46, 'Ahorro voluntario / Retiro', 10000.00);
INSERT INTO FIDE_DETALLE_TRANSACCION_TB (ID_DETALLE, ID_TRANSACCION, CONCEPTO, SUB_TOTAL) VALUES (92, 46, 'Ahorro extraordinario', 5000.00);
INSERT INTO FIDE_DETALLE_TRANSACCION_TB (ID_DETALLE, ID_TRANSACCION, CONCEPTO, SUB_TOTAL) VALUES (93, 47, 'Aporte obrero mensual', 70000.00);
INSERT INTO FIDE_DETALLE_TRANSACCION_TB (ID_DETALLE, ID_TRANSACCION, CONCEPTO, SUB_TOTAL) VALUES (94, 47, 'Aporte patronal mensual', 15000.00);
INSERT INTO FIDE_DETALLE_TRANSACCION_TB (ID_DETALLE, ID_TRANSACCION, CONCEPTO, SUB_TOTAL) VALUES (95, 48, 'Ahorro voluntario / Retiro', 25000.00);
INSERT INTO FIDE_DETALLE_TRANSACCION_TB (ID_DETALLE, ID_TRANSACCION, CONCEPTO, SUB_TOTAL) VALUES (96, 48, 'Ahorro extraordinario', 10000.00);
INSERT INTO FIDE_DETALLE_TRANSACCION_TB (ID_DETALLE, ID_TRANSACCION, CONCEPTO, SUB_TOTAL) VALUES (97, 49, 'Cargos por transferencia SINPE', 1500.00);
INSERT INTO FIDE_DETALLE_TRANSACCION_TB (ID_DETALLE, ID_TRANSACCION, CONCEPTO, SUB_TOTAL) VALUES (98, 49, 'Comisión administrativa', 500.00);
INSERT INTO FIDE_DETALLE_TRANSACCION_TB (ID_DETALLE, ID_TRANSACCION, CONCEPTO, SUB_TOTAL) VALUES (99, 50, 'Ahorro voluntario / Retiro', 25000.00);
INSERT INTO FIDE_DETALLE_TRANSACCION_TB (ID_DETALLE, ID_TRANSACCION, CONCEPTO, SUB_TOTAL) VALUES (100, 50, 'Ahorro extraordinario', 5000.00);
INSERT INTO FIDE_DETALLE_TRANSACCION_TB (ID_DETALLE, ID_TRANSACCION, CONCEPTO, SUB_TOTAL) VALUES (101, 51, 'Aporte obrero mensual', 30000.00);
INSERT INTO FIDE_DETALLE_TRANSACCION_TB (ID_DETALLE, ID_TRANSACCION, CONCEPTO, SUB_TOTAL) VALUES (102, 51, 'Aporte patronal mensual', 15000.00);
INSERT INTO FIDE_DETALLE_TRANSACCION_TB (ID_DETALLE, ID_TRANSACCION, CONCEPTO, SUB_TOTAL) VALUES (103, 52, 'Abono principal de préstamo', 85000.00);
INSERT INTO FIDE_DETALLE_TRANSACCION_TB (ID_DETALLE, ID_TRANSACCION, CONCEPTO, SUB_TOTAL) VALUES (104, 52, 'Intereses y pólizas', 20000.00);
INSERT INTO FIDE_DETALLE_TRANSACCION_TB (ID_DETALLE, ID_TRANSACCION, CONCEPTO, SUB_TOTAL) VALUES (105, 53, 'Aporte obrero mensual', 40000.00);
INSERT INTO FIDE_DETALLE_TRANSACCION_TB (ID_DETALLE, ID_TRANSACCION, CONCEPTO, SUB_TOTAL) VALUES (106, 53, 'Aporte patronal mensual', 10000.00);
INSERT INTO FIDE_DETALLE_TRANSACCION_TB (ID_DETALLE, ID_TRANSACCION, CONCEPTO, SUB_TOTAL) VALUES (107, 54, 'Abono principal de préstamo', 850000.00);
INSERT INTO FIDE_DETALLE_TRANSACCION_TB (ID_DETALLE, ID_TRANSACCION, CONCEPTO, SUB_TOTAL) VALUES (108, 54, 'Intereses y pólizas', 50000.00);
INSERT INTO FIDE_DETALLE_TRANSACCION_TB (ID_DETALLE, ID_TRANSACCION, CONCEPTO, SUB_TOTAL) VALUES (109, 55, 'Aporte obrero mensual', 35000.00);
INSERT INTO FIDE_DETALLE_TRANSACCION_TB (ID_DETALLE, ID_TRANSACCION, CONCEPTO, SUB_TOTAL) VALUES (110, 55, 'Aporte patronal mensual', 15000.00);
INSERT INTO FIDE_DETALLE_TRANSACCION_TB (ID_DETALLE, ID_TRANSACCION, CONCEPTO, SUB_TOTAL) VALUES (111, 56, 'Ahorro voluntario / Retiro', 20000.00);
INSERT INTO FIDE_DETALLE_TRANSACCION_TB (ID_DETALLE, ID_TRANSACCION, CONCEPTO, SUB_TOTAL) VALUES (112, 56, 'Ahorro extraordinario', 5000.00);
INSERT INTO FIDE_DETALLE_TRANSACCION_TB (ID_DETALLE, ID_TRANSACCION, CONCEPTO, SUB_TOTAL) VALUES (113, 57, 'Aporte obrero mensual', 60000.00);
INSERT INTO FIDE_DETALLE_TRANSACCION_TB (ID_DETALLE, ID_TRANSACCION, CONCEPTO, SUB_TOTAL) VALUES (114, 57, 'Aporte patronal mensual', 15000.00);
INSERT INTO FIDE_DETALLE_TRANSACCION_TB (ID_DETALLE, ID_TRANSACCION, CONCEPTO, SUB_TOTAL) VALUES (115, 58, 'Ahorro voluntario / Retiro', 15000.00);
INSERT INTO FIDE_DETALLE_TRANSACCION_TB (ID_DETALLE, ID_TRANSACCION, CONCEPTO, SUB_TOTAL) VALUES (116, 58, 'Ahorro extraordinario', 5000.00);
INSERT INTO FIDE_DETALLE_TRANSACCION_TB (ID_DETALLE, ID_TRANSACCION, CONCEPTO, SUB_TOTAL) VALUES (117, 59, 'Cargos por transferencia SINPE', 2000.00);
INSERT INTO FIDE_DETALLE_TRANSACCION_TB (ID_DETALLE, ID_TRANSACCION, CONCEPTO, SUB_TOTAL) VALUES (118, 59, 'Comisión administrativa', 1000.00);
INSERT INTO FIDE_DETALLE_TRANSACCION_TB (ID_DETALLE, ID_TRANSACCION, CONCEPTO, SUB_TOTAL) VALUES (119, 60, 'Ahorro voluntario / Retiro', 15000.00);
INSERT INTO FIDE_DETALLE_TRANSACCION_TB (ID_DETALLE, ID_TRANSACCION, CONCEPTO, SUB_TOTAL) VALUES (120, 60, 'Ahorro extraordinario', 3000.00);
INSERT INTO FIDE_DETALLE_TRANSACCION_TB (ID_DETALLE, ID_TRANSACCION, CONCEPTO, SUB_TOTAL) VALUES (121, 61, 'Aporte obrero mensual', 30000.00);
INSERT INTO FIDE_DETALLE_TRANSACCION_TB (ID_DETALLE, ID_TRANSACCION, CONCEPTO, SUB_TOTAL) VALUES (122, 61, 'Aporte patronal mensual', 15000.00);
INSERT INTO FIDE_DETALLE_TRANSACCION_TB (ID_DETALLE, ID_TRANSACCION, CONCEPTO, SUB_TOTAL) VALUES (123, 62, 'Abono principal de préstamo', 120000.00);
INSERT INTO FIDE_DETALLE_TRANSACCION_TB (ID_DETALLE, ID_TRANSACCION, CONCEPTO, SUB_TOTAL) VALUES (124, 62, 'Intereses y pólizas', 20000.00);
INSERT INTO FIDE_DETALLE_TRANSACCION_TB (ID_DETALLE, ID_TRANSACCION, CONCEPTO, SUB_TOTAL) VALUES (125, 63, 'Aporte obrero mensual', 60000.00);
INSERT INTO FIDE_DETALLE_TRANSACCION_TB (ID_DETALLE, ID_TRANSACCION, CONCEPTO, SUB_TOTAL) VALUES (126, 63, 'Aporte patronal mensual', 10000.00);
INSERT INTO FIDE_DETALLE_TRANSACCION_TB (ID_DETALLE, ID_TRANSACCION, CONCEPTO, SUB_TOTAL) VALUES (127, 64, 'Abono principal de préstamo', 220000.00);
INSERT INTO FIDE_DETALLE_TRANSACCION_TB (ID_DETALLE, ID_TRANSACCION, CONCEPTO, SUB_TOTAL) VALUES (128, 64, 'Intereses y pólizas', 30000.00);
INSERT INTO FIDE_DETALLE_TRANSACCION_TB (ID_DETALLE, ID_TRANSACCION, CONCEPTO, SUB_TOTAL) VALUES (129, 65, 'Aporte obrero mensual', 40000.00);
INSERT INTO FIDE_DETALLE_TRANSACCION_TB (ID_DETALLE, ID_TRANSACCION, CONCEPTO, SUB_TOTAL) VALUES (130, 65, 'Aporte patronal mensual', 15000.00);
INSERT INTO FIDE_DETALLE_TRANSACCION_TB (ID_DETALLE, ID_TRANSACCION, CONCEPTO, SUB_TOTAL) VALUES (131, 66, 'Ahorro voluntario / Retiro', 15000.00);
INSERT INTO FIDE_DETALLE_TRANSACCION_TB (ID_DETALLE, ID_TRANSACCION, CONCEPTO, SUB_TOTAL) VALUES (132, 66, 'Ahorro extraordinario', 3000.00);
INSERT INTO FIDE_DETALLE_TRANSACCION_TB (ID_DETALLE, ID_TRANSACCION, CONCEPTO, SUB_TOTAL) VALUES (133, 67, 'Aporte obrero mensual', 50000.00);
INSERT INTO FIDE_DETALLE_TRANSACCION_TB (ID_DETALLE, ID_TRANSACCION, CONCEPTO, SUB_TOTAL) VALUES (134, 67, 'Aporte patronal mensual', 15000.00);
INSERT INTO FIDE_DETALLE_TRANSACCION_TB (ID_DETALLE, ID_TRANSACCION, CONCEPTO, SUB_TOTAL) VALUES (135, 68, 'Aporte obrero mensual', 30000.00);
INSERT INTO FIDE_DETALLE_TRANSACCION_TB (ID_DETALLE, ID_TRANSACCION, CONCEPTO, SUB_TOTAL) VALUES (136, 68, 'Aporte patronal mensual', 15000.00);
INSERT INTO FIDE_DETALLE_TRANSACCION_TB (ID_DETALLE, ID_TRANSACCION, CONCEPTO, SUB_TOTAL) VALUES (137, 69, 'Cargos por transferencia SINPE', 800.00);
INSERT INTO FIDE_DETALLE_TRANSACCION_TB (ID_DETALLE, ID_TRANSACCION, CONCEPTO, SUB_TOTAL) VALUES (138, 69, 'Comisión administrativa', 200.00);
INSERT INTO FIDE_DETALLE_TRANSACCION_TB (ID_DETALLE, ID_TRANSACCION, CONCEPTO, SUB_TOTAL) VALUES (139, 70, 'Ahorro voluntario / Retiro', 25000.00);
INSERT INTO FIDE_DETALLE_TRANSACCION_TB (ID_DETALLE, ID_TRANSACCION, CONCEPTO, SUB_TOTAL) VALUES (140, 70, 'Ahorro extraordinario', 5000.00);
INSERT INTO FIDE_DETALLE_TRANSACCION_TB (ID_DETALLE, ID_TRANSACCION, CONCEPTO, SUB_TOTAL) VALUES (141, 71, 'Aporte obrero mensual', 30000.00);
INSERT INTO FIDE_DETALLE_TRANSACCION_TB (ID_DETALLE, ID_TRANSACCION, CONCEPTO, SUB_TOTAL) VALUES (142, 71, 'Aporte patronal mensual', 15000.00);
INSERT INTO FIDE_DETALLE_TRANSACCION_TB (ID_DETALLE, ID_TRANSACCION, CONCEPTO, SUB_TOTAL) VALUES (143, 72, 'Abono principal de préstamo', 95000.00);
INSERT INTO FIDE_DETALLE_TRANSACCION_TB (ID_DETALLE, ID_TRANSACCION, CONCEPTO, SUB_TOTAL) VALUES (144, 72, 'Intereses y pólizas', 20000.00);
INSERT INTO FIDE_DETALLE_TRANSACCION_TB (ID_DETALLE, ID_TRANSACCION, CONCEPTO, SUB_TOTAL) VALUES (145, 73, 'Ahorro voluntario / Retiro', 25000.00);
INSERT INTO FIDE_DETALLE_TRANSACCION_TB (ID_DETALLE, ID_TRANSACCION, CONCEPTO, SUB_TOTAL) VALUES (146, 73, 'Ahorro extraordinario', 10000.00);
INSERT INTO FIDE_DETALLE_TRANSACCION_TB (ID_DETALLE, ID_TRANSACCION, CONCEPTO, SUB_TOTAL) VALUES (147, 74, 'Abono principal de préstamo', 650000.00);
INSERT INTO FIDE_DETALLE_TRANSACCION_TB (ID_DETALLE, ID_TRANSACCION, CONCEPTO, SUB_TOTAL) VALUES (148, 74, 'Intereses y pólizas', 50000.00);
INSERT INTO FIDE_DETALLE_TRANSACCION_TB (ID_DETALLE, ID_TRANSACCION, CONCEPTO, SUB_TOTAL) VALUES (149, 75, 'Aporte obrero mensual', 35000.00);
INSERT INTO FIDE_DETALLE_TRANSACCION_TB (ID_DETALLE, ID_TRANSACCION, CONCEPTO, SUB_TOTAL) VALUES (150, 75, 'Aporte patronal mensual', 15000.00);
INSERT INTO FIDE_DETALLE_TRANSACCION_TB (ID_DETALLE, ID_TRANSACCION, CONCEPTO, SUB_TOTAL) VALUES (151, 76, 'Ahorro voluntario / Retiro', 17000.00);
INSERT INTO FIDE_DETALLE_TRANSACCION_TB (ID_DETALLE, ID_TRANSACCION, CONCEPTO, SUB_TOTAL) VALUES (152, 76, 'Ahorro extraordinario', 5000.00);
INSERT INTO FIDE_DETALLE_TRANSACCION_TB (ID_DETALLE, ID_TRANSACCION, CONCEPTO, SUB_TOTAL) VALUES (153, 77, 'Aporte obrero mensual', 75000.00);
INSERT INTO FIDE_DETALLE_TRANSACCION_TB (ID_DETALLE, ID_TRANSACCION, CONCEPTO, SUB_TOTAL) VALUES (154, 77, 'Aporte patronal mensual', 15000.00);
INSERT INTO FIDE_DETALLE_TRANSACCION_TB (ID_DETALLE, ID_TRANSACCION, CONCEPTO, SUB_TOTAL) VALUES (155, 78, 'Ahorro voluntario / Retiro', 30000.00);
INSERT INTO FIDE_DETALLE_TRANSACCION_TB (ID_DETALLE, ID_TRANSACCION, CONCEPTO, SUB_TOTAL) VALUES (156, 78, 'Ahorro extraordinario', 15000.00);
INSERT INTO FIDE_DETALLE_TRANSACCION_TB (ID_DETALLE, ID_TRANSACCION, CONCEPTO, SUB_TOTAL) VALUES (157, 79, 'Cargos por transferencia SINPE', 3500.00);
INSERT INTO FIDE_DETALLE_TRANSACCION_TB (ID_DETALLE, ID_TRANSACCION, CONCEPTO, SUB_TOTAL) VALUES (158, 79, 'Comisión administrativa', 1500.00);
INSERT INTO FIDE_DETALLE_TRANSACCION_TB (ID_DETALLE, ID_TRANSACCION, CONCEPTO, SUB_TOTAL) VALUES (159, 80, 'Ahorro voluntario / Retiro', 25000.00);
INSERT INTO FIDE_DETALLE_TRANSACCION_TB (ID_DETALLE, ID_TRANSACCION, CONCEPTO, SUB_TOTAL) VALUES (160, 80, 'Ahorro extraordinario', 5000.00);
INSERT INTO FIDE_DETALLE_TRANSACCION_TB (ID_DETALLE, ID_TRANSACCION, CONCEPTO, SUB_TOTAL) VALUES (161, 81, 'Aporte obrero mensual', 30000.00);
INSERT INTO FIDE_DETALLE_TRANSACCION_TB (ID_DETALLE, ID_TRANSACCION, CONCEPTO, SUB_TOTAL) VALUES (162, 81, 'Aporte patronal mensual', 15000.00);
INSERT INTO FIDE_DETALLE_TRANSACCION_TB (ID_DETALLE, ID_TRANSACCION, CONCEPTO, SUB_TOTAL) VALUES (163, 82, 'Abono principal de préstamo', 105000.00);
INSERT INTO FIDE_DETALLE_TRANSACCION_TB (ID_DETALLE, ID_TRANSACCION, CONCEPTO, SUB_TOTAL) VALUES (164, 82, 'Intereses y pólizas', 20000.00);
INSERT INTO FIDE_DETALLE_TRANSACCION_TB (ID_DETALLE, ID_TRANSACCION, CONCEPTO, SUB_TOTAL) VALUES (165, 83, 'Aporte obrero mensual', 45000.00);
INSERT INTO FIDE_DETALLE_TRANSACCION_TB (ID_DETALLE, ID_TRANSACCION, CONCEPTO, SUB_TOTAL) VALUES (166, 83, 'Aporte patronal mensual', 10000.00);
INSERT INTO FIDE_DETALLE_TRANSACCION_TB (ID_DETALLE, ID_TRANSACCION, CONCEPTO, SUB_TOTAL) VALUES (167, 84, 'Abono principal de préstamo', 120000.00);
INSERT INTO FIDE_DETALLE_TRANSACCION_TB (ID_DETALLE, ID_TRANSACCION, CONCEPTO, SUB_TOTAL) VALUES (168, 84, 'Intereses y pólizas', 30000.00);
INSERT INTO FIDE_DETALLE_TRANSACCION_TB (ID_DETALLE, ID_TRANSACCION, CONCEPTO, SUB_TOTAL) VALUES (169, 85, 'Aporte obrero mensual', 40000.00);
INSERT INTO FIDE_DETALLE_TRANSACCION_TB (ID_DETALLE, ID_TRANSACCION, CONCEPTO, SUB_TOTAL) VALUES (170, 85, 'Aporte patronal mensual', 15000.00);
INSERT INTO FIDE_DETALLE_TRANSACCION_TB (ID_DETALLE, ID_TRANSACCION, CONCEPTO, SUB_TOTAL) VALUES (171, 86, 'Ahorro voluntario / Retiro', 20000.00);
INSERT INTO FIDE_DETALLE_TRANSACCION_TB (ID_DETALLE, ID_TRANSACCION, CONCEPTO, SUB_TOTAL) VALUES (172, 86, 'Ahorro extraordinario', 8000.00);
INSERT INTO FIDE_DETALLE_TRANSACCION_TB (ID_DETALLE, ID_TRANSACCION, CONCEPTO, SUB_TOTAL) VALUES (173, 87, 'Aporte obrero mensual', 85000.00);
INSERT INTO FIDE_DETALLE_TRANSACCION_TB (ID_DETALLE, ID_TRANSACCION, CONCEPTO, SUB_TOTAL) VALUES (174, 87, 'Aporte patronal mensual', 15000.00);
INSERT INTO FIDE_DETALLE_TRANSACCION_TB (ID_DETALLE, ID_TRANSACCION, CONCEPTO, SUB_TOTAL) VALUES (175, 88, 'Aporte obrero mensual', 30000.00);
INSERT INTO FIDE_DETALLE_TRANSACCION_TB (ID_DETALLE, ID_TRANSACCION, CONCEPTO, SUB_TOTAL) VALUES (176, 88, 'Aporte patronal mensual', 15000.00);
INSERT INTO FIDE_DETALLE_TRANSACCION_TB (ID_DETALLE, ID_TRANSACCION, CONCEPTO, SUB_TOTAL) VALUES (177, 89, 'Cargos por transferencia SINPE', 1500.00);
INSERT INTO FIDE_DETALLE_TRANSACCION_TB (ID_DETALLE, ID_TRANSACCION, CONCEPTO, SUB_TOTAL) VALUES (178, 89, 'Comisión administrativa', 1000.00);
INSERT INTO FIDE_DETALLE_TRANSACCION_TB (ID_DETALLE, ID_TRANSACCION, CONCEPTO, SUB_TOTAL) VALUES (179, 90, 'Ahorro voluntario / Retiro', 25000.00);
INSERT INTO FIDE_DETALLE_TRANSACCION_TB (ID_DETALLE, ID_TRANSACCION, CONCEPTO, SUB_TOTAL) VALUES (180, 90, 'Ahorro extraordinario', 5000.00);
INSERT INTO FIDE_DETALLE_TRANSACCION_TB (ID_DETALLE, ID_TRANSACCION, CONCEPTO, SUB_TOTAL) VALUES (181, 91, 'Aporte obrero mensual', 30000.00);
INSERT INTO FIDE_DETALLE_TRANSACCION_TB (ID_DETALLE, ID_TRANSACCION, CONCEPTO, SUB_TOTAL) VALUES (182, 91, 'Aporte patronal mensual', 15000.00);
INSERT INTO FIDE_DETALLE_TRANSACCION_TB (ID_DETALLE, ID_TRANSACCION, CONCEPTO, SUB_TOTAL) VALUES (183, 92, 'Abono principal de préstamo', 115000.00);
INSERT INTO FIDE_DETALLE_TRANSACCION_TB (ID_DETALLE, ID_TRANSACCION, CONCEPTO, SUB_TOTAL) VALUES (184, 92, 'Intereses y pólizas', 20000.00);
INSERT INTO FIDE_DETALLE_TRANSACCION_TB (ID_DETALLE, ID_TRANSACCION, CONCEPTO, SUB_TOTAL) VALUES (185, 93, 'Ahorro voluntario / Retiro', 15000.00);
INSERT INTO FIDE_DETALLE_TRANSACCION_TB (ID_DETALLE, ID_TRANSACCION, CONCEPTO, SUB_TOTAL) VALUES (186, 93, 'Ahorro extraordinario', 5000.00);
INSERT INTO FIDE_DETALLE_TRANSACCION_TB (ID_DETALLE, ID_TRANSACCION, CONCEPTO, SUB_TOTAL) VALUES (187, 94, 'Abono principal de préstamo', 500000.00);
INSERT INTO FIDE_DETALLE_TRANSACCION_TB (ID_DETALLE, ID_TRANSACCION, CONCEPTO, SUB_TOTAL) VALUES (188, 94, 'Intereses y pólizas', 50000.00);
INSERT INTO FIDE_DETALLE_TRANSACCION_TB (ID_DETALLE, ID_TRANSACCION, CONCEPTO, SUB_TOTAL) VALUES (189, 95, 'Aporte obrero mensual', 35000.00);
INSERT INTO FIDE_DETALLE_TRANSACCION_TB (ID_DETALLE, ID_TRANSACCION, CONCEPTO, SUB_TOTAL) VALUES (190, 95, 'Aporte patronal mensual', 15000.00);
INSERT INTO FIDE_DETALLE_TRANSACCION_TB (ID_DETALLE, ID_TRANSACCION, CONCEPTO, SUB_TOTAL) VALUES (191, 96, 'Ahorro voluntario / Retiro', 25000.00);
INSERT INTO FIDE_DETALLE_TRANSACCION_TB (ID_DETALLE, ID_TRANSACCION, CONCEPTO, SUB_TOTAL) VALUES (192, 96, 'Ahorro extraordinario', 7000.00);
INSERT INTO FIDE_DETALLE_TRANSACCION_TB (ID_DETALLE, ID_TRANSACCION, CONCEPTO, SUB_TOTAL) VALUES (193, 97, 'Aporte obrero mensual', 60000.00);
INSERT INTO FIDE_DETALLE_TRANSACCION_TB (ID_DETALLE, ID_TRANSACCION, CONCEPTO, SUB_TOTAL) VALUES (194, 97, 'Aporte patronal mensual', 15000.00);
INSERT INTO FIDE_DETALLE_TRANSACCION_TB (ID_DETALLE, ID_TRANSACCION, CONCEPTO, SUB_TOTAL) VALUES (195, 98, 'Ahorro voluntario / Retiro', 30000.00);
INSERT INTO FIDE_DETALLE_TRANSACCION_TB (ID_DETALLE, ID_TRANSACCION, CONCEPTO, SUB_TOTAL) VALUES (196, 98, 'Ahorro extraordinario', 15000.00);
INSERT INTO FIDE_DETALLE_TRANSACCION_TB (ID_DETALLE, ID_TRANSACCION, CONCEPTO, SUB_TOTAL) VALUES (197, 99, 'Cargos por transferencia SINPE', 3000.00);
INSERT INTO FIDE_DETALLE_TRANSACCION_TB (ID_DETALLE, ID_TRANSACCION, CONCEPTO, SUB_TOTAL) VALUES (198, 99, 'Comisión administrativa', 1000.00);
INSERT INTO FIDE_DETALLE_TRANSACCION_TB (ID_DETALLE, ID_TRANSACCION, CONCEPTO, SUB_TOTAL) VALUES (199, 100, 'Ahorro voluntario / Retiro', 10000.00);
INSERT INTO FIDE_DETALLE_TRANSACCION_TB (ID_DETALLE, ID_TRANSACCION, CONCEPTO, SUB_TOTAL) VALUES (200, 100, 'Ahorro extraordinario', 5000.00);
INSERT INTO FIDE_DETALLE_TRANSACCION_TB (ID_DETALLE, ID_TRANSACCION, CONCEPTO, SUB_TOTAL) VALUES (201, 101, 'Aporte obrero mensual', 30000.00);
INSERT INTO FIDE_DETALLE_TRANSACCION_TB (ID_DETALLE, ID_TRANSACCION, CONCEPTO, SUB_TOTAL) VALUES (202, 101, 'Aporte patronal mensual', 15000.00);
INSERT INTO FIDE_DETALLE_TRANSACCION_TB (ID_DETALLE, ID_TRANSACCION, CONCEPTO, SUB_TOTAL) VALUES (203, 102, 'Abono principal de préstamo', 125000.00);
INSERT INTO FIDE_DETALLE_TRANSACCION_TB (ID_DETALLE, ID_TRANSACCION, CONCEPTO, SUB_TOTAL) VALUES (204, 102, 'Intereses y pólizas', 20000.00);
INSERT INTO FIDE_DETALLE_TRANSACCION_TB (ID_DETALLE, ID_TRANSACCION, CONCEPTO, SUB_TOTAL) VALUES (205, 103, 'Aporte obrero mensual', 65000.00);
INSERT INTO FIDE_DETALLE_TRANSACCION_TB (ID_DETALLE, ID_TRANSACCION, CONCEPTO, SUB_TOTAL) VALUES (206, 103, 'Aporte patronal mensual', 15000.00);
INSERT INTO FIDE_DETALLE_TRANSACCION_TB (ID_DETALLE, ID_TRANSACCION, CONCEPTO, SUB_TOTAL) VALUES (207, 104, 'Abono principal de préstamo', 280000.00);
INSERT INTO FIDE_DETALLE_TRANSACCION_TB (ID_DETALLE, ID_TRANSACCION, CONCEPTO, SUB_TOTAL) VALUES (208, 104, 'Intereses y pólizas', 20000.00);
INSERT INTO FIDE_DETALLE_TRANSACCION_TB (ID_DETALLE, ID_TRANSACCION, CONCEPTO, SUB_TOTAL) VALUES (209, 105, 'Aporte obrero mensual', 40000.00);
INSERT INTO FIDE_DETALLE_TRANSACCION_TB (ID_DETALLE, ID_TRANSACCION, CONCEPTO, SUB_TOTAL) VALUES (210, 105, 'Aporte patronal mensual', 15000.00);
INSERT INTO FIDE_DETALLE_TRANSACCION_TB (ID_DETALLE, ID_TRANSACCION, CONCEPTO, SUB_TOTAL) VALUES (211, 106, 'Ahorro voluntario / Retiro', 15000.00);
INSERT INTO FIDE_DETALLE_TRANSACCION_TB (ID_DETALLE, ID_TRANSACCION, CONCEPTO, SUB_TOTAL) VALUES (212, 106, 'Ahorro extraordinario', 5000.00);
INSERT INTO FIDE_DETALLE_TRANSACCION_TB (ID_DETALLE, ID_TRANSACCION, CONCEPTO, SUB_TOTAL) VALUES (213, 107, 'Aporte obrero mensual', 70000.00);
INSERT INTO FIDE_DETALLE_TRANSACCION_TB (ID_DETALLE, ID_TRANSACCION, CONCEPTO, SUB_TOTAL) VALUES (214, 107, 'Aporte patronal mensual', 15000.00);
INSERT INTO FIDE_DETALLE_TRANSACCION_TB (ID_DETALLE, ID_TRANSACCION, CONCEPTO, SUB_TOTAL) VALUES (215, 108, 'Aporte obrero mensual', 30000.00);
INSERT INTO FIDE_DETALLE_TRANSACCION_TB (ID_DETALLE, ID_TRANSACCION, CONCEPTO, SUB_TOTAL) VALUES (216, 108, 'Aporte patronal mensual', 15000.00);
INSERT INTO FIDE_DETALLE_TRANSACCION_TB (ID_DETALLE, ID_TRANSACCION, CONCEPTO, SUB_TOTAL) VALUES (217, 109, 'Cargos por transferencia SINPE', 1000.00);
INSERT INTO FIDE_DETALLE_TRANSACCION_TB (ID_DETALLE, ID_TRANSACCION, CONCEPTO, SUB_TOTAL) VALUES (218, 109, 'Comisión administrativa', 200.00);
INSERT INTO FIDE_DETALLE_TRANSACCION_TB (ID_DETALLE, ID_TRANSACCION, CONCEPTO, SUB_TOTAL) VALUES (219, 110, 'Ahorro voluntario / Retiro', 25000.00);
INSERT INTO FIDE_DETALLE_TRANSACCION_TB (ID_DETALLE, ID_TRANSACCION, CONCEPTO, SUB_TOTAL) VALUES (220, 110, 'Ahorro extraordinario', 5000.00);
INSERT INTO FIDE_DETALLE_TRANSACCION_TB (ID_DETALLE, ID_TRANSACCION, CONCEPTO, SUB_TOTAL) VALUES (221, 111, 'Aporte obrero mensual', 30000.00);
INSERT INTO FIDE_DETALLE_TRANSACCION_TB (ID_DETALLE, ID_TRANSACCION, CONCEPTO, SUB_TOTAL) VALUES (222, 111, 'Aporte patronal mensual', 15000.00);
INSERT INTO FIDE_DETALLE_TRANSACCION_TB (ID_DETALLE, ID_TRANSACCION, CONCEPTO, SUB_TOTAL) VALUES (223, 112, 'Abono principal de préstamo', 90000.00);
INSERT INTO FIDE_DETALLE_TRANSACCION_TB (ID_DETALLE, ID_TRANSACCION, CONCEPTO, SUB_TOTAL) VALUES (224, 112, 'Intereses y pólizas', 20000.00);
INSERT INTO FIDE_DETALLE_TRANSACCION_TB (ID_DETALLE, ID_TRANSACCION, CONCEPTO, SUB_TOTAL) VALUES (225, 113, 'Aporte obrero mensual', 35000.00);
INSERT INTO FIDE_DETALLE_TRANSACCION_TB (ID_DETALLE, ID_TRANSACCION, CONCEPTO, SUB_TOTAL) VALUES (226, 113, 'Aporte patronal mensual', 10000.00);
INSERT INTO FIDE_DETALLE_TRANSACCION_TB (ID_DETALLE, ID_TRANSACCION, CONCEPTO, SUB_TOTAL) VALUES (227, 114, 'Abono principal de préstamo', 800000.00);
INSERT INTO FIDE_DETALLE_TRANSACCION_TB (ID_DETALLE, ID_TRANSACCION, CONCEPTO, SUB_TOTAL) VALUES (228, 114, 'Intereses y pólizas', 50000.00);
INSERT INTO FIDE_DETALLE_TRANSACCION_TB (ID_DETALLE, ID_TRANSACCION, CONCEPTO, SUB_TOTAL) VALUES (229, 115, 'Aporte obrero mensual', 35000.00);
INSERT INTO FIDE_DETALLE_TRANSACCION_TB (ID_DETALLE, ID_TRANSACCION, CONCEPTO, SUB_TOTAL) VALUES (230, 115, 'Aporte patronal mensual', 15000.00);
INSERT INTO FIDE_DETALLE_TRANSACCION_TB (ID_DETALLE, ID_TRANSACCION, CONCEPTO, SUB_TOTAL) VALUES (231, 116, 'Ahorro voluntario / Retiro', 25000.00);
INSERT INTO FIDE_DETALLE_TRANSACCION_TB (ID_DETALLE, ID_TRANSACCION, CONCEPTO, SUB_TOTAL) VALUES (232, 116, 'Ahorro extraordinario', 10000.00);
INSERT INTO FIDE_DETALLE_TRANSACCION_TB (ID_DETALLE, ID_TRANSACCION, CONCEPTO, SUB_TOTAL) VALUES (233, 117, 'Aporte obrero mensual', 80000.00);
INSERT INTO FIDE_DETALLE_TRANSACCION_TB (ID_DETALLE, ID_TRANSACCION, CONCEPTO, SUB_TOTAL) VALUES (234, 117, 'Aporte patronal mensual', 15000.00);
INSERT INTO FIDE_DETALLE_TRANSACCION_TB (ID_DETALLE, ID_TRANSACCION, CONCEPTO, SUB_TOTAL) VALUES (235, 118, 'Ahorro voluntario / Retiro', 30000.00);
INSERT INTO FIDE_DETALLE_TRANSACCION_TB (ID_DETALLE, ID_TRANSACCION, CONCEPTO, SUB_TOTAL) VALUES (236, 118, 'Ahorro extraordinario', 15000.00);
INSERT INTO FIDE_DETALLE_TRANSACCION_TB (ID_DETALLE, ID_TRANSACCION, CONCEPTO, SUB_TOTAL) VALUES (237, 119, 'Cargos por transferencia SINPE', 2800.00);
INSERT INTO FIDE_DETALLE_TRANSACCION_TB (ID_DETALLE, ID_TRANSACCION, CONCEPTO, SUB_TOTAL) VALUES (238, 119, 'Comisión administrativa', 1000.00);
INSERT INTO FIDE_DETALLE_TRANSACCION_TB (ID_DETALLE, ID_TRANSACCION, CONCEPTO, SUB_TOTAL) VALUES (239, 120, 'Ahorro voluntario / Retiro', 15000.00);
INSERT INTO FIDE_DETALLE_TRANSACCION_TB (ID_DETALLE, ID_TRANSACCION, CONCEPTO, SUB_TOTAL) VALUES (240, 120, 'Ahorro extraordinario', 5000.00);
INSERT INTO FIDE_DETALLE_TRANSACCION_TB (ID_DETALLE, ID_TRANSACCION, CONCEPTO, SUB_TOTAL) VALUES (241, 121, 'Aporte obrero mensual', 30000.00);
INSERT INTO FIDE_DETALLE_TRANSACCION_TB (ID_DETALLE, ID_TRANSACCION, CONCEPTO, SUB_TOTAL) VALUES (242, 121, 'Aporte patronal mensual', 15000.00);
INSERT INTO FIDE_DETALLE_TRANSACCION_TB (ID_DETALLE, ID_TRANSACCION, CONCEPTO, SUB_TOTAL) VALUES (243, 122, 'Abono principal de préstamo', 110000.00);
INSERT INTO FIDE_DETALLE_TRANSACCION_TB (ID_DETALLE, ID_TRANSACCION, CONCEPTO, SUB_TOTAL) VALUES (244, 122, 'Intereses y pólizas', 20000.00);
INSERT INTO FIDE_DETALLE_TRANSACCION_TB (ID_DETALLE, ID_TRANSACCION, CONCEPTO, SUB_TOTAL) VALUES (245, 123, 'Aporte obrero mensual', 55000.00);
INSERT INTO FIDE_DETALLE_TRANSACCION_TB (ID_DETALLE, ID_TRANSACCION, CONCEPTO, SUB_TOTAL) VALUES (246, 123, 'Aporte patronal mensual', 10000.00);
INSERT INTO FIDE_DETALLE_TRANSACCION_TB (ID_DETALLE, ID_TRANSACCION, CONCEPTO, SUB_TOTAL) VALUES (247, 124, 'Abono principal de préstamo', 380000.00);
INSERT INTO FIDE_DETALLE_TRANSACCION_TB (ID_DETALLE, ID_TRANSACCION, CONCEPTO, SUB_TOTAL) VALUES (248, 124, 'Intereses y pólizas', 20000.00);
INSERT INTO FIDE_DETALLE_TRANSACCION_TB (ID_DETALLE, ID_TRANSACCION, CONCEPTO, SUB_TOTAL) VALUES (249, 125, 'Aporte obrero mensual', 40000.00);
INSERT INTO FIDE_DETALLE_TRANSACCION_TB (ID_DETALLE, ID_TRANSACCION, CONCEPTO, SUB_TOTAL) VALUES (250, 125, 'Aporte patronal mensual', 15000.00);
INSERT INTO FIDE_DETALLE_TRANSACCION_TB (ID_DETALLE, ID_TRANSACCION, CONCEPTO, SUB_TOTAL) VALUES (251, 126, 'Ahorro voluntario / Retiro', 17000.00);
INSERT INTO FIDE_DETALLE_TRANSACCION_TB (ID_DETALLE, ID_TRANSACCION, CONCEPTO, SUB_TOTAL) VALUES (252, 126, 'Ahorro extraordinario', 5000.00);
INSERT INTO FIDE_DETALLE_TRANSACCION_TB (ID_DETALLE, ID_TRANSACCION, CONCEPTO, SUB_TOTAL) VALUES (253, 127, 'Aporte obrero mensual', 60000.00);
INSERT INTO FIDE_DETALLE_TRANSACCION_TB (ID_DETALLE, ID_TRANSACCION, CONCEPTO, SUB_TOTAL) VALUES (254, 127, 'Aporte patronal mensual', 15000.00);
INSERT INTO FIDE_DETALLE_TRANSACCION_TB (ID_DETALLE, ID_TRANSACCION, CONCEPTO, SUB_TOTAL) VALUES (255, 128, 'Ahorro voluntario / Retiro', 30000.00);
INSERT INTO FIDE_DETALLE_TRANSACCION_TB (ID_DETALLE, ID_TRANSACCION, CONCEPTO, SUB_TOTAL) VALUES (256, 128, 'Ahorro extraordinario', 15000.00);
INSERT INTO FIDE_DETALLE_TRANSACCION_TB (ID_DETALLE, ID_TRANSACCION, CONCEPTO, SUB_TOTAL) VALUES (257, 129, 'Cargos por transferencia SINPE', 1500.00);
INSERT INTO FIDE_DETALLE_TRANSACCION_TB (ID_DETALLE, ID_TRANSACCION, CONCEPTO, SUB_TOTAL) VALUES (258, 129, 'Comisión administrativa', 500.00);
INSERT INTO FIDE_DETALLE_TRANSACCION_TB (ID_DETALLE, ID_TRANSACCION, CONCEPTO, SUB_TOTAL) VALUES (259, 130, 'Ahorro voluntario / Retiro', 25000.00);
INSERT INTO FIDE_DETALLE_TRANSACCION_TB (ID_DETALLE, ID_TRANSACCION, CONCEPTO, SUB_TOTAL) VALUES (260, 130, 'Ahorro extraordinario', 5000.00);
INSERT INTO FIDE_DETALLE_TRANSACCION_TB (ID_DETALLE, ID_TRANSACCION, CONCEPTO, SUB_TOTAL) VALUES (261, 131, 'Aporte obrero mensual', 30000.00);
INSERT INTO FIDE_DETALLE_TRANSACCION_TB (ID_DETALLE, ID_TRANSACCION, CONCEPTO, SUB_TOTAL) VALUES (262, 131, 'Aporte patronal mensual', 15000.00);
INSERT INTO FIDE_DETALLE_TRANSACCION_TB (ID_DETALLE, ID_TRANSACCION, CONCEPTO, SUB_TOTAL) VALUES (263, 132, 'Abono principal de préstamo', 95000.00);
INSERT INTO FIDE_DETALLE_TRANSACCION_TB (ID_DETALLE, ID_TRANSACCION, CONCEPTO, SUB_TOTAL) VALUES (264, 132, 'Intereses y pólizas', 20000.00);
INSERT INTO FIDE_DETALLE_TRANSACCION_TB (ID_DETALLE, ID_TRANSACCION, CONCEPTO, SUB_TOTAL) VALUES (265, 133, 'Aporte obrero mensual', 25000.00);
INSERT INTO FIDE_DETALLE_TRANSACCION_TB (ID_DETALLE, ID_TRANSACCION, CONCEPTO, SUB_TOTAL) VALUES (266, 133, 'Aporte patronal mensual', 10000.00);
INSERT INTO FIDE_DETALLE_TRANSACCION_TB (ID_DETALLE, ID_TRANSACCION, CONCEPTO, SUB_TOTAL) VALUES (267, 134, 'Abono principal de préstamo', 600000.00);
INSERT INTO FIDE_DETALLE_TRANSACCION_TB (ID_DETALLE, ID_TRANSACCION, CONCEPTO, SUB_TOTAL) VALUES (268, 134, 'Intereses y pólizas', 50000.00);
INSERT INTO FIDE_DETALLE_TRANSACCION_TB (ID_DETALLE, ID_TRANSACCION, CONCEPTO, SUB_TOTAL) VALUES (269, 135, 'Aporte obrero mensual', 35000.00);
INSERT INTO FIDE_DETALLE_TRANSACCION_TB (ID_DETALLE, ID_TRANSACCION, CONCEPTO, SUB_TOTAL) VALUES (270, 135, 'Aporte patronal mensual', 15000.00);
INSERT INTO FIDE_DETALLE_TRANSACCION_TB (ID_DETALLE, ID_TRANSACCION, CONCEPTO, SUB_TOTAL) VALUES (271, 136, 'Ahorro voluntario / Retiro', 30000.00);
INSERT INTO FIDE_DETALLE_TRANSACCION_TB (ID_DETALLE, ID_TRANSACCION, CONCEPTO, SUB_TOTAL) VALUES (272, 136, 'Ahorro extraordinario', 10000.00);
INSERT INTO FIDE_DETALLE_TRANSACCION_TB (ID_DETALLE, ID_TRANSACCION, CONCEPTO, SUB_TOTAL) VALUES (273, 137, 'Aporte obrero mensual', 75000.00);
INSERT INTO FIDE_DETALLE_TRANSACCION_TB (ID_DETALLE, ID_TRANSACCION, CONCEPTO, SUB_TOTAL) VALUES (274, 137, 'Aporte patronal mensual', 15000.00);
INSERT INTO FIDE_DETALLE_TRANSACCION_TB (ID_DETALLE, ID_TRANSACCION, CONCEPTO, SUB_TOTAL) VALUES (275, 138, 'Ahorro voluntario / Retiro', 30000.00);
INSERT INTO FIDE_DETALLE_TRANSACCION_TB (ID_DETALLE, ID_TRANSACCION, CONCEPTO, SUB_TOTAL) VALUES (276, 138, 'Ahorro extraordinario', 15000.00);
INSERT INTO FIDE_DETALLE_TRANSACCION_TB (ID_DETALLE, ID_TRANSACCION, CONCEPTO, SUB_TOTAL) VALUES (277, 139, 'Cargos por transferencia SINPE', 3500.00);
INSERT INTO FIDE_DETALLE_TRANSACCION_TB (ID_DETALLE, ID_TRANSACCION, CONCEPTO, SUB_TOTAL) VALUES (278, 139, 'Comisión administrativa', 1000.00);
INSERT INTO FIDE_DETALLE_TRANSACCION_TB (ID_DETALLE, ID_TRANSACCION, CONCEPTO, SUB_TOTAL) VALUES (279, 140, 'Ahorro voluntario / Retiro', 10000.00);
INSERT INTO FIDE_DETALLE_TRANSACCION_TB (ID_DETALLE, ID_TRANSACCION, CONCEPTO, SUB_TOTAL) VALUES (280, 140, 'Ahorro extraordinario', 5000.00);
INSERT INTO FIDE_DETALLE_TRANSACCION_TB (ID_DETALLE, ID_TRANSACCION, CONCEPTO, SUB_TOTAL) VALUES (281, 141, 'Aporte obrero mensual', 30000.00);
INSERT INTO FIDE_DETALLE_TRANSACCION_TB (ID_DETALLE, ID_TRANSACCION, CONCEPTO, SUB_TOTAL) VALUES (282, 141, 'Aporte patronal mensual', 15000.00);
INSERT INTO FIDE_DETALLE_TRANSACCION_TB (ID_DETALLE, ID_TRANSACCION, CONCEPTO, SUB_TOTAL) VALUES (283, 142, 'Abono principal de préstamo', 120000.00);
INSERT INTO FIDE_DETALLE_TRANSACCION_TB (ID_DETALLE, ID_TRANSACCION, CONCEPTO, SUB_TOTAL) VALUES (284, 142, 'Intereses y pólizas', 20000.00);
INSERT INTO FIDE_DETALLE_TRANSACCION_TB (ID_DETALLE, ID_TRANSACCION, CONCEPTO, SUB_TOTAL) VALUES (285, 143, 'Aporte obrero mensual', 55000.00);
INSERT INTO FIDE_DETALLE_TRANSACCION_TB (ID_DETALLE, ID_TRANSACCION, CONCEPTO, SUB_TOTAL) VALUES (286, 143, 'Aporte patronal mensual', 15000.00);
INSERT INTO FIDE_DETALLE_TRANSACCION_TB (ID_DETALLE, ID_TRANSACCION, CONCEPTO, SUB_TOTAL) VALUES (287, 144, 'Abono principal de préstamo', 230000.00);
INSERT INTO FIDE_DETALLE_TRANSACCION_TB (ID_DETALLE, ID_TRANSACCION, CONCEPTO, SUB_TOTAL) VALUES (288, 144, 'Intereses y pólizas', 20000.00);
INSERT INTO FIDE_DETALLE_TRANSACCION_TB (ID_DETALLE, ID_TRANSACCION, CONCEPTO, SUB_TOTAL) VALUES (289, 145, 'Aporte obrero mensual', 40000.00);
INSERT INTO FIDE_DETALLE_TRANSACCION_TB (ID_DETALLE, ID_TRANSACCION, CONCEPTO, SUB_TOTAL) VALUES (290, 145, 'Aporte patronal mensual', 15000.00);
INSERT INTO FIDE_DETALLE_TRANSACCION_TB (ID_DETALLE, ID_TRANSACCION, CONCEPTO, SUB_TOTAL) VALUES (291, 146, 'Ahorro voluntario / Retiro', 15000.00);
INSERT INTO FIDE_DETALLE_TRANSACCION_TB (ID_DETALLE, ID_TRANSACCION, CONCEPTO, SUB_TOTAL) VALUES (292, 146, 'Ahorro extraordinario', 3000.00);
INSERT INTO FIDE_DETALLE_TRANSACCION_TB (ID_DETALLE, ID_TRANSACCION, CONCEPTO, SUB_TOTAL) VALUES (293, 147, 'Aporte obrero mensual', 70000.00);
INSERT INTO FIDE_DETALLE_TRANSACCION_TB (ID_DETALLE, ID_TRANSACCION, CONCEPTO, SUB_TOTAL) VALUES (294, 147, 'Aporte patronal mensual', 15000.00);
INSERT INTO FIDE_DETALLE_TRANSACCION_TB (ID_DETALLE, ID_TRANSACCION, CONCEPTO, SUB_TOTAL) VALUES (295, 148, 'Ahorro voluntario / Retiro', 30000.00);
INSERT INTO FIDE_DETALLE_TRANSACCION_TB (ID_DETALLE, ID_TRANSACCION, CONCEPTO, SUB_TOTAL) VALUES (296, 148, 'Ahorro extraordinario', 15000.00);
INSERT INTO FIDE_DETALLE_TRANSACCION_TB (ID_DETALLE, ID_TRANSACCION, CONCEPTO, SUB_TOTAL) VALUES (297, 149, 'Cargos por transferencia SINPE', 1500.00);
INSERT INTO FIDE_DETALLE_TRANSACCION_TB (ID_DETALLE, ID_TRANSACCION, CONCEPTO, SUB_TOTAL) VALUES (298, 149, 'Comisión administrativa', 1000.00);
INSERT INTO FIDE_DETALLE_TRANSACCION_TB (ID_DETALLE, ID_TRANSACCION, CONCEPTO, SUB_TOTAL) VALUES (299, 150, 'Ahorro voluntario / Retiro', 25000.00);
INSERT INTO FIDE_DETALLE_TRANSACCION_TB (ID_DETALLE, ID_TRANSACCION, CONCEPTO, SUB_TOTAL) VALUES (300, 150, 'Ahorro extraordinario', 5000.00);
INSERT INTO FIDE_DETALLE_TRANSACCION_TB (ID_DETALLE, ID_TRANSACCION, CONCEPTO, SUB_TOTAL) VALUES (301, 151, 'Aporte obrero mensual', 30000.00);
INSERT INTO FIDE_DETALLE_TRANSACCION_TB (ID_DETALLE, ID_TRANSACCION, CONCEPTO, SUB_TOTAL) VALUES (302, 151, 'Aporte patronal mensual', 15000.00);
INSERT INTO FIDE_DETALLE_TRANSACCION_TB (ID_DETALLE, ID_TRANSACCION, CONCEPTO, SUB_TOTAL) VALUES (303, 152, 'Abono principal de préstamo', 85000.00);
INSERT INTO FIDE_DETALLE_TRANSACCION_TB (ID_DETALLE, ID_TRANSACCION, CONCEPTO, SUB_TOTAL) VALUES (304, 152, 'Intereses y pólizas', 20000.00);
INSERT INTO FIDE_DETALLE_TRANSACCION_TB (ID_DETALLE, ID_TRANSACCION, CONCEPTO, SUB_TOTAL) VALUES (305, 153, 'Aporte obrero mensual', 35000.00);
INSERT INTO FIDE_DETALLE_TRANSACCION_TB (ID_DETALLE, ID_TRANSACCION, CONCEPTO, SUB_TOTAL) VALUES (306, 153, 'Aporte patronal mensual', 10000.00);
INSERT INTO FIDE_DETALLE_TRANSACCION_TB (ID_DETALLE, ID_TRANSACCION, CONCEPTO, SUB_TOTAL) VALUES (307, 154, 'Abono principal de préstamo', 700000.00);
INSERT INTO FIDE_DETALLE_TRANSACCION_TB (ID_DETALLE, ID_TRANSACCION, CONCEPTO, SUB_TOTAL) VALUES (308, 154, 'Intereses y pólizas', 50000.00);
INSERT INTO FIDE_DETALLE_TRANSACCION_TB (ID_DETALLE, ID_TRANSACCION, CONCEPTO, SUB_TOTAL) VALUES (309, 155, 'Aporte obrero mensual', 35000.00);
INSERT INTO FIDE_DETALLE_TRANSACCION_TB (ID_DETALLE, ID_TRANSACCION, CONCEPTO, SUB_TOTAL) VALUES (310, 155, 'Aporte patronal mensual', 15000.00);
INSERT INTO FIDE_DETALLE_TRANSACCION_TB (ID_DETALLE, ID_TRANSACCION, CONCEPTO, SUB_TOTAL) VALUES (311, 156, 'Ahorro voluntario / Retiro', 25000.00);
INSERT INTO FIDE_DETALLE_TRANSACCION_TB (ID_DETALLE, ID_TRANSACCION, CONCEPTO, SUB_TOTAL) VALUES (312, 156, 'Ahorro extraordinario', 5000.00);
INSERT INTO FIDE_DETALLE_TRANSACCION_TB (ID_DETALLE, ID_TRANSACCION, CONCEPTO, SUB_TOTAL) VALUES (313, 157, 'Aporte obrero mensual', 60000.00);
INSERT INTO FIDE_DETALLE_TRANSACCION_TB (ID_DETALLE, ID_TRANSACCION, CONCEPTO, SUB_TOTAL) VALUES (314, 157, 'Aporte patronal mensual', 15000.00);
INSERT INTO FIDE_DETALLE_TRANSACCION_TB (ID_DETALLE, ID_TRANSACCION, CONCEPTO, SUB_TOTAL) VALUES (315, 158, 'Ahorro voluntario / Retiro', 30000.00);
INSERT INTO FIDE_DETALLE_TRANSACCION_TB (ID_DETALLE, ID_TRANSACCION, CONCEPTO, SUB_TOTAL) VALUES (316, 158, 'Ahorro extraordinario', 15000.00);
INSERT INTO FIDE_DETALLE_TRANSACCION_TB (ID_DETALLE, ID_TRANSACCION, CONCEPTO, SUB_TOTAL) VALUES (317, 159, 'Cargos por transferencia SINPE', 2000.00);
INSERT INTO FIDE_DETALLE_TRANSACCION_TB (ID_DETALLE, ID_TRANSACCION, CONCEPTO, SUB_TOTAL) VALUES (318, 159, 'Comisión administrativa', 1000.00);
INSERT INTO FIDE_DETALLE_TRANSACCION_TB (ID_DETALLE, ID_TRANSACCION, CONCEPTO, SUB_TOTAL) VALUES (319, 160, 'Ahorro voluntario / Retiro', 15000.00);
INSERT INTO FIDE_DETALLE_TRANSACCION_TB (ID_DETALLE, ID_TRANSACCION, CONCEPTO, SUB_TOTAL) VALUES (320, 160, 'Ahorro extraordinario', 5000.00);
INSERT INTO FIDE_DETALLE_TRANSACCION_TB (ID_DETALLE, ID_TRANSACCION, CONCEPTO, SUB_TOTAL) VALUES (321, 161, 'Aporte obrero mensual', 30000.00);
INSERT INTO FIDE_DETALLE_TRANSACCION_TB (ID_DETALLE, ID_TRANSACCION, CONCEPTO, SUB_TOTAL) VALUES (322, 161, 'Aporte patronal mensual', 15000.00);
INSERT INTO FIDE_DETALLE_TRANSACCION_TB (ID_DETALLE, ID_TRANSACCION, CONCEPTO, SUB_TOTAL) VALUES (323, 162, 'Abono principal de préstamo', 100000.00);
INSERT INTO FIDE_DETALLE_TRANSACCION_TB (ID_DETALLE, ID_TRANSACCION, CONCEPTO, SUB_TOTAL) VALUES (324, 162, 'Intereses y pólizas', 20000.00);
INSERT INTO FIDE_DETALLE_TRANSACCION_TB (ID_DETALLE, ID_TRANSACCION, CONCEPTO, SUB_TOTAL) VALUES (325, 163, 'Aporte obrero mensual', 40000.00);
INSERT INTO FIDE_DETALLE_TRANSACCION_TB (ID_DETALLE, ID_TRANSACCION, CONCEPTO, SUB_TOTAL) VALUES (326, 163, 'Aporte patronal mensual', 10000.00);
INSERT INTO FIDE_DETALLE_TRANSACCION_TB (ID_DETALLE, ID_TRANSACCION, CONCEPTO, SUB_TOTAL) VALUES (327, 164, 'Abono principal de préstamo', 320000.00);
INSERT INTO FIDE_DETALLE_TRANSACCION_TB (ID_DETALLE, ID_TRANSACCION, CONCEPTO, SUB_TOTAL) VALUES (328, 164, 'Intereses y pólizas', 30000.00);
INSERT INTO FIDE_DETALLE_TRANSACCION_TB (ID_DETALLE, ID_TRANSACCION, CONCEPTO, SUB_TOTAL) VALUES (329, 165, 'Aporte obrero mensual', 40000.00);
INSERT INTO FIDE_DETALLE_TRANSACCION_TB (ID_DETALLE, ID_TRANSACCION, CONCEPTO, SUB_TOTAL) VALUES (330, 165, 'Aporte patronal mensual', 15000.00);
INSERT INTO FIDE_DETALLE_TRANSACCION_TB (ID_DETALLE, ID_TRANSACCION, CONCEPTO, SUB_TOTAL) VALUES (331, 166, 'Ahorro voluntario / Retiro', 20000.00);
INSERT INTO FIDE_DETALLE_TRANSACCION_TB (ID_DETALLE, ID_TRANSACCION, CONCEPTO, SUB_TOTAL) VALUES (332, 166, 'Ahorro extraordinario', 5000.00);
INSERT INTO FIDE_DETALLE_TRANSACCION_TB (ID_DETALLE, ID_TRANSACCION, CONCEPTO, SUB_TOTAL) VALUES (333, 167, 'Aporte obrero mensual', 70000.00);
INSERT INTO FIDE_DETALLE_TRANSACCION_TB (ID_DETALLE, ID_TRANSACCION, CONCEPTO, SUB_TOTAL) VALUES (334, 167, 'Aporte patronal mensual', 15000.00);
INSERT INTO FIDE_DETALLE_TRANSACCION_TB (ID_DETALLE, ID_TRANSACCION, CONCEPTO, SUB_TOTAL) VALUES (335, 168, 'Ahorro voluntario / Retiro', 30000.00);
INSERT INTO FIDE_DETALLE_TRANSACCION_TB (ID_DETALLE, ID_TRANSACCION, CONCEPTO, SUB_TOTAL) VALUES (336, 168, 'Ahorro extraordinario', 15000.00);
INSERT INTO FIDE_DETALLE_TRANSACCION_TB (ID_DETALLE, ID_TRANSACCION, CONCEPTO, SUB_TOTAL) VALUES (337, 169, 'Cargos por transferencia SINPE', 1000.00);
INSERT INTO FIDE_DETALLE_TRANSACCION_TB (ID_DETALLE, ID_TRANSACCION, CONCEPTO, SUB_TOTAL) VALUES (338, 169, 'Comisión administrativa', 500.00);
INSERT INTO FIDE_DETALLE_TRANSACCION_TB (ID_DETALLE, ID_TRANSACCION, CONCEPTO, SUB_TOTAL) VALUES (339, 170, 'Ahorro voluntario / Retiro', 25000.00);
INSERT INTO FIDE_DETALLE_TRANSACCION_TB (ID_DETALLE, ID_TRANSACCION, CONCEPTO, SUB_TOTAL) VALUES (340, 170, 'Ahorro extraordinario', 5000.00);
INSERT INTO FIDE_DETALLE_TRANSACCION_TB (ID_DETALLE, ID_TRANSACCION, CONCEPTO, SUB_TOTAL) VALUES (341, 171, 'Aporte obrero mensual', 30000.00);
INSERT INTO FIDE_DETALLE_TRANSACCION_TB (ID_DETALLE, ID_TRANSACCION, CONCEPTO, SUB_TOTAL) VALUES (342, 171, 'Aporte patronal mensual', 15000.00);
INSERT INTO FIDE_DETALLE_TRANSACCION_TB (ID_DETALLE, ID_TRANSACCION, CONCEPTO, SUB_TOTAL) VALUES (343, 172, 'Abono principal de préstamo', 110000.00);
INSERT INTO FIDE_DETALLE_TRANSACCION_TB (ID_DETALLE, ID_TRANSACCION, CONCEPTO, SUB_TOTAL) VALUES (344, 172, 'Intereses y pólizas', 20000.00);
INSERT INTO FIDE_DETALLE_TRANSACCION_TB (ID_DETALLE, ID_TRANSACCION, CONCEPTO, SUB_TOTAL) VALUES (345, 173, 'Aporte obrero mensual', 50000.00);
INSERT INTO FIDE_DETALLE_TRANSACCION_TB (ID_DETALLE, ID_TRANSACCION, CONCEPTO, SUB_TOTAL) VALUES (346, 173, 'Aporte patronal mensual', 10000.00);
INSERT INTO FIDE_DETALLE_TRANSACCION_TB (ID_DETALLE, ID_TRANSACCION, CONCEPTO, SUB_TOTAL) VALUES (347, 174, 'Abono principal de préstamo', 900000.00);
INSERT INTO FIDE_DETALLE_TRANSACCION_TB (ID_DETALLE, ID_TRANSACCION, CONCEPTO, SUB_TOTAL) VALUES (348, 174, 'Intereses y pólizas', 50000.00);
INSERT INTO FIDE_DETALLE_TRANSACCION_TB (ID_DETALLE, ID_TRANSACCION, CONCEPTO, SUB_TOTAL) VALUES (349, 175, 'Aporte obrero mensual', 35000.00);
INSERT INTO FIDE_DETALLE_TRANSACCION_TB (ID_DETALLE, ID_TRANSACCION, CONCEPTO, SUB_TOTAL) VALUES (350, 175, 'Aporte patronal mensual', 15000.00);
INSERT INTO FIDE_DETALLE_TRANSACCION_TB (ID_DETALLE, ID_TRANSACCION, CONCEPTO, SUB_TOTAL) VALUES (351, 176, 'Ahorro voluntario / Retiro', 20000.00);
INSERT INTO FIDE_DETALLE_TRANSACCION_TB (ID_DETALLE, ID_TRANSACCION, CONCEPTO, SUB_TOTAL) VALUES (352, 176, 'Ahorro extraordinario', 8000.00);
INSERT INTO FIDE_DETALLE_TRANSACCION_TB (ID_DETALLE, ID_TRANSACCION, CONCEPTO, SUB_TOTAL) VALUES (353, 177, 'Aporte obrero mensual', 50000.00);
INSERT INTO FIDE_DETALLE_TRANSACCION_TB (ID_DETALLE, ID_TRANSACCION, CONCEPTO, SUB_TOTAL) VALUES (354, 177, 'Aporte patronal mensual', 15000.00);
INSERT INTO FIDE_DETALLE_TRANSACCION_TB (ID_DETALLE, ID_TRANSACCION, CONCEPTO, SUB_TOTAL) VALUES (355, 178, 'Ahorro voluntario / Retiro', 30000.00);
INSERT INTO FIDE_DETALLE_TRANSACCION_TB (ID_DETALLE, ID_TRANSACCION, CONCEPTO, SUB_TOTAL) VALUES (356, 178, 'Ahorro extraordinario', 15000.00);
INSERT INTO FIDE_DETALLE_TRANSACCION_TB (ID_DETALLE, ID_TRANSACCION, CONCEPTO, SUB_TOTAL) VALUES (357, 179, 'Cargos por transferencia SINPE', 3500.00);
INSERT INTO FIDE_DETALLE_TRANSACCION_TB (ID_DETALLE, ID_TRANSACCION, CONCEPTO, SUB_TOTAL) VALUES (358, 179, 'Comisión administrativa', 1000.00);
INSERT INTO FIDE_DETALLE_TRANSACCION_TB (ID_DETALLE, ID_TRANSACCION, CONCEPTO, SUB_TOTAL) VALUES (359, 180, 'Ahorro voluntario / Retiro', 10000.00);
INSERT INTO FIDE_DETALLE_TRANSACCION_TB (ID_DETALLE, ID_TRANSACCION, CONCEPTO, SUB_TOTAL) VALUES (360, 180, 'Ahorro extraordinario', 5000.00);
INSERT INTO FIDE_DETALLE_TRANSACCION_TB (ID_DETALLE, ID_TRANSACCION, CONCEPTO, SUB_TOTAL) VALUES (361, 181, 'Aporte obrero mensual', 30000.00);
INSERT INTO FIDE_DETALLE_TRANSACCION_TB (ID_DETALLE, ID_TRANSACCION, CONCEPTO, SUB_TOTAL) VALUES (362, 181, 'Aporte patronal mensual', 15000.00);
INSERT INTO FIDE_DETALLE_TRANSACCION_TB (ID_DETALLE, ID_TRANSACCION, CONCEPTO, SUB_TOTAL) VALUES (363, 182, 'Abono principal de préstamo', 90000.00);
INSERT INTO FIDE_DETALLE_TRANSACCION_TB (ID_DETALLE, ID_TRANSACCION, CONCEPTO, SUB_TOTAL) VALUES (364, 182, 'Intereses y pólizas', 20000.00);
INSERT INTO FIDE_DETALLE_TRANSACCION_TB (ID_DETALLE, ID_TRANSACCION, CONCEPTO, SUB_TOTAL) VALUES (365, 183, 'Aporte obrero mensual', 30000.00);
INSERT INTO FIDE_DETALLE_TRANSACCION_TB (ID_DETALLE, ID_TRANSACCION, CONCEPTO, SUB_TOTAL) VALUES (366, 183, 'Aporte patronal mensual', 10000.00);
INSERT INTO FIDE_DETALLE_TRANSACCION_TB (ID_DETALLE, ID_TRANSACCION, CONCEPTO, SUB_TOTAL) VALUES (367, 184, 'Abono principal de préstamo', 380000.00);
INSERT INTO FIDE_DETALLE_TRANSACCION_TB (ID_DETALLE, ID_TRANSACCION, CONCEPTO, SUB_TOTAL) VALUES (368, 184, 'Intereses y pólizas', 20000.00);
INSERT INTO FIDE_DETALLE_TRANSACCION_TB (ID_DETALLE, ID_TRANSACCION, CONCEPTO, SUB_TOTAL) VALUES (369, 185, 'Aporte obrero mensual', 40000.00);
INSERT INTO FIDE_DETALLE_TRANSACCION_TB (ID_DETALLE, ID_TRANSACCION, CONCEPTO, SUB_TOTAL) VALUES (370, 185, 'Aporte patronal mensual', 15000.00);
INSERT INTO FIDE_DETALLE_TRANSACCION_TB (ID_DETALLE, ID_TRANSACCION, CONCEPTO, SUB_TOTAL) VALUES (371, 186, 'Ahorro voluntario / Retiro', 15000.00);
INSERT INTO FIDE_DETALLE_TRANSACCION_TB (ID_DETALLE, ID_TRANSACCION, CONCEPTO, SUB_TOTAL) VALUES (372, 186, 'Ahorro extraordinario', 5000.00);
INSERT INTO FIDE_DETALLE_TRANSACCION_TB (ID_DETALLE, ID_TRANSACCION, CONCEPTO, SUB_TOTAL) VALUES (373, 187, 'Aporte obrero mensual', 80000.00);
INSERT INTO FIDE_DETALLE_TRANSACCION_TB (ID_DETALLE, ID_TRANSACCION, CONCEPTO, SUB_TOTAL) VALUES (374, 187, 'Aporte patronal mensual', 15000.00);
INSERT INTO FIDE_DETALLE_TRANSACCION_TB (ID_DETALLE, ID_TRANSACCION, CONCEPTO, SUB_TOTAL) VALUES (375, 188, 'Ahorro voluntario / Retiro', 30000.00);
INSERT INTO FIDE_DETALLE_TRANSACCION_TB (ID_DETALLE, ID_TRANSACCION, CONCEPTO, SUB_TOTAL) VALUES (376, 188, 'Ahorro extraordinario', 15000.00);
INSERT INTO FIDE_DETALLE_TRANSACCION_TB (ID_DETALLE, ID_TRANSACCION, CONCEPTO, SUB_TOTAL) VALUES (377, 189, 'Cargos por transferencia SINPE', 1500.00);
INSERT INTO FIDE_DETALLE_TRANSACCION_TB (ID_DETALLE, ID_TRANSACCION, CONCEPTO, SUB_TOTAL) VALUES (378, 189, 'Comisión administrativa', 500.00);
INSERT INTO FIDE_DETALLE_TRANSACCION_TB (ID_DETALLE, ID_TRANSACCION, CONCEPTO, SUB_TOTAL) VALUES (379, 190, 'Ahorro voluntario / Retiro', 25000.00);
INSERT INTO FIDE_DETALLE_TRANSACCION_TB (ID_DETALLE, ID_TRANSACCION, CONCEPTO, SUB_TOTAL) VALUES (380, 190, 'Ahorro extraordinario', 5000.00);
INSERT INTO FIDE_DETALLE_TRANSACCION_TB (ID_DETALLE, ID_TRANSACCION, CONCEPTO, SUB_TOTAL) VALUES (381, 191, 'Aporte obrero mensual', 30000.00);
INSERT INTO FIDE_DETALLE_TRANSACCION_TB (ID_DETALLE, ID_TRANSACCION, CONCEPTO, SUB_TOTAL) VALUES (382, 191, 'Aporte patronal mensual', 15000.00);
INSERT INTO FIDE_DETALLE_TRANSACCION_TB (ID_DETALLE, ID_TRANSACCION, CONCEPTO, SUB_TOTAL) VALUES (383, 192, 'Abono principal de préstamo', 125000.00);
INSERT INTO FIDE_DETALLE_TRANSACCION_TB (ID_DETALLE, ID_TRANSACCION, CONCEPTO, SUB_TOTAL) VALUES (384, 192, 'Intereses y pólizas', 20000.00);
INSERT INTO FIDE_DETALLE_TRANSACCION_TB (ID_DETALLE, ID_TRANSACCION, CONCEPTO, SUB_TOTAL) VALUES (385, 193, 'Aporte obrero mensual', 60000.00);
INSERT INTO FIDE_DETALLE_TRANSACCION_TB (ID_DETALLE, ID_TRANSACCION, CONCEPTO, SUB_TOTAL) VALUES (386, 193, 'Aporte patronal mensual', 15000.00);
INSERT INTO FIDE_DETALLE_TRANSACCION_TB (ID_DETALLE, ID_TRANSACCION, CONCEPTO, SUB_TOTAL) VALUES (387, 194, 'Abono principal de préstamo', 500000.00);
INSERT INTO FIDE_DETALLE_TRANSACCION_TB (ID_DETALLE, ID_TRANSACCION, CONCEPTO, SUB_TOTAL) VALUES (388, 194, 'Intereses y pólizas', 50000.00);
INSERT INTO FIDE_DETALLE_TRANSACCION_TB (ID_DETALLE, ID_TRANSACCION, CONCEPTO, SUB_TOTAL) VALUES (389, 195, 'Aporte obrero mensual', 35000.00);
INSERT INTO FIDE_DETALLE_TRANSACCION_TB (ID_DETALLE, ID_TRANSACCION, CONCEPTO, SUB_TOTAL) VALUES (390, 195, 'Aporte patronal mensual', 15000.00);
INSERT INTO FIDE_DETALLE_TRANSACCION_TB (ID_DETALLE, ID_TRANSACCION, CONCEPTO, SUB_TOTAL) VALUES (391, 196, 'Ahorro voluntario / Retiro', 30000.00);
INSERT INTO FIDE_DETALLE_TRANSACCION_TB (ID_DETALLE, ID_TRANSACCION, CONCEPTO, SUB_TOTAL) VALUES (392, 196, 'Ahorro extraordinario', 10000.00);
INSERT INTO FIDE_DETALLE_TRANSACCION_TB (ID_DETALLE, ID_TRANSACCION, CONCEPTO, SUB_TOTAL) VALUES (393, 197, 'Aporte obrero mensual', 60000.00);
INSERT INTO FIDE_DETALLE_TRANSACCION_TB (ID_DETALLE, ID_TRANSACCION, CONCEPTO, SUB_TOTAL) VALUES (394, 197, 'Aporte patronal mensual', 15000.00);
INSERT INTO FIDE_DETALLE_TRANSACCION_TB (ID_DETALLE, ID_TRANSACCION, CONCEPTO, SUB_TOTAL) VALUES (395, 198, 'Ahorro voluntario / Retiro', 30000.00);
INSERT INTO FIDE_DETALLE_TRANSACCION_TB (ID_DETALLE, ID_TRANSACCION, CONCEPTO, SUB_TOTAL) VALUES (396, 198, 'Ahorro extraordinario', 15000.00);
INSERT INTO FIDE_DETALLE_TRANSACCION_TB (ID_DETALLE, ID_TRANSACCION, CONCEPTO, SUB_TOTAL) VALUES (397, 199, 'Cargos por transferencia SINPE', 2500.00);
INSERT INTO FIDE_DETALLE_TRANSACCION_TB (ID_DETALLE, ID_TRANSACCION, CONCEPTO, SUB_TOTAL) VALUES (398, 199, 'Comisión administrativa', 1000.00);
INSERT INTO FIDE_DETALLE_TRANSACCION_TB (ID_DETALLE, ID_TRANSACCION, CONCEPTO, SUB_TOTAL) VALUES (399, 200, 'Ahorro voluntario / Retiro', 15000.00);
INSERT INTO FIDE_DETALLE_TRANSACCION_TB (ID_DETALLE, ID_TRANSACCION, CONCEPTO, SUB_TOTAL) VALUES (400, 200, 'Ahorro extraordinario', 5000.00);
SELECT * FROM FIDE_DETALLE_TRANSACCION_TB;

-- Inserts Tabla FIDE_CUENTAS_AHORRO_TB
INSERT INTO FIDE_CUENTAS_AHORRO_TB (ID_AHORRO, ID_USUARIO, MONTO_APORTE, FECHA_APERTURA, ID_TIPO_AHORRO, SALDO_ACTUAL, ID_ESTADO) VALUES (1, 1, 25000, TO_DATE('2025-01-10', 'YYYY-MM-DD'), 1, 350000, 1);
INSERT INTO FIDE_CUENTAS_AHORRO_TB (ID_AHORRO, ID_USUARIO, MONTO_APORTE, FECHA_APERTURA, ID_TIPO_AHORRO, SALDO_ACTUAL, ID_ESTADO) VALUES (2, 2, 30000, TO_DATE('2025-01-12', 'YYYY-MM-DD'), 1, 420000, 1);
INSERT INTO FIDE_CUENTAS_AHORRO_TB (ID_AHORRO, ID_USUARIO, MONTO_APORTE, FECHA_APERTURA, ID_TIPO_AHORRO, SALDO_ACTUAL, ID_ESTADO) VALUES (3, 3, 50000, TO_DATE('2025-01-15', 'YYYY-MM-DD'), 1, 700000, 1);
INSERT INTO FIDE_CUENTAS_AHORRO_TB (ID_AHORRO, ID_USUARIO, MONTO_APORTE, FECHA_APERTURA, ID_TIPO_AHORRO, SALDO_ACTUAL, ID_ESTADO) VALUES (4, 4, 20000, TO_DATE('2025-01-20', 'YYYY-MM-DD'), 1, 280000, 1);
INSERT INTO FIDE_CUENTAS_AHORRO_TB (ID_AHORRO, ID_USUARIO, MONTO_APORTE, FECHA_APERTURA, ID_TIPO_AHORRO, SALDO_ACTUAL, ID_ESTADO) VALUES (5, 5, 45000, TO_DATE('2025-01-22', 'YYYY-MM-DD'), 1, 630000, 1);
INSERT INTO FIDE_CUENTAS_AHORRO_TB (ID_AHORRO, ID_USUARIO, MONTO_APORTE, FECHA_APERTURA, ID_TIPO_AHORRO, SALDO_ACTUAL, ID_ESTADO) VALUES (6, 6, 35000, TO_DATE('2025-01-25', 'YYYY-MM-DD'), 1, 490000, 1);
INSERT INTO FIDE_CUENTAS_AHORRO_TB (ID_AHORRO, ID_USUARIO, MONTO_APORTE, FECHA_APERTURA, ID_TIPO_AHORRO, SALDO_ACTUAL, ID_ESTADO) VALUES (7, 7, 60000, TO_DATE('2025-02-01', 'YYYY-MM-DD'), 1, 780000, 1);
INSERT INTO FIDE_CUENTAS_AHORRO_TB (ID_AHORRO, ID_USUARIO, MONTO_APORTE, FECHA_APERTURA, ID_TIPO_AHORRO, SALDO_ACTUAL, ID_ESTADO) VALUES (8, 8, 15000, TO_DATE('2025-02-05', 'YYYY-MM-DD'), 1, 195000, 1);
INSERT INTO FIDE_CUENTAS_AHORRO_TB (ID_AHORRO, ID_USUARIO, MONTO_APORTE, FECHA_APERTURA, ID_TIPO_AHORRO, SALDO_ACTUAL, ID_ESTADO) VALUES (9, 9, 25000, TO_DATE('2025-02-10', 'YYYY-MM-DD'), 1, 325000, 1);
INSERT INTO FIDE_CUENTAS_AHORRO_TB (ID_AHORRO, ID_USUARIO, MONTO_APORTE, FECHA_APERTURA, ID_TIPO_AHORRO, SALDO_ACTUAL, ID_ESTADO) VALUES (10, 10, 40000, TO_DATE('2025-02-12', 'YYYY-MM-DD'), 1, 520000, 1);
INSERT INTO FIDE_CUENTAS_AHORRO_TB (ID_AHORRO, ID_USUARIO, MONTO_APORTE, FECHA_APERTURA, ID_TIPO_AHORRO, SALDO_ACTUAL, ID_ESTADO) VALUES (11, 11, 30000, TO_DATE('2025-02-15', 'YYYY-MM-DD'), 1, 390000, 1);
INSERT INTO FIDE_CUENTAS_AHORRO_TB (ID_AHORRO, ID_USUARIO, MONTO_APORTE, FECHA_APERTURA, ID_TIPO_AHORRO, SALDO_ACTUAL, ID_ESTADO) VALUES (12, 12, 55000, TO_DATE('2025-02-20', 'YYYY-MM-DD'), 1, 715000, 1);
INSERT INTO FIDE_CUENTAS_AHORRO_TB (ID_AHORRO, ID_USUARIO, MONTO_APORTE, FECHA_APERTURA, ID_TIPO_AHORRO, SALDO_ACTUAL, ID_ESTADO) VALUES (13, 13, 22000, TO_DATE('2025-02-22', 'YYYY-MM-DD'), 1, 286000, 1);
INSERT INTO FIDE_CUENTAS_AHORRO_TB (ID_AHORRO, ID_USUARIO, MONTO_APORTE, FECHA_APERTURA, ID_TIPO_AHORRO, SALDO_ACTUAL, ID_ESTADO) VALUES (14, 14, 18000, TO_DATE('2025-02-25', 'YYYY-MM-DD'), 1, 234000, 1);
INSERT INTO FIDE_CUENTAS_AHORRO_TB (ID_AHORRO, ID_USUARIO, MONTO_APORTE, FECHA_APERTURA, ID_TIPO_AHORRO, SALDO_ACTUAL, ID_ESTADO) VALUES (15, 15, 33000, TO_DATE('2025-03-01', 'YYYY-MM-DD'), 1, 396000, 1);
INSERT INTO FIDE_CUENTAS_AHORRO_TB (ID_AHORRO, ID_USUARIO, MONTO_APORTE, FECHA_APERTURA, ID_TIPO_AHORRO, SALDO_ACTUAL, ID_ESTADO) VALUES (16, 16, 27000, TO_DATE('2025-03-05', 'YYYY-MM-DD'), 1, 324000, 1);
INSERT INTO FIDE_CUENTAS_AHORRO_TB (ID_AHORRO, ID_USUARIO, MONTO_APORTE, FECHA_APERTURA, ID_TIPO_AHORRO, SALDO_ACTUAL, ID_ESTADO) VALUES (17, 17, 50000, TO_DATE('2025-03-10', 'YYYY-MM-DD'), 1, 600000, 1);
INSERT INTO FIDE_CUENTAS_AHORRO_TB (ID_AHORRO, ID_USUARIO, MONTO_APORTE, FECHA_APERTURA, ID_TIPO_AHORRO, SALDO_ACTUAL, ID_ESTADO) VALUES (18, 18, 38000, TO_DATE('2025-03-12', 'YYYY-MM-DD'), 1, 456000, 1);
INSERT INTO FIDE_CUENTAS_AHORRO_TB (ID_AHORRO, ID_USUARIO, MONTO_APORTE, FECHA_APERTURA, ID_TIPO_AHORRO, SALDO_ACTUAL, ID_ESTADO) VALUES (19, 19, 42000, TO_DATE('2025-03-15', 'YYYY-MM-DD'), 1, 504000, 1);
INSERT INTO FIDE_CUENTAS_AHORRO_TB (ID_AHORRO, ID_USUARIO, MONTO_APORTE, FECHA_APERTURA, ID_TIPO_AHORRO, SALDO_ACTUAL, ID_ESTADO) VALUES (20, 20, 29000, TO_DATE('2025-03-20', 'YYYY-MM-DD'), 1, 348000, 1);
INSERT INTO FIDE_CUENTAS_AHORRO_TB (ID_AHORRO, ID_USUARIO, MONTO_APORTE, FECHA_APERTURA, ID_TIPO_AHORRO, SALDO_ACTUAL, ID_ESTADO) VALUES (21, 21, 31000, TO_DATE('2025-03-22', 'YYYY-MM-DD'), 1, 372000, 1);
INSERT INTO FIDE_CUENTAS_AHORRO_TB (ID_AHORRO, ID_USUARIO, MONTO_APORTE, FECHA_APERTURA, ID_TIPO_AHORRO, SALDO_ACTUAL, ID_ESTADO) VALUES (22, 22, 26000, TO_DATE('2025-03-25', 'YYYY-MM-DD'), 1, 312000, 1);
INSERT INTO FIDE_CUENTAS_AHORRO_TB (ID_AHORRO, ID_USUARIO, MONTO_APORTE, FECHA_APERTURA, ID_TIPO_AHORRO, SALDO_ACTUAL, ID_ESTADO) VALUES (23, 23, 48000, TO_DATE('2025-03-28', 'YYYY-MM-DD'), 1, 576000, 1);
INSERT INTO FIDE_CUENTAS_AHORRO_TB (ID_AHORRO, ID_USUARIO, MONTO_APORTE, FECHA_APERTURA, ID_TIPO_AHORRO, SALDO_ACTUAL, ID_ESTADO) VALUES (24, 24, 19000, TO_DATE('2025-04-01', 'YYYY-MM-DD'), 1, 209000, 1);
INSERT INTO FIDE_CUENTAS_AHORRO_TB (ID_AHORRO, ID_USUARIO, MONTO_APORTE, FECHA_APERTURA, ID_TIPO_AHORRO, SALDO_ACTUAL, ID_ESTADO) VALUES (25, 25, 52000, TO_DATE('2025-04-05', 'YYYY-MM-DD'), 1, 572000, 1);
INSERT INTO FIDE_CUENTAS_AHORRO_TB (ID_AHORRO, ID_USUARIO, MONTO_APORTE, FECHA_APERTURA, ID_TIPO_AHORRO, SALDO_ACTUAL, ID_ESTADO) VALUES (26, 26, 34000, TO_DATE('2025-04-10', 'YYYY-MM-DD'), 1, 374000, 1);
INSERT INTO FIDE_CUENTAS_AHORRO_TB (ID_AHORRO, ID_USUARIO, MONTO_APORTE, FECHA_APERTURA, ID_TIPO_AHORRO, SALDO_ACTUAL, ID_ESTADO) VALUES (27, 27, 23000, TO_DATE('2025-04-12', 'YYYY-MM-DD'), 1, 253000, 1);
INSERT INTO FIDE_CUENTAS_AHORRO_TB (ID_AHORRO, ID_USUARIO, MONTO_APORTE, FECHA_APERTURA, ID_TIPO_AHORRO, SALDO_ACTUAL, ID_ESTADO) VALUES (28, 28, 44000, TO_DATE('2025-04-15', 'YYYY-MM-DD'), 1, 484000, 1);
INSERT INTO FIDE_CUENTAS_AHORRO_TB (ID_AHORRO, ID_USUARIO, MONTO_APORTE, FECHA_APERTURA, ID_TIPO_AHORRO, SALDO_ACTUAL, ID_ESTADO) VALUES (29, 29, 36000, TO_DATE('2025-04-20', 'YYYY-MM-DD'), 1, 396000, 1);
INSERT INTO FIDE_CUENTAS_AHORRO_TB (ID_AHORRO, ID_USUARIO, MONTO_APORTE, FECHA_APERTURA, ID_TIPO_AHORRO, SALDO_ACTUAL, ID_ESTADO) VALUES (30, 30, 28000, TO_DATE('2025-04-25', 'YYYY-MM-DD'), 1, 308000, 1);
INSERT INTO FIDE_CUENTAS_AHORRO_TB (ID_AHORRO, ID_USUARIO, MONTO_APORTE, FECHA_APERTURA, ID_TIPO_AHORRO, SALDO_ACTUAL, ID_ESTADO) VALUES (31, 31, 50000, TO_DATE('2025-05-01', 'YYYY-MM-DD'), 1, 500000, 1);
INSERT INTO FIDE_CUENTAS_AHORRO_TB (ID_AHORRO, ID_USUARIO, MONTO_APORTE, FECHA_APERTURA, ID_TIPO_AHORRO, SALDO_ACTUAL, ID_ESTADO) VALUES (32, 32, 41000, TO_DATE('2025-05-05', 'YYYY-MM-DD'), 1, 410000, 1);
INSERT INTO FIDE_CUENTAS_AHORRO_TB (ID_AHORRO, ID_USUARIO, MONTO_APORTE, FECHA_APERTURA, ID_TIPO_AHORRO, SALDO_ACTUAL, ID_ESTADO) VALUES (33, 33, 20000, TO_DATE('2025-05-10', 'YYYY-MM-DD'), 1, 200000, 1);
INSERT INTO FIDE_CUENTAS_AHORRO_TB (ID_AHORRO, ID_USUARIO, MONTO_APORTE, FECHA_APERTURA, ID_TIPO_AHORRO, SALDO_ACTUAL, ID_ESTADO) VALUES (34, 34, 39000, TO_DATE('2025-05-15', 'YYYY-MM-DD'), 1, 390000, 1);
INSERT INTO FIDE_CUENTAS_AHORRO_TB (ID_AHORRO, ID_USUARIO, MONTO_APORTE, FECHA_APERTURA, ID_TIPO_AHORRO, SALDO_ACTUAL, ID_ESTADO) VALUES (35, 35, 27000, TO_DATE('2025-05-20', 'YYYY-MM-DD'), 1, 270000, 1);
INSERT INTO FIDE_CUENTAS_AHORRO_TB (ID_AHORRO, ID_USUARIO, MONTO_APORTE, FECHA_APERTURA, ID_TIPO_AHORRO, SALDO_ACTUAL, ID_ESTADO) VALUES (36, 36, 46000, TO_DATE('2025-05-25', 'YYYY-MM-DD'), 1, 460000, 1);
INSERT INTO FIDE_CUENTAS_AHORRO_TB (ID_AHORRO, ID_USUARIO, MONTO_APORTE, FECHA_APERTURA, ID_TIPO_AHORRO, SALDO_ACTUAL, ID_ESTADO) VALUES (37, 37, 32000, TO_DATE('2025-06-01', 'YYYY-MM-DD'), 1, 288000, 1);
INSERT INTO FIDE_CUENTAS_AHORRO_TB (ID_AHORRO, ID_USUARIO, MONTO_APORTE, FECHA_APERTURA, ID_TIPO_AHORRO, SALDO_ACTUAL, ID_ESTADO) VALUES (38, 38, 58000, TO_DATE('2025-06-05', 'YYYY-MM-DD'), 1, 522000, 1);
INSERT INTO FIDE_CUENTAS_AHORRO_TB (ID_AHORRO, ID_USUARIO, MONTO_APORTE, FECHA_APERTURA, ID_TIPO_AHORRO, SALDO_ACTUAL, ID_ESTADO) VALUES (39, 39, 21000, TO_DATE('2025-06-10', 'YYYY-MM-DD'), 1, 189000, 1);
INSERT INTO FIDE_CUENTAS_AHORRO_TB (ID_AHORRO, ID_USUARIO, MONTO_APORTE, FECHA_APERTURA, ID_TIPO_AHORRO, SALDO_ACTUAL, ID_ESTADO) VALUES (40, 40, 37000, TO_DATE('2025-06-15', 'YYYY-MM-DD'), 1, 333000, 1);
INSERT INTO FIDE_CUENTAS_AHORRO_TB (ID_AHORRO, ID_USUARIO, MONTO_APORTE, FECHA_APERTURA, ID_TIPO_AHORRO, SALDO_ACTUAL, ID_ESTADO) VALUES (41, 41, 43000, TO_DATE('2025-06-20', 'YYYY-MM-DD'), 1, 387000, 1);
INSERT INTO FIDE_CUENTAS_AHORRO_TB (ID_AHORRO, ID_USUARIO, MONTO_APORTE, FECHA_APERTURA, ID_TIPO_AHORRO, SALDO_ACTUAL, ID_ESTADO) VALUES (42, 42, 25000, TO_DATE('2025-06-25', 'YYYY-MM-DD'), 1, 225000, 1);
INSERT INTO FIDE_CUENTAS_AHORRO_TB (ID_AHORRO, ID_USUARIO, MONTO_APORTE, FECHA_APERTURA, ID_TIPO_AHORRO, SALDO_ACTUAL, ID_ESTADO) VALUES (43, 43, 54000, TO_DATE('2025-07-01', 'YYYY-MM-DD'), 1, 432000, 1);
INSERT INTO FIDE_CUENTAS_AHORRO_TB (ID_AHORRO, ID_USUARIO, MONTO_APORTE, FECHA_APERTURA, ID_TIPO_AHORRO, SALDO_ACTUAL, ID_ESTADO) VALUES (44, 44, 33000, TO_DATE('2025-07-05', 'YYYY-MM-DD'), 1, 264000, 1);
INSERT INTO FIDE_CUENTAS_AHORRO_TB (ID_AHORRO, ID_USUARIO, MONTO_APORTE, FECHA_APERTURA, ID_TIPO_AHORRO, SALDO_ACTUAL, ID_ESTADO) VALUES (45, 45, 29000, TO_DATE('2025-07-10', 'YYYY-MM-DD'), 1, 232000, 1);
INSERT INTO FIDE_CUENTAS_AHORRO_TB (ID_AHORRO, ID_USUARIO, MONTO_APORTE, FECHA_APERTURA, ID_TIPO_AHORRO, SALDO_ACTUAL, ID_ESTADO) VALUES (46, 46, 47000, TO_DATE('2025-07-15', 'YYYY-MM-DD'), 1, 376000, 1);
INSERT INTO FIDE_CUENTAS_AHORRO_TB (ID_AHORRO, ID_USUARIO, MONTO_APORTE, FECHA_APERTURA, ID_TIPO_AHORRO, SALDO_ACTUAL, ID_ESTADO) VALUES (47, 47, 36000, TO_DATE('2025-07-20', 'YYYY-MM-DD'), 1, 288000, 1);
INSERT INTO FIDE_CUENTAS_AHORRO_TB (ID_AHORRO, ID_USUARIO, MONTO_APORTE, FECHA_APERTURA, ID_TIPO_AHORRO, SALDO_ACTUAL, ID_ESTADO) VALUES (48, 48, 24000, TO_DATE('2025-07-25', 'YYYY-MM-DD'), 1, 192000, 1);
INSERT INTO FIDE_CUENTAS_AHORRO_TB (ID_AHORRO, ID_USUARIO, MONTO_APORTE, FECHA_APERTURA, ID_TIPO_AHORRO, SALDO_ACTUAL, ID_ESTADO) VALUES (49, 49, 51000, TO_DATE('2025-08-01', 'YYYY-MM-DD'), 1, 357000, 1);
INSERT INTO FIDE_CUENTAS_AHORRO_TB (ID_AHORRO, ID_USUARIO, MONTO_APORTE, FECHA_APERTURA, ID_TIPO_AHORRO, SALDO_ACTUAL, ID_ESTADO) VALUES (50, 50, 42000, TO_DATE('2025-08-05', 'YYYY-MM-DD'), 1, 294000, 1);
INSERT INTO FIDE_CUENTAS_AHORRO_TB (ID_AHORRO, ID_USUARIO, MONTO_APORTE, FECHA_APERTURA, ID_TIPO_AHORRO, SALDO_ACTUAL, ID_ESTADO) VALUES (51, 51, 26000, TO_DATE('2025-08-10', 'YYYY-MM-DD'), 1, 182000, 1);
INSERT INTO FIDE_CUENTAS_AHORRO_TB (ID_AHORRO, ID_USUARIO, MONTO_APORTE, FECHA_APERTURA, ID_TIPO_AHORRO, SALDO_ACTUAL, ID_ESTADO) VALUES (52, 52, 38000, TO_DATE('2025-08-15', 'YYYY-MM-DD'), 1, 266000, 1);
INSERT INTO FIDE_CUENTAS_AHORRO_TB (ID_AHORRO, ID_USUARIO, MONTO_APORTE, FECHA_APERTURA, ID_TIPO_AHORRO, SALDO_ACTUAL, ID_ESTADO) VALUES (53, 53, 20000, TO_DATE('2025-08-20', 'YYYY-MM-DD'), 1, 140000, 1);
INSERT INTO FIDE_CUENTAS_AHORRO_TB (ID_AHORRO, ID_USUARIO, MONTO_APORTE, FECHA_APERTURA, ID_TIPO_AHORRO, SALDO_ACTUAL, ID_ESTADO) VALUES (54, 54, 55000, TO_DATE('2025-08-25', 'YYYY-MM-DD'), 1, 385000, 1);
INSERT INTO FIDE_CUENTAS_AHORRO_TB (ID_AHORRO, ID_USUARIO, MONTO_APORTE, FECHA_APERTURA, ID_TIPO_AHORRO, SALDO_ACTUAL, ID_ESTADO) VALUES (55, 55, 33000, TO_DATE('2025-09-01', 'YYYY-MM-DD'), 1, 198000, 1);
INSERT INTO FIDE_CUENTAS_AHORRO_TB (ID_AHORRO, ID_USUARIO, MONTO_APORTE, FECHA_APERTURA, ID_TIPO_AHORRO, SALDO_ACTUAL, ID_ESTADO) VALUES (56, 56, 29000, TO_DATE('2025-09-05', 'YYYY-MM-DD'), 1, 174000, 1);
INSERT INTO FIDE_CUENTAS_AHORRO_TB (ID_AHORRO, ID_USUARIO, MONTO_APORTE, FECHA_APERTURA, ID_TIPO_AHORRO, SALDO_ACTUAL, ID_ESTADO) VALUES (57, 57, 44000, TO_DATE('2025-09-10', 'YYYY-MM-DD'), 1, 264000, 1);
INSERT INTO FIDE_CUENTAS_AHORRO_TB (ID_AHORRO, ID_USUARIO, MONTO_APORTE, FECHA_APERTURA, ID_TIPO_AHORRO, SALDO_ACTUAL, ID_ESTADO) VALUES (58, 58, 25000, TO_DATE('2025-09-15', 'YYYY-MM-DD'), 1, 150000, 1);
INSERT INTO FIDE_CUENTAS_AHORRO_TB (ID_AHORRO, ID_USUARIO, MONTO_APORTE, FECHA_APERTURA, ID_TIPO_AHORRO, SALDO_ACTUAL, ID_ESTADO) VALUES (59, 59, 39000, TO_DATE('2025-09-20', 'YYYY-MM-DD'), 1, 234000, 1);
INSERT INTO FIDE_CUENTAS_AHORRO_TB (ID_AHORRO, ID_USUARIO, MONTO_APORTE, FECHA_APERTURA, ID_TIPO_AHORRO, SALDO_ACTUAL, ID_ESTADO) VALUES (60, 60, 52000, TO_DATE('2025-09-25', 'YYYY-MM-DD'), 1, 312000, 1);
INSERT INTO FIDE_CUENTAS_AHORRO_TB (ID_AHORRO, ID_USUARIO, MONTO_APORTE, FECHA_APERTURA, ID_TIPO_AHORRO, SALDO_ACTUAL, ID_ESTADO) VALUES (61, 61, 31000, TO_DATE('2025-10-01', 'YYYY-MM-DD'), 1, 155000, 1);
INSERT INTO FIDE_CUENTAS_AHORRO_TB (ID_AHORRO, ID_USUARIO, MONTO_APORTE, FECHA_APERTURA, ID_TIPO_AHORRO, SALDO_ACTUAL, ID_ESTADO) VALUES (62, 62, 28000, TO_DATE('2025-10-05', 'YYYY-MM-DD'), 1, 140000, 1);
INSERT INTO FIDE_CUENTAS_AHORRO_TB (ID_AHORRO, ID_USUARIO, MONTO_APORTE, FECHA_APERTURA, ID_TIPO_AHORRO, SALDO_ACTUAL, ID_ESTADO) VALUES (63, 63, 46000, TO_DATE('2025-10-10', 'YYYY-MM-DD'), 1, 230000, 1);
INSERT INTO FIDE_CUENTAS_AHORRO_TB (ID_AHORRO, ID_USUARIO, MONTO_APORTE, FECHA_APERTURA, ID_TIPO_AHORRO, SALDO_ACTUAL, ID_ESTADO) VALUES (64, 64, 34000, TO_DATE('2025-10-15', 'YYYY-MM-DD'), 1, 170000, 1);
INSERT INTO FIDE_CUENTAS_AHORRO_TB (ID_AHORRO, ID_USUARIO, MONTO_APORTE, FECHA_APERTURA, ID_TIPO_AHORRO, SALDO_ACTUAL, ID_ESTADO) VALUES (65, 65, 23000, TO_DATE('2025-10-20', 'YYYY-MM-DD'), 1, 115000, 1);
INSERT INTO FIDE_CUENTAS_AHORRO_TB (ID_AHORRO, ID_USUARIO, MONTO_APORTE, FECHA_APERTURA, ID_TIPO_AHORRO, SALDO_ACTUAL, ID_ESTADO) VALUES (66, 66, 50000, TO_DATE('2025-10-25', 'YYYY-MM-DD'), 1, 250000, 1);
INSERT INTO FIDE_CUENTAS_AHORRO_TB (ID_AHORRO, ID_USUARIO, MONTO_APORTE, FECHA_APERTURA, ID_TIPO_AHORRO, SALDO_ACTUAL, ID_ESTADO) VALUES (67, 67, 37000, TO_DATE('2025-11-01', 'YYYY-MM-DD'), 1, 148000, 1);
INSERT INTO FIDE_CUENTAS_AHORRO_TB (ID_AHORRO, ID_USUARIO, MONTO_APORTE, FECHA_APERTURA, ID_TIPO_AHORRO, SALDO_ACTUAL, ID_ESTADO) VALUES (68, 68, 26000, TO_DATE('2025-11-05', 'YYYY-MM-DD'), 1, 104000, 1);
INSERT INTO FIDE_CUENTAS_AHORRO_TB (ID_AHORRO, ID_USUARIO, MONTO_APORTE, FECHA_APERTURA, ID_TIPO_AHORRO, SALDO_ACTUAL, ID_ESTADO) VALUES (69, 69, 41000, TO_DATE('2025-11-10', 'YYYY-MM-DD'), 1, 164000, 1);
INSERT INTO FIDE_CUENTAS_AHORRO_TB (ID_AHORRO, ID_USUARIO, MONTO_APORTE, FECHA_APERTURA, ID_TIPO_AHORRO, SALDO_ACTUAL, ID_ESTADO) VALUES (70, 70, 30000, TO_DATE('2025-11-15', 'YYYY-MM-DD'), 1, 120000, 1);
INSERT INTO FIDE_CUENTAS_AHORRO_TB (ID_AHORRO, ID_USUARIO, MONTO_APORTE, FECHA_APERTURA, ID_TIPO_AHORRO, SALDO_ACTUAL, ID_ESTADO) VALUES (71, 71, 55000, TO_DATE('2025-11-20', 'YYYY-MM-DD'), 1, 220000, 1);
INSERT INTO FIDE_CUENTAS_AHORRO_TB (ID_AHORRO, ID_USUARIO, MONTO_APORTE, FECHA_APERTURA, ID_TIPO_AHORRO, SALDO_ACTUAL, ID_ESTADO) VALUES (72, 72, 24000, TO_DATE('2025-11-25', 'YYYY-MM-DD'), 1, 96000, 1);
INSERT INTO FIDE_CUENTAS_AHORRO_TB (ID_AHORRO, ID_USUARIO, MONTO_APORTE, FECHA_APERTURA, ID_TIPO_AHORRO, SALDO_ACTUAL, ID_ESTADO) VALUES (73, 73, 43000, TO_DATE('2025-12-01', 'YYYY-MM-DD'), 1, 129000, 1);
INSERT INTO FIDE_CUENTAS_AHORRO_TB (ID_AHORRO, ID_USUARIO, MONTO_APORTE, FECHA_APERTURA, ID_TIPO_AHORRO, SALDO_ACTUAL, ID_ESTADO) VALUES (74, 74, 32000, TO_DATE('2025-12-05', 'YYYY-MM-DD'), 1, 96000, 1);
INSERT INTO FIDE_CUENTAS_AHORRO_TB (ID_AHORRO, ID_USUARIO, MONTO_APORTE, FECHA_APERTURA, ID_TIPO_AHORRO, SALDO_ACTUAL, ID_ESTADO) VALUES (75, 75, 21000, TO_DATE('2025-12-10', 'YYYY-MM-DD'), 1, 63000, 1);
INSERT INTO FIDE_CUENTAS_AHORRO_TB (ID_AHORRO, ID_USUARIO, MONTO_APORTE, FECHA_APERTURA, ID_TIPO_AHORRO, SALDO_ACTUAL, ID_ESTADO) VALUES (76, 76, 49000, TO_DATE('2025-12-15', 'YYYY-MM-DD'), 1, 147000, 1);
INSERT INTO FIDE_CUENTAS_AHORRO_TB (ID_AHORRO, ID_USUARIO, MONTO_APORTE, FECHA_APERTURA, ID_TIPO_AHORRO, SALDO_ACTUAL, ID_ESTADO) VALUES (77, 77, 36000, TO_DATE('2025-12-20', 'YYYY-MM-DD'), 1, 108000, 1);
INSERT INTO FIDE_CUENTAS_AHORRO_TB (ID_AHORRO, ID_USUARIO, MONTO_APORTE, FECHA_APERTURA, ID_TIPO_AHORRO, SALDO_ACTUAL, ID_ESTADO) VALUES (78, 78, 25000, TO_DATE('2025-12-25', 'YYYY-MM-DD'), 1, 75000, 1);
INSERT INTO FIDE_CUENTAS_AHORRO_TB (ID_AHORRO, ID_USUARIO, MONTO_APORTE, FECHA_APERTURA, ID_TIPO_AHORRO, SALDO_ACTUAL, ID_ESTADO) VALUES (79, 79, 53000, TO_DATE('2025-12-28', 'YYYY-MM-DD'), 1, 159000, 1);
INSERT INTO FIDE_CUENTAS_AHORRO_TB (ID_AHORRO, ID_USUARIO, MONTO_APORTE, FECHA_APERTURA, ID_TIPO_AHORRO, SALDO_ACTUAL, ID_ESTADO) VALUES (80, 80, 40000, TO_DATE('2025-01-05', 'YYYY-MM-DD'), 1, 560000, 1);
INSERT INTO FIDE_CUENTAS_AHORRO_TB (ID_AHORRO, ID_USUARIO, MONTO_APORTE, FECHA_APERTURA, ID_TIPO_AHORRO, SALDO_ACTUAL, ID_ESTADO) VALUES (81, 81, 33000, TO_DATE('2025-01-08', 'YYYY-MM-DD'), 1, 462000, 1);
INSERT INTO FIDE_CUENTAS_AHORRO_TB (ID_AHORRO, ID_USUARIO, MONTO_APORTE, FECHA_APERTURA, ID_TIPO_AHORRO, SALDO_ACTUAL, ID_ESTADO) VALUES (82, 82, 22000, TO_DATE('2025-01-12', 'YYYY-MM-DD'), 1, 308000, 1);
INSERT INTO FIDE_CUENTAS_AHORRO_TB (ID_AHORRO, ID_USUARIO, MONTO_APORTE, FECHA_APERTURA, ID_TIPO_AHORRO, SALDO_ACTUAL, ID_ESTADO) VALUES (83, 83, 47000, TO_DATE('2025-01-15', 'YYYY-MM-DD'), 1, 658000, 1);
INSERT INTO FIDE_CUENTAS_AHORRO_TB (ID_AHORRO, ID_USUARIO, MONTO_APORTE, FECHA_APERTURA, ID_TIPO_AHORRO, SALDO_ACTUAL, ID_ESTADO) VALUES (84, 84, 35000, TO_DATE('2025-01-20', 'YYYY-MM-DD'), 1, 490000, 1);
INSERT INTO FIDE_CUENTAS_AHORRO_TB (ID_AHORRO, ID_USUARIO, MONTO_APORTE, FECHA_APERTURA, ID_TIPO_AHORRO, SALDO_ACTUAL, ID_ESTADO) VALUES (85, 85, 26000, TO_DATE('2025-01-22', 'YYYY-MM-DD'), 1, 364000, 1);
INSERT INTO FIDE_CUENTAS_AHORRO_TB (ID_AHORRO, ID_USUARIO, MONTO_APORTE, FECHA_APERTURA, ID_TIPO_AHORRO, SALDO_ACTUAL, ID_ESTADO) VALUES (86, 86, 51000, TO_DATE('2025-01-25', 'YYYY-MM-DD'), 1, 714000, 1);
INSERT INTO FIDE_CUENTAS_AHORRO_TB (ID_AHORRO, ID_USUARIO, MONTO_APORTE, FECHA_APERTURA, ID_TIPO_AHORRO, SALDO_ACTUAL, ID_ESTADO) VALUES (87, 87, 39000, TO_DATE('2025-02-01', 'YYYY-MM-DD'), 1, 507000, 1);
INSERT INTO FIDE_CUENTAS_AHORRO_TB (ID_AHORRO, ID_USUARIO, MONTO_APORTE, FECHA_APERTURA, ID_TIPO_AHORRO, SALDO_ACTUAL, ID_ESTADO) VALUES (88, 88, 28000, TO_DATE('2025-02-05', 'YYYY-MM-DD'), 1, 364000, 1);
INSERT INTO FIDE_CUENTAS_AHORRO_TB (ID_AHORRO, ID_USUARIO, MONTO_APORTE, FECHA_APERTURA, ID_TIPO_AHORRO, SALDO_ACTUAL, ID_ESTADO) VALUES (89, 89, 44000, TO_DATE('2025-02-10', 'YYYY-MM-DD'), 1, 572000, 1);
INSERT INTO FIDE_CUENTAS_AHORRO_TB (ID_AHORRO, ID_USUARIO, MONTO_APORTE, FECHA_APERTURA, ID_TIPO_AHORRO, SALDO_ACTUAL, ID_ESTADO) VALUES (90, 90, 31000, TO_DATE('2025-02-15', 'YYYY-MM-DD'), 1, 403000, 1);
INSERT INTO FIDE_CUENTAS_AHORRO_TB (ID_AHORRO, ID_USUARIO, MONTO_APORTE, FECHA_APERTURA, ID_TIPO_AHORRO, SALDO_ACTUAL, ID_ESTADO) VALUES (91, 91, 56000, TO_DATE('2025-02-20', 'YYYY-MM-DD'), 1, 728000, 1);
INSERT INTO FIDE_CUENTAS_AHORRO_TB (ID_AHORRO, ID_USUARIO, MONTO_APORTE, FECHA_APERTURA, ID_TIPO_AHORRO, SALDO_ACTUAL, ID_ESTADO) VALUES (92, 92, 25000, TO_DATE('2025-02-25', 'YYYY-MM-DD'), 1, 325000, 1);
INSERT INTO FIDE_CUENTAS_AHORRO_TB (ID_AHORRO, ID_USUARIO, MONTO_APORTE, FECHA_APERTURA, ID_TIPO_AHORRO, SALDO_ACTUAL, ID_ESTADO) VALUES (93, 93, 42000, TO_DATE('2025-03-01', 'YYYY-MM-DD'), 1, 504000, 1);
INSERT INTO FIDE_CUENTAS_AHORRO_TB (ID_AHORRO, ID_USUARIO, MONTO_APORTE, FECHA_APERTURA, ID_TIPO_AHORRO, SALDO_ACTUAL, ID_ESTADO) VALUES (94, 94, 30000, TO_DATE('2025-03-05', 'YYYY-MM-DD'), 1, 360000, 1);
INSERT INTO FIDE_CUENTAS_AHORRO_TB (ID_AHORRO, ID_USUARIO, MONTO_APORTE, FECHA_APERTURA, ID_TIPO_AHORRO, SALDO_ACTUAL, ID_ESTADO) VALUES (95, 95, 18000, TO_DATE('2025-03-10', 'YYYY-MM-DD'), 1, 216000, 1);
INSERT INTO FIDE_CUENTAS_AHORRO_TB (ID_AHORRO, ID_USUARIO, MONTO_APORTE, FECHA_APERTURA, ID_TIPO_AHORRO, SALDO_ACTUAL, ID_ESTADO) VALUES (96, 96, 49000, TO_DATE('2025-03-15', 'YYYY-MM-DD'), 1, 588000, 1);
INSERT INTO FIDE_CUENTAS_AHORRO_TB (ID_AHORRO, ID_USUARIO, MONTO_APORTE, FECHA_APERTURA, ID_TIPO_AHORRO, SALDO_ACTUAL, ID_ESTADO) VALUES (97, 97, 36000, TO_DATE('2025-03-20', 'YYYY-MM-DD'), 1, 432000, 1);
INSERT INTO FIDE_CUENTAS_AHORRO_TB (ID_AHORRO, ID_USUARIO, MONTO_APORTE, FECHA_APERTURA, ID_TIPO_AHORRO, SALDO_ACTUAL, ID_ESTADO) VALUES (98, 98, 27000, TO_DATE('2025-03-25', 'YYYY-MM-DD'), 1, 324000, 1);
INSERT INTO FIDE_CUENTAS_AHORRO_TB (ID_AHORRO, ID_USUARIO, MONTO_APORTE, FECHA_APERTURA, ID_TIPO_AHORRO, SALDO_ACTUAL, ID_ESTADO) VALUES (99, 99, 53000, TO_DATE('2025-03-28', 'YYYY-MM-DD'), 1, 636000, 1);
INSERT INTO FIDE_CUENTAS_AHORRO_TB (ID_AHORRO, ID_USUARIO, MONTO_APORTE, FECHA_APERTURA, ID_TIPO_AHORRO, SALDO_ACTUAL, ID_ESTADO) VALUES (100, 100, 41000, TO_DATE('2025-04-01', 'YYYY-MM-DD'), 1, 451000, 1);
INSERT INTO FIDE_CUENTAS_AHORRO_TB (ID_AHORRO, ID_USUARIO, MONTO_APORTE, FECHA_APERTURA, ID_TIPO_AHORRO, SALDO_ACTUAL, ID_ESTADO) VALUES (101, 101, 32000, TO_DATE('2025-04-05', 'YYYY-MM-DD'), 1, 352000, 1);
INSERT INTO FIDE_CUENTAS_AHORRO_TB (ID_AHORRO, ID_USUARIO, MONTO_APORTE, FECHA_APERTURA, ID_TIPO_AHORRO, SALDO_ACTUAL, ID_ESTADO) VALUES (102, 102, 23000, TO_DATE('2025-04-10', 'YYYY-MM-DD'), 1, 253000, 1);
INSERT INTO FIDE_CUENTAS_AHORRO_TB (ID_AHORRO, ID_USUARIO, MONTO_APORTE, FECHA_APERTURA, ID_TIPO_AHORRO, SALDO_ACTUAL, ID_ESTADO) VALUES (103, 103, 46000, TO_DATE('2025-04-15', 'YYYY-MM-DD'), 1, 506000, 1);
INSERT INTO FIDE_CUENTAS_AHORRO_TB (ID_AHORRO, ID_USUARIO, MONTO_APORTE, FECHA_APERTURA, ID_TIPO_AHORRO, SALDO_ACTUAL, ID_ESTADO) VALUES (104, 104, 38000, TO_DATE('2025-04-20', 'YYYY-MM-DD'), 1, 418000, 1);
INSERT INTO FIDE_CUENTAS_AHORRO_TB (ID_AHORRO, ID_USUARIO, MONTO_APORTE, FECHA_APERTURA, ID_TIPO_AHORRO, SALDO_ACTUAL, ID_ESTADO) VALUES (105, 105, 29000, TO_DATE('2025-04-25', 'YYYY-MM-DD'), 1, 319000, 1);
INSERT INTO FIDE_CUENTAS_AHORRO_TB (ID_AHORRO, ID_USUARIO, MONTO_APORTE, FECHA_APERTURA, ID_TIPO_AHORRO, SALDO_ACTUAL, ID_ESTADO) VALUES (106, 106, 54000, TO_DATE('2025-05-01', 'YYYY-MM-DD'), 1, 540000, 1);
INSERT INTO FIDE_CUENTAS_AHORRO_TB (ID_AHORRO, ID_USUARIO, MONTO_APORTE, FECHA_APERTURA, ID_TIPO_AHORRO, SALDO_ACTUAL, ID_ESTADO) VALUES (107, 107, 34000, TO_DATE('2025-05-05', 'YYYY-MM-DD'), 1, 340000, 1);
INSERT INTO FIDE_CUENTAS_AHORRO_TB (ID_AHORRO, ID_USUARIO, MONTO_APORTE, FECHA_APERTURA, ID_TIPO_AHORRO, SALDO_ACTUAL, ID_ESTADO) VALUES (108, 108, 25000, TO_DATE('2025-05-10', 'YYYY-MM-DD'), 1, 250000, 1);
INSERT INTO FIDE_CUENTAS_AHORRO_TB (ID_AHORRO, ID_USUARIO, MONTO_APORTE, FECHA_APERTURA, ID_TIPO_AHORRO, SALDO_ACTUAL, ID_ESTADO) VALUES (109, 109, 43000, TO_DATE('2025-05-15', 'YYYY-MM-DD'), 1, 430000, 1);
INSERT INTO FIDE_CUENTAS_AHORRO_TB (ID_AHORRO, ID_USUARIO, MONTO_APORTE, FECHA_APERTURA, ID_TIPO_AHORRO, SALDO_ACTUAL, ID_ESTADO) VALUES (110, 110, 31000, TO_DATE('2025-05-20', 'YYYY-MM-DD'), 1, 310000, 1);
INSERT INTO FIDE_CUENTAS_AHORRO_TB (ID_AHORRO, ID_USUARIO, MONTO_APORTE, FECHA_APERTURA, ID_TIPO_AHORRO, SALDO_ACTUAL, ID_ESTADO) VALUES (111, 111, 20000, TO_DATE('2025-05-25', 'YYYY-MM-DD'), 1, 200000, 1);
INSERT INTO FIDE_CUENTAS_AHORRO_TB (ID_AHORRO, ID_USUARIO, MONTO_APORTE, FECHA_APERTURA, ID_TIPO_AHORRO, SALDO_ACTUAL, ID_ESTADO) VALUES (112, 112, 58000, TO_DATE('2025-06-01', 'YYYY-MM-DD'), 1, 522000, 1);
INSERT INTO FIDE_CUENTAS_AHORRO_TB (ID_AHORRO, ID_USUARIO, MONTO_APORTE, FECHA_APERTURA, ID_TIPO_AHORRO, SALDO_ACTUAL, ID_ESTADO) VALUES (113, 113, 37000, TO_DATE('2025-06-05', 'YYYY-MM-DD'), 1, 333000, 1);
INSERT INTO FIDE_CUENTAS_AHORRO_TB (ID_AHORRO, ID_USUARIO, MONTO_APORTE, FECHA_APERTURA, ID_TIPO_AHORRO, SALDO_ACTUAL, ID_ESTADO) VALUES (114, 114, 26000, TO_DATE('2025-06-10', 'YYYY-MM-DD'), 1, 234000, 1);
INSERT INTO FIDE_CUENTAS_AHORRO_TB (ID_AHORRO, ID_USUARIO, MONTO_APORTE, FECHA_APERTURA, ID_TIPO_AHORRO, SALDO_ACTUAL, ID_ESTADO) VALUES (115, 115, 45000, TO_DATE('2025-06-15', 'YYYY-MM-DD'), 1, 405000, 1);
INSERT INTO FIDE_CUENTAS_AHORRO_TB (ID_AHORRO, ID_USUARIO, MONTO_APORTE, FECHA_APERTURA, ID_TIPO_AHORRO, SALDO_ACTUAL, ID_ESTADO) VALUES (116, 116, 33000, TO_DATE('2025-06-20', 'YYYY-MM-DD'), 1, 297000, 1);
INSERT INTO FIDE_CUENTAS_AHORRO_TB (ID_AHORRO, ID_USUARIO, MONTO_APORTE, FECHA_APERTURA, ID_TIPO_AHORRO, SALDO_ACTUAL, ID_ESTADO) VALUES (117, 117, 21000, TO_DATE('2025-06-25', 'YYYY-MM-DD'), 1, 189000, 1);
INSERT INTO FIDE_CUENTAS_AHORRO_TB (ID_AHORRO, ID_USUARIO, MONTO_APORTE, FECHA_APERTURA, ID_TIPO_AHORRO, SALDO_ACTUAL, ID_ESTADO) VALUES (118, 118, 52000, TO_DATE('2025-07-01', 'YYYY-MM-DD'), 1, 416000, 1);
INSERT INTO FIDE_CUENTAS_AHORRO_TB (ID_AHORRO, ID_USUARIO, MONTO_APORTE, FECHA_APERTURA, ID_TIPO_AHORRO, SALDO_ACTUAL, ID_ESTADO) VALUES (119, 119, 39000, TO_DATE('2025-07-05', 'YYYY-MM-DD'), 1, 312000, 1);
INSERT INTO FIDE_CUENTAS_AHORRO_TB (ID_AHORRO, ID_USUARIO, MONTO_APORTE, FECHA_APERTURA, ID_TIPO_AHORRO, SALDO_ACTUAL, ID_ESTADO) VALUES (120, 120, 27000, TO_DATE('2025-07-10', 'YYYY-MM-DD'), 1, 216000, 1);
INSERT INTO FIDE_CUENTAS_AHORRO_TB (ID_AHORRO, ID_USUARIO, MONTO_APORTE, FECHA_APERTURA, ID_TIPO_AHORRO, SALDO_ACTUAL, ID_ESTADO) VALUES (121, 121, 48000, TO_DATE('2025-07-15', 'YYYY-MM-DD'), 1, 384000, 1);
INSERT INTO FIDE_CUENTAS_AHORRO_TB (ID_AHORRO, ID_USUARIO, MONTO_APORTE, FECHA_APERTURA, ID_TIPO_AHORRO, SALDO_ACTUAL, ID_ESTADO) VALUES (122, 122, 35000, TO_DATE('2025-07-20', 'YYYY-MM-DD'), 1, 280000, 1);
INSERT INTO FIDE_CUENTAS_AHORRO_TB (ID_AHORRO, ID_USUARIO, MONTO_APORTE, FECHA_APERTURA, ID_TIPO_AHORRO, SALDO_ACTUAL, ID_ESTADO) VALUES (123, 123, 23000, TO_DATE('2025-07-25', 'YYYY-MM-DD'), 1, 184000, 1);
INSERT INTO FIDE_CUENTAS_AHORRO_TB (ID_AHORRO, ID_USUARIO, MONTO_APORTE, FECHA_APERTURA, ID_TIPO_AHORRO, SALDO_ACTUAL, ID_ESTADO) VALUES (124, 124, 60000, TO_DATE('2025-08-01', 'YYYY-MM-DD'), 1, 420000, 1);
INSERT INTO FIDE_CUENTAS_AHORRO_TB (ID_AHORRO, ID_USUARIO, MONTO_APORTE, FECHA_APERTURA, ID_TIPO_AHORRO, SALDO_ACTUAL, ID_ESTADO) VALUES (125, 125, 41000, TO_DATE('2025-08-05', 'YYYY-MM-DD'), 1, 287000, 1);
INSERT INTO FIDE_CUENTAS_AHORRO_TB (ID_AHORRO, ID_USUARIO, MONTO_APORTE, FECHA_APERTURA, ID_TIPO_AHORRO, SALDO_ACTUAL, ID_ESTADO) VALUES (126, 126, 28000, TO_DATE('2025-08-10', 'YYYY-MM-DD'), 1, 196000, 1);
INSERT INTO FIDE_CUENTAS_AHORRO_TB (ID_AHORRO, ID_USUARIO, MONTO_APORTE, FECHA_APERTURA, ID_TIPO_AHORRO, SALDO_ACTUAL, ID_ESTADO) VALUES (127, 127, 44000, TO_DATE('2025-08-15', 'YYYY-MM-DD'), 1, 308000, 1);
INSERT INTO FIDE_CUENTAS_AHORRO_TB (ID_AHORRO, ID_USUARIO, MONTO_APORTE, FECHA_APERTURA, ID_TIPO_AHORRO, SALDO_ACTUAL, ID_ESTADO) VALUES (128, 128, 30000, TO_DATE('2025-08-20', 'YYYY-MM-DD'), 1, 210000, 1);
INSERT INTO FIDE_CUENTAS_AHORRO_TB (ID_AHORRO, ID_USUARIO, MONTO_APORTE, FECHA_APERTURA, ID_TIPO_AHORRO, SALDO_ACTUAL, ID_ESTADO) VALUES (129, 129, 19000, TO_DATE('2025-08-25', 'YYYY-MM-DD'), 1, 133000, 1);
INSERT INTO FIDE_CUENTAS_AHORRO_TB (ID_AHORRO, ID_USUARIO, MONTO_APORTE, FECHA_APERTURA, ID_TIPO_AHORRO, SALDO_ACTUAL, ID_ESTADO) VALUES (130, 130, 56000, TO_DATE('2025-09-01', 'YYYY-MM-DD'), 1, 336000, 1);
INSERT INTO FIDE_CUENTAS_AHORRO_TB (ID_AHORRO, ID_USUARIO, MONTO_APORTE, FECHA_APERTURA, ID_TIPO_AHORRO, SALDO_ACTUAL, ID_ESTADO) VALUES (131, 131, 38000, TO_DATE('2025-09-05', 'YYYY-MM-DD'), 1, 228000, 1);
INSERT INTO FIDE_CUENTAS_AHORRO_TB (ID_AHORRO, ID_USUARIO, MONTO_APORTE, FECHA_APERTURA, ID_TIPO_AHORRO, SALDO_ACTUAL, ID_ESTADO) VALUES (132, 132, 24000, TO_DATE('2025-09-10', 'YYYY-MM-DD'), 1, 144000, 1);
INSERT INTO FIDE_CUENTAS_AHORRO_TB (ID_AHORRO, ID_USUARIO, MONTO_APORTE, FECHA_APERTURA, ID_TIPO_AHORRO, SALDO_ACTUAL, ID_ESTADO) VALUES (133, 133, 51000, TO_DATE('2025-09-15', 'YYYY-MM-DD'), 1, 306000, 1);
INSERT INTO FIDE_CUENTAS_AHORRO_TB (ID_AHORRO, ID_USUARIO, MONTO_APORTE, FECHA_APERTURA, ID_TIPO_AHORRO, SALDO_ACTUAL, ID_ESTADO) VALUES (134, 134, 32000, TO_DATE('2025-09-20', 'YYYY-MM-DD'), 1, 192000, 1);
INSERT INTO FIDE_CUENTAS_AHORRO_TB (ID_AHORRO, ID_USUARIO, MONTO_APORTE, FECHA_APERTURA, ID_TIPO_AHORRO, SALDO_ACTUAL, ID_ESTADO) VALUES (135, 135, 22000, TO_DATE('2025-09-25', 'YYYY-MM-DD'), 1, 132000, 1);
INSERT INTO FIDE_CUENTAS_AHORRO_TB (ID_AHORRO, ID_USUARIO, MONTO_APORTE, FECHA_APERTURA, ID_TIPO_AHORRO, SALDO_ACTUAL, ID_ESTADO) VALUES (136, 136, 49000, TO_DATE('2025-10-01', 'YYYY-MM-DD'), 1, 245000, 1);
INSERT INTO FIDE_CUENTAS_AHORRO_TB (ID_AHORRO, ID_USUARIO, MONTO_APORTE, FECHA_APERTURA, ID_TIPO_AHORRO, SALDO_ACTUAL, ID_ESTADO) VALUES (137, 137, 35000, TO_DATE('2025-10-05', 'YYYY-MM-DD'), 1, 175000, 1);
INSERT INTO FIDE_CUENTAS_AHORRO_TB (ID_AHORRO, ID_USUARIO, MONTO_APORTE, FECHA_APERTURA, ID_TIPO_AHORRO, SALDO_ACTUAL, ID_ESTADO) VALUES (138, 138, 26000, TO_DATE('2025-10-10', 'YYYY-MM-DD'), 1, 130000, 1);
INSERT INTO FIDE_CUENTAS_AHORRO_TB (ID_AHORRO, ID_USUARIO, MONTO_APORTE, FECHA_APERTURA, ID_TIPO_AHORRO, SALDO_ACTUAL, ID_ESTADO) VALUES (139, 139, 43000, TO_DATE('2025-10-15', 'YYYY-MM-DD'), 1, 215000, 1);
INSERT INTO FIDE_CUENTAS_AHORRO_TB (ID_AHORRO, ID_USUARIO, MONTO_APORTE, FECHA_APERTURA, ID_TIPO_AHORRO, SALDO_ACTUAL, ID_ESTADO) VALUES (140, 140, 29000, TO_DATE('2025-10-20', 'YYYY-MM-DD'), 1, 145000, 1);
INSERT INTO FIDE_CUENTAS_AHORRO_TB (ID_AHORRO, ID_USUARIO, MONTO_APORTE, FECHA_APERTURA, ID_TIPO_AHORRO, SALDO_ACTUAL, ID_ESTADO) VALUES (141, 141, 55000, TO_DATE('2025-10-25', 'YYYY-MM-DD'), 1, 275000, 1);
INSERT INTO FIDE_CUENTAS_AHORRO_TB (ID_AHORRO, ID_USUARIO, MONTO_APORTE, FECHA_APERTURA, ID_TIPO_AHORRO, SALDO_ACTUAL, ID_ESTADO) VALUES (142, 142, 33000, TO_DATE('2025-11-01', 'YYYY-MM-DD'), 1, 132000, 1);
INSERT INTO FIDE_CUENTAS_AHORRO_TB (ID_AHORRO, ID_USUARIO, MONTO_APORTE, FECHA_APERTURA, ID_TIPO_AHORRO, SALDO_ACTUAL, ID_ESTADO) VALUES (143, 143, 21000, TO_DATE('2025-11-05', 'YYYY-MM-DD'), 1, 84000, 1);
INSERT INTO FIDE_CUENTAS_AHORRO_TB (ID_AHORRO, ID_USUARIO, MONTO_APORTE, FECHA_APERTURA, ID_TIPO_AHORRO, SALDO_ACTUAL, ID_ESTADO) VALUES (144, 144, 47000, TO_DATE('2025-11-10', 'YYYY-MM-DD'), 1, 188000, 1);
INSERT INTO FIDE_CUENTAS_AHORRO_TB (ID_AHORRO, ID_USUARIO, MONTO_APORTE, FECHA_APERTURA, ID_TIPO_AHORRO, SALDO_ACTUAL, ID_ESTADO) VALUES (145, 145, 30000, TO_DATE('2025-11-15', 'YYYY-MM-DD'), 1, 120000, 1);
INSERT INTO FIDE_CUENTAS_AHORRO_TB (ID_AHORRO, ID_USUARIO, MONTO_APORTE, FECHA_APERTURA, ID_TIPO_AHORRO, SALDO_ACTUAL, ID_ESTADO) VALUES (146, 146, 20000, TO_DATE('2025-11-20', 'YYYY-MM-DD'), 1, 80000, 1);
INSERT INTO FIDE_CUENTAS_AHORRO_TB (ID_AHORRO, ID_USUARIO, MONTO_APORTE, FECHA_APERTURA, ID_TIPO_AHORRO, SALDO_ACTUAL, ID_ESTADO) VALUES (147, 147, 53000, TO_DATE('2025-11-25', 'YYYY-MM-DD'), 1, 212000, 1);
INSERT INTO FIDE_CUENTAS_AHORRO_TB (ID_AHORRO, ID_USUARIO, MONTO_APORTE, FECHA_APERTURA, ID_TIPO_AHORRO, SALDO_ACTUAL, ID_ESTADO) VALUES (148, 148, 36000, TO_DATE('2025-12-01', 'YYYY-MM-DD'), 1, 108000, 1);
INSERT INTO FIDE_CUENTAS_AHORRO_TB (ID_AHORRO, ID_USUARIO, MONTO_APORTE, FECHA_APERTURA, ID_TIPO_AHORRO, SALDO_ACTUAL, ID_ESTADO) VALUES (149, 149, 25000, TO_DATE('2025-12-05', 'YYYY-MM-DD'), 1, 75000, 1);
INSERT INTO FIDE_CUENTAS_AHORRO_TB (ID_AHORRO, ID_USUARIO, MONTO_APORTE, FECHA_APERTURA, ID_TIPO_AHORRO, SALDO_ACTUAL, ID_ESTADO) VALUES (150, 150, 42000, TO_DATE('2025-12-10', 'YYYY-MM-DD'), 1, 126000, 1);
INSERT INTO FIDE_CUENTAS_AHORRO_TB (ID_AHORRO, ID_USUARIO, MONTO_APORTE, FECHA_APERTURA, ID_TIPO_AHORRO, SALDO_ACTUAL, ID_ESTADO) VALUES (151, 151, 31000, TO_DATE('2025-12-15', 'YYYY-MM-DD'), 1, 93000, 1);
INSERT INTO FIDE_CUENTAS_AHORRO_TB (ID_AHORRO, ID_USUARIO, MONTO_APORTE, FECHA_APERTURA, ID_TIPO_AHORRO, SALDO_ACTUAL, ID_ESTADO) VALUES (152, 152, 18000, TO_DATE('2025-12-20', 'YYYY-MM-DD'), 1, 54000, 1);
INSERT INTO FIDE_CUENTAS_AHORRO_TB (ID_AHORRO, ID_USUARIO, MONTO_APORTE, FECHA_APERTURA, ID_TIPO_AHORRO, SALDO_ACTUAL, ID_ESTADO) VALUES (153, 153, 49000, TO_DATE('2025-12-25', 'YYYY-MM-DD'), 1, 147000, 1);
INSERT INTO FIDE_CUENTAS_AHORRO_TB (ID_AHORRO, ID_USUARIO, MONTO_APORTE, FECHA_APERTURA, ID_TIPO_AHORRO, SALDO_ACTUAL, ID_ESTADO) VALUES (154, 154, 34000, TO_DATE('2025-12-28', 'YYYY-MM-DD'), 1, 102000, 1);
INSERT INTO FIDE_CUENTAS_AHORRO_TB (ID_AHORRO, ID_USUARIO, MONTO_APORTE, FECHA_APERTURA, ID_TIPO_AHORRO, SALDO_ACTUAL, ID_ESTADO) VALUES (155, 155, 26000, TO_DATE('2025-01-05', 'YYYY-MM-DD'), 1, 312000, 1);
INSERT INTO FIDE_CUENTAS_AHORRO_TB (ID_AHORRO, ID_USUARIO, MONTO_APORTE, FECHA_APERTURA, ID_TIPO_AHORRO, SALDO_ACTUAL, ID_ESTADO) VALUES (156, 156, 52000, TO_DATE('2025-01-10', 'YYYY-MM-DD'), 1, 624000, 1);
INSERT INTO FIDE_CUENTAS_AHORRO_TB (ID_AHORRO, ID_USUARIO, MONTO_APORTE, FECHA_APERTURA, ID_TIPO_AHORRO, SALDO_ACTUAL, ID_ESTADO) VALUES (157, 157, 39000, TO_DATE('2025-01-15', 'YYYY-MM-DD'), 1, 468000, 1);
INSERT INTO FIDE_CUENTAS_AHORRO_TB (ID_AHORRO, ID_USUARIO, MONTO_APORTE, FECHA_APERTURA, ID_TIPO_AHORRO, SALDO_ACTUAL, ID_ESTADO) VALUES (158, 158, 28000, TO_DATE('2025-01-20', 'YYYY-MM-DD'), 1, 336000, 1);
INSERT INTO FIDE_CUENTAS_AHORRO_TB (ID_AHORRO, ID_USUARIO, MONTO_APORTE, FECHA_APERTURA, ID_TIPO_AHORRO, SALDO_ACTUAL, ID_ESTADO) VALUES (159, 159, 44000, TO_DATE('2025-01-25', 'YYYY-MM-DD'), 1, 528000, 1);
INSERT INTO FIDE_CUENTAS_AHORRO_TB (ID_AHORRO, ID_USUARIO, MONTO_APORTE, FECHA_APERTURA, ID_TIPO_AHORRO, SALDO_ACTUAL, ID_ESTADO) VALUES (160, 160, 31000, TO_DATE('2025-02-01', 'YYYY-MM-DD'), 1, 341000, 1);
INSERT INTO FIDE_CUENTAS_AHORRO_TB (ID_AHORRO, ID_USUARIO, MONTO_APORTE, FECHA_APERTURA, ID_TIPO_AHORRO, SALDO_ACTUAL, ID_ESTADO) VALUES (161, 161, 56000, TO_DATE('2025-02-05', 'YYYY-MM-DD'), 1, 616000, 1);
INSERT INTO FIDE_CUENTAS_AHORRO_TB (ID_AHORRO, ID_USUARIO, MONTO_APORTE, FECHA_APERTURA, ID_TIPO_AHORRO, SALDO_ACTUAL, ID_ESTADO) VALUES (162, 162, 25000, TO_DATE('2025-02-10', 'YYYY-MM-DD'), 1, 275000, 1);
INSERT INTO FIDE_CUENTAS_AHORRO_TB (ID_AHORRO, ID_USUARIO, MONTO_APORTE, FECHA_APERTURA, ID_TIPO_AHORRO, SALDO_ACTUAL, ID_ESTADO) VALUES (163, 163, 42000, TO_DATE('2025-02-15', 'YYYY-MM-DD'), 1, 462000, 1);
INSERT INTO FIDE_CUENTAS_AHORRO_TB (ID_AHORRO, ID_USUARIO, MONTO_APORTE, FECHA_APERTURA, ID_TIPO_AHORRO, SALDO_ACTUAL, ID_ESTADO) VALUES (164, 164, 30000, TO_DATE('2025-02-20', 'YYYY-MM-DD'), 1, 330000, 1);
INSERT INTO FIDE_CUENTAS_AHORRO_TB (ID_AHORRO, ID_USUARIO, MONTO_APORTE, FECHA_APERTURA, ID_TIPO_AHORRO, SALDO_ACTUAL, ID_ESTADO) VALUES (165, 165, 19000, TO_DATE('2025-02-25', 'YYYY-MM-DD'), 1, 209000, 1);
INSERT INTO FIDE_CUENTAS_AHORRO_TB (ID_AHORRO, ID_USUARIO, MONTO_APORTE, FECHA_APERTURA, ID_TIPO_AHORRO, SALDO_ACTUAL, ID_ESTADO) VALUES (166, 166, 50000, TO_DATE('2025-03-01', 'YYYY-MM-DD'), 1, 500000, 1);
INSERT INTO FIDE_CUENTAS_AHORRO_TB (ID_AHORRO, ID_USUARIO, MONTO_APORTE, FECHA_APERTURA, ID_TIPO_AHORRO, SALDO_ACTUAL, ID_ESTADO) VALUES (167, 167, 37000, TO_DATE('2025-03-05', 'YYYY-MM-DD'), 1, 370000, 1);
INSERT INTO FIDE_CUENTAS_AHORRO_TB (ID_AHORRO, ID_USUARIO, MONTO_APORTE, FECHA_APERTURA, ID_TIPO_AHORRO, SALDO_ACTUAL, ID_ESTADO) VALUES (168, 168, 27000, TO_DATE('2025-03-10', 'YYYY-MM-DD'), 1, 270000, 1);
INSERT INTO FIDE_CUENTAS_AHORRO_TB (ID_AHORRO, ID_USUARIO, MONTO_APORTE, FECHA_APERTURA, ID_TIPO_AHORRO, SALDO_ACTUAL, ID_ESTADO) VALUES (169, 169, 48000, TO_DATE('2025-03-15', 'YYYY-MM-DD'), 1, 480000, 1);
INSERT INTO FIDE_CUENTAS_AHORRO_TB (ID_AHORRO, ID_USUARIO, MONTO_APORTE, FECHA_APERTURA, ID_TIPO_AHORRO, SALDO_ACTUAL, ID_ESTADO) VALUES (170, 170, 32000, TO_DATE('2025-03-20', 'YYYY-MM-DD'), 1, 320000, 1);
INSERT INTO FIDE_CUENTAS_AHORRO_TB (ID_AHORRO, ID_USUARIO, MONTO_APORTE, FECHA_APERTURA, ID_TIPO_AHORRO, SALDO_ACTUAL, ID_ESTADO) VALUES (171, 171, 21000, TO_DATE('2025-03-25', 'YYYY-MM-DD'), 1, 210000, 1);
INSERT INTO FIDE_CUENTAS_AHORRO_TB (ID_AHORRO, ID_USUARIO, MONTO_APORTE, FECHA_APERTURA, ID_TIPO_AHORRO, SALDO_ACTUAL, ID_ESTADO) VALUES (172, 172, 60000, TO_DATE('2025-03-28', 'YYYY-MM-DD'), 1, 600000, 1);
INSERT INTO FIDE_CUENTAS_AHORRO_TB (ID_AHORRO, ID_USUARIO, MONTO_APORTE, FECHA_APERTURA, ID_TIPO_AHORRO, SALDO_ACTUAL, ID_ESTADO) VALUES (173, 173, 41000, TO_DATE('2025-04-01', 'YYYY-MM-DD'), 1, 369000, 1);
INSERT INTO FIDE_CUENTAS_AHORRO_TB (ID_AHORRO, ID_USUARIO, MONTO_APORTE, FECHA_APERTURA, ID_TIPO_AHORRO, SALDO_ACTUAL, ID_ESTADO) VALUES (174, 174, 28000, TO_DATE('2025-04-05', 'YYYY-MM-DD'), 1, 252000, 1);
INSERT INTO FIDE_CUENTAS_AHORRO_TB (ID_AHORRO, ID_USUARIO, MONTO_APORTE, FECHA_APERTURA, ID_TIPO_AHORRO, SALDO_ACTUAL, ID_ESTADO) VALUES (175, 175, 45000, TO_DATE('2025-04-10', 'YYYY-MM-DD'), 1, 405000, 1);
INSERT INTO FIDE_CUENTAS_AHORRO_TB (ID_AHORRO, ID_USUARIO, MONTO_APORTE, FECHA_APERTURA, ID_TIPO_AHORRO, SALDO_ACTUAL, ID_ESTADO) VALUES (176, 176, 30000, TO_DATE('2025-04-15', 'YYYY-MM-DD'), 1, 270000, 1);
INSERT INTO FIDE_CUENTAS_AHORRO_TB (ID_AHORRO, ID_USUARIO, MONTO_APORTE, FECHA_APERTURA, ID_TIPO_AHORRO, SALDO_ACTUAL, ID_ESTADO) VALUES (177, 177, 22000, TO_DATE('2025-04-20', 'YYYY-MM-DD'), 1, 198000, 1);
INSERT INTO FIDE_CUENTAS_AHORRO_TB (ID_AHORRO, ID_USUARIO, MONTO_APORTE, FECHA_APERTURA, ID_TIPO_AHORRO, SALDO_ACTUAL, ID_ESTADO) VALUES (178, 178, 54000, TO_DATE('2025-04-25', 'YYYY-MM-DD'), 1, 486000, 1);
INSERT INTO FIDE_CUENTAS_AHORRO_TB (ID_AHORRO, ID_USUARIO, MONTO_APORTE, FECHA_APERTURA, ID_TIPO_AHORRO, SALDO_ACTUAL, ID_ESTADO) VALUES (179, 179, 39000, TO_DATE('2025-05-01', 'YYYY-MM-DD'), 1, 312000, 1);
INSERT INTO FIDE_CUENTAS_AHORRO_TB (ID_AHORRO, ID_USUARIO, MONTO_APORTE, FECHA_APERTURA, ID_TIPO_AHORRO, SALDO_ACTUAL, ID_ESTADO) VALUES (180, 180, 25000, TO_DATE('2025-05-05', 'YYYY-MM-DD'), 1, 200000, 1);
INSERT INTO FIDE_CUENTAS_AHORRO_TB (ID_AHORRO, ID_USUARIO, MONTO_APORTE, FECHA_APERTURA, ID_TIPO_AHORRO, SALDO_ACTUAL, ID_ESTADO) VALUES (181, 181, 46000, TO_DATE('2025-05-10', 'YYYY-MM-DD'), 1, 368000, 1);
INSERT INTO FIDE_CUENTAS_AHORRO_TB (ID_AHORRO, ID_USUARIO, MONTO_APORTE, FECHA_APERTURA, ID_TIPO_AHORRO, SALDO_ACTUAL, ID_ESTADO) VALUES (182, 182, 33000, TO_DATE('2025-05-15', 'YYYY-MM-DD'), 1, 264000, 1);
INSERT INTO FIDE_CUENTAS_AHORRO_TB (ID_AHORRO, ID_USUARIO, MONTO_APORTE, FECHA_APERTURA, ID_TIPO_AHORRO, SALDO_ACTUAL, ID_ESTADO) VALUES (183, 183, 20000, TO_DATE('2025-05-20', 'YYYY-MM-DD'), 1, 160000, 1);
INSERT INTO FIDE_CUENTAS_AHORRO_TB (ID_AHORRO, ID_USUARIO, MONTO_APORTE, FECHA_APERTURA, ID_TIPO_AHORRO, SALDO_ACTUAL, ID_ESTADO) VALUES (184, 184, 57000, TO_DATE('2025-05-25', 'YYYY-MM-DD'), 1, 456000, 1);
INSERT INTO FIDE_CUENTAS_AHORRO_TB (ID_AHORRO, ID_USUARIO, MONTO_APORTE, FECHA_APERTURA, ID_TIPO_AHORRO, SALDO_ACTUAL, ID_ESTADO) VALUES (185, 185, 40000, TO_DATE('2025-06-01', 'YYYY-MM-DD'), 1, 280000, 1);
INSERT INTO FIDE_CUENTAS_AHORRO_TB (ID_AHORRO, ID_USUARIO, MONTO_APORTE, FECHA_APERTURA, ID_TIPO_AHORRO, SALDO_ACTUAL, ID_ESTADO) VALUES (186, 186, 29000, TO_DATE('2025-06-05', 'YYYY-MM-DD'), 1, 203000, 1);
INSERT INTO FIDE_CUENTAS_AHORRO_TB (ID_AHORRO, ID_USUARIO, MONTO_APORTE, FECHA_APERTURA, ID_TIPO_AHORRO, SALDO_ACTUAL, ID_ESTADO) VALUES (187, 187, 52000, TO_DATE('2025-06-10', 'YYYY-MM-DD'), 1, 364000, 1);
INSERT INTO FIDE_CUENTAS_AHORRO_TB (ID_AHORRO, ID_USUARIO, MONTO_APORTE, FECHA_APERTURA, ID_TIPO_AHORRO, SALDO_ACTUAL, ID_ESTADO) VALUES (188, 188, 35000, TO_DATE('2025-06-15', 'YYYY-MM-DD'), 1, 245000, 1);
INSERT INTO FIDE_CUENTAS_AHORRO_TB (ID_AHORRO, ID_USUARIO, MONTO_APORTE, FECHA_APERTURA, ID_TIPO_AHORRO, SALDO_ACTUAL, ID_ESTADO) VALUES (189, 189, 23000, TO_DATE('2025-06-20', 'YYYY-MM-DD'), 1, 161000, 1);
INSERT INTO FIDE_CUENTAS_AHORRO_TB (ID_AHORRO, ID_USUARIO, MONTO_APORTE, FECHA_APERTURA, ID_TIPO_AHORRO, SALDO_ACTUAL, ID_ESTADO) VALUES (190, 190, 48000, TO_DATE('2025-06-25', 'YYYY-MM-DD'), 1, 336000, 1);
INSERT INTO FIDE_CUENTAS_AHORRO_TB (ID_AHORRO, ID_USUARIO, MONTO_APORTE, FECHA_APERTURA, ID_TIPO_AHORRO, SALDO_ACTUAL, ID_ESTADO) VALUES (191, 191, 32000, TO_DATE('2025-07-01', 'YYYY-MM-DD'), 1, 192000, 1);
INSERT INTO FIDE_CUENTAS_AHORRO_TB (ID_AHORRO, ID_USUARIO, MONTO_APORTE, FECHA_APERTURA, ID_TIPO_AHORRO, SALDO_ACTUAL, ID_ESTADO) VALUES (192, 192, 19000, TO_DATE('2025-07-05', 'YYYY-MM-DD'), 1, 114000, 1);
INSERT INTO FIDE_CUENTAS_AHORRO_TB (ID_AHORRO, ID_USUARIO, MONTO_APORTE, FECHA_APERTURA, ID_TIPO_AHORRO, SALDO_ACTUAL, ID_ESTADO) VALUES (193, 193, 56000, TO_DATE('2025-07-10', 'YYYY-MM-DD'), 1, 336000, 1);
INSERT INTO FIDE_CUENTAS_AHORRO_TB (ID_AHORRO, ID_USUARIO, MONTO_APORTE, FECHA_APERTURA, ID_TIPO_AHORRO, SALDO_ACTUAL, ID_ESTADO) VALUES (194, 194, 42000, TO_DATE('2025-07-15', 'YYYY-MM-DD'), 1, 252000, 1);
INSERT INTO FIDE_CUENTAS_AHORRO_TB (ID_AHORRO, ID_USUARIO, MONTO_APORTE, FECHA_APERTURA, ID_TIPO_AHORRO, SALDO_ACTUAL, ID_ESTADO) VALUES (195, 195, 27000, TO_DATE('2025-07-20', 'YYYY-MM-DD'), 1, 162000, 1);
INSERT INTO FIDE_CUENTAS_AHORRO_TB (ID_AHORRO, ID_USUARIO, MONTO_APORTE, FECHA_APERTURA, ID_TIPO_AHORRO, SALDO_ACTUAL, ID_ESTADO) VALUES (196, 196, 50000, TO_DATE('2025-07-25', 'YYYY-MM-DD'), 1, 300000, 1);
INSERT INTO FIDE_CUENTAS_AHORRO_TB (ID_AHORRO, ID_USUARIO, MONTO_APORTE, FECHA_APERTURA, ID_TIPO_AHORRO, SALDO_ACTUAL, ID_ESTADO) VALUES (197, 197, 36000, TO_DATE('2025-08-01', 'YYYY-MM-DD'), 1, 180000, 1);
INSERT INTO FIDE_CUENTAS_AHORRO_TB (ID_AHORRO, ID_USUARIO, MONTO_APORTE, FECHA_APERTURA, ID_TIPO_AHORRO, SALDO_ACTUAL, ID_ESTADO) VALUES (198, 198, 24000, TO_DATE('2025-08-05', 'YYYY-MM-DD'), 1, 120000, 1);
INSERT INTO FIDE_CUENTAS_AHORRO_TB (ID_AHORRO, ID_USUARIO, MONTO_APORTE, FECHA_APERTURA, ID_TIPO_AHORRO, SALDO_ACTUAL, ID_ESTADO) VALUES (199, 199, 47000, TO_DATE('2025-08-10', 'YYYY-MM-DD'), 1, 235000, 1);
INSERT INTO FIDE_CUENTAS_AHORRO_TB (ID_AHORRO, ID_USUARIO, MONTO_APORTE, FECHA_APERTURA, ID_TIPO_AHORRO, SALDO_ACTUAL, ID_ESTADO) VALUES (200, 200, 31000, TO_DATE('2025-08-15', 'YYYY-MM-DD'), 1, 155000, 1);
INSERT INTO FIDE_CUENTAS_AHORRO_TB (ID_AHORRO, ID_USUARIO, MONTO_APORTE, FECHA_APERTURA, ID_TIPO_AHORRO, SALDO_ACTUAL, ID_ESTADO) VALUES (201, 12, 15000, TO_DATE('2025-01-20', 'YYYY-MM-DD'), 2, 90000, 1);
INSERT INTO FIDE_CUENTAS_AHORRO_TB (ID_AHORRO, ID_USUARIO, MONTO_APORTE, FECHA_APERTURA, ID_TIPO_AHORRO, SALDO_ACTUAL, ID_ESTADO) VALUES (202, 45, 10000, TO_DATE('2025-01-22', 'YYYY-MM-DD'), 3, 60000, 1);
INSERT INTO FIDE_CUENTAS_AHORRO_TB (ID_AHORRO, ID_USUARIO, MONTO_APORTE, FECHA_APERTURA, ID_TIPO_AHORRO, SALDO_ACTUAL, ID_ESTADO) VALUES (203, 78, 20000, TO_DATE('2025-01-25', 'YYYY-MM-DD'), 4, 120000, 1);
INSERT INTO FIDE_CUENTAS_AHORRO_TB (ID_AHORRO, ID_USUARIO, MONTO_APORTE, FECHA_APERTURA, ID_TIPO_AHORRO, SALDO_ACTUAL, ID_ESTADO) VALUES (204, 3, 25000, TO_DATE('2025-02-01', 'YYYY-MM-DD'), 2, 125000, 1);
INSERT INTO FIDE_CUENTAS_AHORRO_TB (ID_AHORRO, ID_USUARIO, MONTO_APORTE, FECHA_APERTURA, ID_TIPO_AHORRO, SALDO_ACTUAL, ID_ESTADO) VALUES (205, 115, 12000, TO_DATE('2025-02-05', 'YYYY-MM-DD'), 3, 60000, 1);
INSERT INTO FIDE_CUENTAS_AHORRO_TB (ID_AHORRO, ID_USUARIO, MONTO_APORTE, FECHA_APERTURA, ID_TIPO_AHORRO, SALDO_ACTUAL, ID_ESTADO) VALUES (206, 156, 18000, TO_DATE('2025-02-10', 'YYYY-MM-DD'), 2, 90000, 1);
INSERT INTO FIDE_CUENTAS_AHORRO_TB (ID_AHORRO, ID_USUARIO, MONTO_APORTE, FECHA_APERTURA, ID_TIPO_AHORRO, SALDO_ACTUAL, ID_ESTADO) VALUES (207, 190, 30000, TO_DATE('2025-02-12', 'YYYY-MM-DD'), 4, 150000, 1);
INSERT INTO FIDE_CUENTAS_AHORRO_TB (ID_AHORRO, ID_USUARIO, MONTO_APORTE, FECHA_APERTURA, ID_TIPO_AHORRO, SALDO_ACTUAL, ID_ESTADO) VALUES (208, 25, 15000, TO_DATE('2025-02-15', 'YYYY-MM-DD'), 2, 75000, 1);
INSERT INTO FIDE_CUENTAS_AHORRO_TB (ID_AHORRO, ID_USUARIO, MONTO_APORTE, FECHA_APERTURA, ID_TIPO_AHORRO, SALDO_ACTUAL, ID_ESTADO) VALUES (209, 67, 10000, TO_DATE('2025-02-20', 'YYYY-MM-DD'), 3, 50000, 1);
INSERT INTO FIDE_CUENTAS_AHORRO_TB (ID_AHORRO, ID_USUARIO, MONTO_APORTE, FECHA_APERTURA, ID_TIPO_AHORRO, SALDO_ACTUAL, ID_ESTADO) VALUES (210, 89, 22000, TO_DATE('2025-02-22', 'YYYY-MM-DD'), 2, 110000, 1);
INSERT INTO FIDE_CUENTAS_AHORRO_TB (ID_AHORRO, ID_USUARIO, MONTO_APORTE, FECHA_APERTURA, ID_TIPO_AHORRO, SALDO_ACTUAL, ID_ESTADO) VALUES (211, 134, 14000, TO_DATE('2025-02-25', 'YYYY-MM-DD'), 4, 70000, 1);
INSERT INTO FIDE_CUENTAS_AHORRO_TB (ID_AHORRO, ID_USUARIO, MONTO_APORTE, FECHA_APERTURA, ID_TIPO_AHORRO, SALDO_ACTUAL, ID_ESTADO) VALUES (212, 172, 26000, TO_DATE('2025-03-01', 'YYYY-MM-DD'), 2, 104000, 1);
INSERT INTO FIDE_CUENTAS_AHORRO_TB (ID_AHORRO, ID_USUARIO, MONTO_APORTE, FECHA_APERTURA, ID_TIPO_AHORRO, SALDO_ACTUAL, ID_ESTADO) VALUES (213, 8, 11000, TO_DATE('2025-03-05', 'YYYY-MM-DD'), 3, 44000, 1);
INSERT INTO FIDE_CUENTAS_AHORRO_TB (ID_AHORRO, ID_USUARIO, MONTO_APORTE, FECHA_APERTURA, ID_TIPO_AHORRO, SALDO_ACTUAL, ID_ESTADO) VALUES (214, 52, 19000, TO_DATE('2025-03-10', 'YYYY-MM-DD'), 2, 76000, 1);
INSERT INTO FIDE_CUENTAS_AHORRO_TB (ID_AHORRO, ID_USUARIO, MONTO_APORTE, FECHA_APERTURA, ID_TIPO_AHORRO, SALDO_ACTUAL, ID_ESTADO) VALUES (215, 101, 35000, TO_DATE('2025-03-12', 'YYYY-MM-DD'), 4, 140000, 1);
INSERT INTO FIDE_CUENTAS_AHORRO_TB (ID_AHORRO, ID_USUARIO, MONTO_APORTE, FECHA_APERTURA, ID_TIPO_AHORRO, SALDO_ACTUAL, ID_ESTADO) VALUES (216, 147, 13000, TO_DATE('2025-03-15', 'YYYY-MM-DD'), 2, 52000, 1);
INSERT INTO FIDE_CUENTAS_AHORRO_TB (ID_AHORRO, ID_USUARIO, MONTO_APORTE, FECHA_APERTURA, ID_TIPO_AHORRO, SALDO_ACTUAL, ID_ESTADO) VALUES (217, 198, 16000, TO_DATE('2025-03-20', 'YYYY-MM-DD'), 3, 64000, 1);
INSERT INTO FIDE_CUENTAS_AHORRO_TB (ID_AHORRO, ID_USUARIO, MONTO_APORTE, FECHA_APERTURA, ID_TIPO_AHORRO, SALDO_ACTUAL, ID_ESTADO) VALUES (218, 14, 21000, TO_DATE('2025-03-22', 'YYYY-MM-DD'), 2, 84000, 1);
INSERT INTO FIDE_CUENTAS_AHORRO_TB (ID_AHORRO, ID_USUARIO, MONTO_APORTE, FECHA_APERTURA, ID_TIPO_AHORRO, SALDO_ACTUAL, ID_ESTADO) VALUES (219, 61, 28000, TO_DATE('2025-03-25', 'YYYY-MM-DD'), 4, 112000, 1);
INSERT INTO FIDE_CUENTAS_AHORRO_TB (ID_AHORRO, ID_USUARIO, MONTO_APORTE, FECHA_APERTURA, ID_TIPO_AHORRO, SALDO_ACTUAL, ID_ESTADO) VALUES (220, 122, 17000, TO_DATE('2025-03-28', 'YYYY-MM-DD'), 2, 68000, 1);
INSERT INTO FIDE_CUENTAS_AHORRO_TB (ID_AHORRO, ID_USUARIO, MONTO_APORTE, FECHA_APERTURA, ID_TIPO_AHORRO, SALDO_ACTUAL, ID_ESTADO) VALUES (221, 185, 12000, TO_DATE('2025-04-01', 'YYYY-MM-DD'), 3, 36000, 1);
INSERT INTO FIDE_CUENTAS_AHORRO_TB (ID_AHORRO, ID_USUARIO, MONTO_APORTE, FECHA_APERTURA, ID_TIPO_AHORRO, SALDO_ACTUAL, ID_ESTADO) VALUES (222, 33, 24000, TO_DATE('2025-04-05', 'YYYY-MM-DD'), 2, 72000, 1);
INSERT INTO FIDE_CUENTAS_AHORRO_TB (ID_AHORRO, ID_USUARIO, MONTO_APORTE, FECHA_APERTURA, ID_TIPO_AHORRO, SALDO_ACTUAL, ID_ESTADO) VALUES (223, 76, 40000, TO_DATE('2025-04-10', 'YYYY-MM-DD'), 4, 120000, 1);
INSERT INTO FIDE_CUENTAS_AHORRO_TB (ID_AHORRO, ID_USUARIO, MONTO_APORTE, FECHA_APERTURA, ID_TIPO_AHORRO, SALDO_ACTUAL, ID_ESTADO) VALUES (224, 140, 15000, TO_DATE('2025-04-12', 'YYYY-MM-DD'), 2, 45000, 1);
INSERT INTO FIDE_CUENTAS_AHORRO_TB (ID_AHORRO, ID_USUARIO, MONTO_APORTE, FECHA_APERTURA, ID_TIPO_AHORRO, SALDO_ACTUAL, ID_ESTADO) VALUES (225, 195, 11000, TO_DATE('2025-04-15', 'YYYY-MM-DD'), 3, 33000, 1);
INSERT INTO FIDE_CUENTAS_AHORRO_TB (ID_AHORRO, ID_USUARIO, MONTO_APORTE, FECHA_APERTURA, ID_TIPO_AHORRO, SALDO_ACTUAL, ID_ESTADO) VALUES (226, 2, 27000, TO_DATE('2025-04-20', 'YYYY-MM-DD'), 2, 81000, 1);
INSERT INTO FIDE_CUENTAS_AHORRO_TB (ID_AHORRO, ID_USUARIO, MONTO_APORTE, FECHA_APERTURA, ID_TIPO_AHORRO, SALDO_ACTUAL, ID_ESTADO) VALUES (227, 49, 32000, TO_DATE('2025-04-25', 'YYYY-MM-DD'), 4, 96000, 1);
INSERT INTO FIDE_CUENTAS_AHORRO_TB (ID_AHORRO, ID_USUARIO, MONTO_APORTE, FECHA_APERTURA, ID_TIPO_AHORRO, SALDO_ACTUAL, ID_ESTADO) VALUES (228, 93, 13000, TO_DATE('2025-05-01', 'YYYY-MM-DD'), 2, 26000, 1);
INSERT INTO FIDE_CUENTAS_AHORRO_TB (ID_AHORRO, ID_USUARIO, MONTO_APORTE, FECHA_APERTURA, ID_TIPO_AHORRO, SALDO_ACTUAL, ID_ESTADO) VALUES (229, 137, 19000, TO_DATE('2025-05-05', 'YYYY-MM-DD'), 3, 38000, 1);
INSERT INTO FIDE_CUENTAS_AHORRO_TB (ID_AHORRO, ID_USUARIO, MONTO_APORTE, FECHA_APERTURA, ID_TIPO_AHORRO, SALDO_ACTUAL, ID_ESTADO) VALUES (230, 180, 25000, TO_DATE('2025-05-10', 'YYYY-MM-DD'), 2, 50000, 1);
INSERT INTO FIDE_CUENTAS_AHORRO_TB (ID_AHORRO, ID_USUARIO, MONTO_APORTE, FECHA_APERTURA, ID_TIPO_AHORRO, SALDO_ACTUAL, ID_ESTADO) VALUES (231, 10, 36000, TO_DATE('2025-05-12', 'YYYY-MM-DD'), 4, 72000, 1);
INSERT INTO FIDE_CUENTAS_AHORRO_TB (ID_AHORRO, ID_USUARIO, MONTO_APORTE, FECHA_APERTURA, ID_TIPO_AHORRO, SALDO_ACTUAL, ID_ESTADO) VALUES (232, 58, 14000, TO_DATE('2025-05-15', 'YYYY-MM-DD'), 2, 28000, 1);
INSERT INTO FIDE_CUENTAS_AHORRO_TB (ID_AHORRO, ID_USUARIO, MONTO_APORTE, FECHA_APERTURA, ID_TIPO_AHORRO, SALDO_ACTUAL, ID_ESTADO) VALUES (233, 106, 11000, TO_DATE('2025-05-20', 'YYYY-MM-DD'), 3, 22000, 1);
INSERT INTO FIDE_CUENTAS_AHORRO_TB (ID_AHORRO, ID_USUARIO, MONTO_APORTE, FECHA_APERTURA, ID_TIPO_AHORRO, SALDO_ACTUAL, ID_ESTADO) VALUES (234, 150, 28000, TO_DATE('2025-05-25', 'YYYY-MM-DD'), 2, 56000, 1);
INSERT INTO FIDE_CUENTAS_AHORRO_TB (ID_AHORRO, ID_USUARIO, MONTO_APORTE, FECHA_APERTURA, ID_TIPO_AHORRO, SALDO_ACTUAL, ID_ESTADO) VALUES (235, 194, 45000, TO_DATE('2025-06-01', 'YYYY-MM-DD'), 4, 45000, 1);
INSERT INTO FIDE_CUENTAS_AHORRO_TB (ID_AHORRO, ID_USUARIO, MONTO_APORTE, FECHA_APERTURA, ID_TIPO_AHORRO, SALDO_ACTUAL, ID_ESTADO) VALUES (236, 17, 16000, TO_DATE('2025-06-05', 'YYYY-MM-DD'), 2, 16000, 1);
INSERT INTO FIDE_CUENTAS_AHORRO_TB (ID_AHORRO, ID_USUARIO, MONTO_APORTE, FECHA_APERTURA, ID_TIPO_AHORRO, SALDO_ACTUAL, ID_ESTADO) VALUES (237, 65, 10000, TO_DATE('2025-06-10', 'YYYY-MM-DD'), 3, 10000, 1);
INSERT INTO FIDE_CUENTAS_AHORRO_TB (ID_AHORRO, ID_USUARIO, MONTO_APORTE, FECHA_APERTURA, ID_TIPO_AHORRO, SALDO_ACTUAL, ID_ESTADO) VALUES (238, 110, 23000, TO_DATE('2025-06-15', 'YYYY-MM-DD'), 2, 23000, 1);
INSERT INTO FIDE_CUENTAS_AHORRO_TB (ID_AHORRO, ID_USUARIO, MONTO_APORTE, FECHA_APERTURA, ID_TIPO_AHORRO, SALDO_ACTUAL, ID_ESTADO) VALUES (239, 154, 38000, TO_DATE('2025-06-20', 'YYYY-MM-DD'), 4, 38000, 1);
INSERT INTO FIDE_CUENTAS_AHORRO_TB (ID_AHORRO, ID_USUARIO, MONTO_APORTE, FECHA_APERTURA, ID_TIPO_AHORRO, SALDO_ACTUAL, ID_ESTADO) VALUES (240, 199, 14000, TO_DATE('2025-06-25', 'YYYY-MM-DD'), 2, 14000, 1);
INSERT INTO FIDE_CUENTAS_AHORRO_TB (ID_AHORRO, ID_USUARIO, MONTO_APORTE, FECHA_APERTURA, ID_TIPO_AHORRO, SALDO_ACTUAL, ID_ESTADO) VALUES (241, 5, 12000, TO_DATE('2025-07-01', 'YYYY-MM-DD'), 3, 12000, 1);
INSERT INTO FIDE_CUENTAS_AHORRO_TB (ID_AHORRO, ID_USUARIO, MONTO_APORTE, FECHA_APERTURA, ID_TIPO_AHORRO, SALDO_ACTUAL, ID_ESTADO) VALUES (242, 42, 29000, TO_DATE('2025-07-05', 'YYYY-MM-DD'), 2, 29000, 1);
INSERT INTO FIDE_CUENTAS_AHORRO_TB (ID_AHORRO, ID_USUARIO, MONTO_APORTE, FECHA_APERTURA, ID_TIPO_AHORRO, SALDO_ACTUAL, ID_ESTADO) VALUES (243, 85, 50000, TO_DATE('2025-07-10', 'YYYY-MM-DD'), 4, 50000, 1);
INSERT INTO FIDE_CUENTAS_AHORRO_TB (ID_AHORRO, ID_USUARIO, MONTO_APORTE, FECHA_APERTURA, ID_TIPO_AHORRO, SALDO_ACTUAL, ID_ESTADO) VALUES (244, 128, 17000, TO_DATE('2025-07-15', 'YYYY-MM-DD'), 2, 17000, 1);
INSERT INTO FIDE_CUENTAS_AHORRO_TB (ID_AHORRO, ID_USUARIO, MONTO_APORTE, FECHA_APERTURA, ID_TIPO_AHORRO, SALDO_ACTUAL, ID_ESTADO) VALUES (245, 171, 13000, TO_DATE('2025-07-20', 'YYYY-MM-DD'), 3, 13000, 1);
INSERT INTO FIDE_CUENTAS_AHORRO_TB (ID_AHORRO, ID_USUARIO, MONTO_APORTE, FECHA_APERTURA, ID_TIPO_AHORRO, SALDO_ACTUAL, ID_ESTADO) VALUES (246, 11, 26000, TO_DATE('2025-07-25', 'YYYY-MM-DD'), 2, 26000, 1);
INSERT INTO FIDE_CUENTAS_AHORRO_TB (ID_AHORRO, ID_USUARIO, MONTO_APORTE, FECHA_APERTURA, ID_TIPO_AHORRO, SALDO_ACTUAL, ID_ESTADO) VALUES (247, 56, 42000, TO_DATE('2025-08-01', 'YYYY-MM-DD'), 4, 42000, 1);
INSERT INTO FIDE_CUENTAS_AHORRO_TB (ID_AHORRO, ID_USUARIO, MONTO_APORTE, FECHA_APERTURA, ID_TIPO_AHORRO, SALDO_ACTUAL, ID_ESTADO) VALUES (248, 99, 15000, TO_DATE('2025-08-05', 'YYYY-MM-DD'), 2, 15000, 1);
INSERT INTO FIDE_CUENTAS_AHORRO_TB (ID_AHORRO, ID_USUARIO, MONTO_APORTE, FECHA_APERTURA, ID_TIPO_AHORRO, SALDO_ACTUAL, ID_ESTADO) VALUES (249, 143, 10000, TO_DATE('2025-08-10', 'YYYY-MM-DD'), 3, 10000, 1);
INSERT INTO FIDE_CUENTAS_AHORRO_TB (ID_AHORRO, ID_USUARIO, MONTO_APORTE, FECHA_APERTURA, ID_TIPO_AHORRO, SALDO_ACTUAL, ID_ESTADO) VALUES (250, 187, 24000, TO_DATE('2025-08-12', 'YYYY-MM-DD'), 2, 24000, 1);
SELECT * FROM FIDE_CUENTAS_AHORRO_TB;

-- Inserts Tabla FIDE_MOVIMIENTOS_AHORRO_TB
INSERT INTO FIDE_MOVIMIENTOS_AHORRO_TB (ID_MOVIMIENTO, ID_AHORRO, ID_TRANSACCION, MONTO, FECHA_DEPOSITO) VALUES (1, 101, 2, 15000.00, TO_DATE('2025-01-10','YYYY-MM-DD'));
INSERT INTO FIDE_MOVIMIENTOS_AHORRO_TB (ID_MOVIMIENTO, ID_AHORRO, ID_TRANSACCION, MONTO, FECHA_DEPOSITO) VALUES (2, 204, 6, 22000.00, TO_DATE('2025-01-15','YYYY-MM-DD'));
INSERT INTO FIDE_MOVIMIENTOS_AHORRO_TB (ID_MOVIMIENTO, ID_AHORRO, ID_TRANSACCION, MONTO, FECHA_DEPOSITO) VALUES (3, 5, 8, 18000.00, TO_DATE('2025-01-18','YYYY-MM-DD'));
INSERT INTO FIDE_MOVIMIENTOS_AHORRO_TB (ID_MOVIMIENTO, ID_AHORRO, ID_TRANSACCION, MONTO, FECHA_DEPOSITO) VALUES (4, 107, 16, 25000.00, TO_DATE('2025-01-25','YYYY-MM-DD'));
INSERT INTO FIDE_MOVIMIENTOS_AHORRO_TB (ID_MOVIMIENTO, ID_AHORRO, ID_TRANSACCION, MONTO, FECHA_DEPOSITO) VALUES (5, 209, 18, 30000.00, TO_DATE('2025-02-01','YYYY-MM-DD'));
INSERT INTO FIDE_MOVIMIENTOS_AHORRO_TB (ID_MOVIMIENTO, ID_AHORRO, ID_TRANSACCION, MONTO, FECHA_DEPOSITO) VALUES (6, 11, 20, 27500.00, TO_DATE('2025-02-05','YYYY-MM-DD'));
INSERT INTO FIDE_MOVIMIENTOS_AHORRO_TB (ID_MOVIMIENTO, ID_AHORRO, ID_TRANSACCION, MONTO, FECHA_DEPOSITO) VALUES (7, 213, 26, 19000.00, TO_DATE('2025-02-10','YYYY-MM-DD'));
INSERT INTO FIDE_MOVIMIENTOS_AHORRO_TB (ID_MOVIMIENTO, ID_AHORRO, ID_TRANSACCION, MONTO, FECHA_DEPOSITO) VALUES (8, 115, 28, 34000.00, TO_DATE('2025-02-14','YYYY-MM-DD'));
INSERT INTO FIDE_MOVIMIENTOS_AHORRO_TB (ID_MOVIMIENTO, ID_AHORRO, ID_TRANSACCION, MONTO, FECHA_DEPOSITO) VALUES (9, 17, 30, 21000.00, TO_DATE('2025-02-18','YYYY-MM-DD'));
INSERT INTO FIDE_MOVIMIENTOS_AHORRO_TB (ID_MOVIMIENTO, ID_AHORRO, ID_TRANSACCION, MONTO, FECHA_DEPOSITO) VALUES (10, 19, 33, 26000.00, TO_DATE('2025-02-22','YYYY-MM-DD'));
INSERT INTO FIDE_MOVIMIENTOS_AHORRO_TB (ID_MOVIMIENTO, ID_AHORRO, ID_TRANSACCION, MONTO, FECHA_DEPOSITO) VALUES (11, 221, 38, 32000.00, TO_DATE('2025-02-26','YYYY-MM-DD'));
INSERT INTO FIDE_MOVIMIENTOS_AHORRO_TB (ID_MOVIMIENTO, ID_AHORRO, ID_TRANSACCION, MONTO, FECHA_DEPOSITO) VALUES (12, 123, 46, 28000.00, TO_DATE('2025-03-03','YYYY-MM-DD'));
INSERT INTO FIDE_MOVIMIENTOS_AHORRO_TB (ID_MOVIMIENTO, ID_AHORRO, ID_TRANSACCION, MONTO, FECHA_DEPOSITO) VALUES (13, 25, 50, 15000.00, TO_DATE('2025-03-07','YYYY-MM-DD'));
INSERT INTO FIDE_MOVIMIENTOS_AHORRO_TB (ID_MOVIMIENTO, ID_AHORRO, ID_TRANSACCION, MONTO, FECHA_DEPOSITO) VALUES (14, 27, 58, 36000.00, TO_DATE('2025-03-12','YYYY-MM-DD'));
INSERT INTO FIDE_MOVIMIENTOS_AHORRO_TB (ID_MOVIMIENTO, ID_AHORRO, ID_TRANSACCION, MONTO, FECHA_DEPOSITO) VALUES (15, 229, 60, 29500.00, TO_DATE('2025-03-16','YYYY-MM-DD'));
INSERT INTO FIDE_MOVIMIENTOS_AHORRO_TB (ID_MOVIMIENTO, ID_AHORRO, ID_TRANSACCION, MONTO, FECHA_DEPOSITO) VALUES (16, 231, 66, 41000.00, TO_DATE('2025-03-20','YYYY-MM-DD'));
INSERT INTO FIDE_MOVIMIENTOS_AHORRO_TB (ID_MOVIMIENTO, ID_AHORRO, ID_TRANSACCION, MONTO, FECHA_DEPOSITO) VALUES (17, 133, 70, 18500.00, TO_DATE('2025-03-24','YYYY-MM-DD'));
INSERT INTO FIDE_MOVIMIENTOS_AHORRO_TB (ID_MOVIMIENTO, ID_AHORRO, ID_TRANSACCION, MONTO, FECHA_DEPOSITO) VALUES (18, 235, 73, 22500.00, TO_DATE('2025-03-28','YYYY-MM-DD'));
INSERT INTO FIDE_MOVIMIENTOS_AHORRO_TB (ID_MOVIMIENTO, ID_AHORRO, ID_TRANSACCION, MONTO, FECHA_DEPOSITO) VALUES (19, 137, 76, 39000.00, TO_DATE('2025-04-02','YYYY-MM-DD'));
INSERT INTO FIDE_MOVIMIENTOS_AHORRO_TB (ID_MOVIMIENTO, ID_AHORRO, ID_TRANSACCION, MONTO, FECHA_DEPOSITO) VALUES (20, 139, 78, 27000.00, TO_DATE('2025-04-06','YYYY-MM-DD'));
INSERT INTO FIDE_MOVIMIENTOS_AHORRO_TB (ID_MOVIMIENTO, ID_AHORRO, ID_TRANSACCION, MONTO, FECHA_DEPOSITO) VALUES (21, 41, 80, 31000.00, TO_DATE('2025-04-10','YYYY-MM-DD'));
INSERT INTO FIDE_MOVIMIENTOS_AHORRO_TB (ID_MOVIMIENTO, ID_AHORRO, ID_TRANSACCION, MONTO, FECHA_DEPOSITO) VALUES (22, 43, 86, 20500.00, TO_DATE('2025-04-15','YYYY-MM-DD'));
INSERT INTO FIDE_MOVIMIENTOS_AHORRO_TB (ID_MOVIMIENTO, ID_AHORRO, ID_TRANSACCION, MONTO, FECHA_DEPOSITO) VALUES (23, 45, 90, 45000.00, TO_DATE('2025-04-20','YYYY-MM-DD'));
INSERT INTO FIDE_MOVIMIENTOS_AHORRO_TB (ID_MOVIMIENTO, ID_AHORRO, ID_TRANSACCION, MONTO, FECHA_DEPOSITO) VALUES (24, 147, 93, 17000.00, TO_DATE('2025-04-25','YYYY-MM-DD'));
INSERT INTO FIDE_MOVIMIENTOS_AHORRO_TB (ID_MOVIMIENTO, ID_AHORRO, ID_TRANSACCION, MONTO, FECHA_DEPOSITO) VALUES (25, 149, 96, 26000.00, TO_DATE('2025-04-29','YYYY-MM-DD'));
INSERT INTO FIDE_MOVIMIENTOS_AHORRO_TB (ID_MOVIMIENTO, ID_AHORRO, ID_TRANSACCION, MONTO, FECHA_DEPOSITO) VALUES (26, 102, 98, 33000.00, TO_DATE('2025-05-03','YYYY-MM-DD'));
INSERT INTO FIDE_MOVIMIENTOS_AHORRO_TB (ID_MOVIMIENTO, ID_AHORRO, ID_TRANSACCION, MONTO, FECHA_DEPOSITO) VALUES (27, 104, 100, 29000.00, TO_DATE('2025-05-07','YYYY-MM-DD'));
INSERT INTO FIDE_MOVIMIENTOS_AHORRO_TB (ID_MOVIMIENTO, ID_AHORRO, ID_TRANSACCION, MONTO, FECHA_DEPOSITO) VALUES (28, 206, 106, 35500.00, TO_DATE('2025-05-12','YYYY-MM-DD'));
INSERT INTO FIDE_MOVIMIENTOS_AHORRO_TB (ID_MOVIMIENTO, ID_AHORRO, ID_TRANSACCION, MONTO, FECHA_DEPOSITO) VALUES (29, 208, 110, 41000.00, TO_DATE('2025-05-16','YYYY-MM-DD'));
INSERT INTO FIDE_MOVIMIENTOS_AHORRO_TB (ID_MOVIMIENTO, ID_AHORRO, ID_TRANSACCION, MONTO, FECHA_DEPOSITO) VALUES (30, 10, 116, 24000.00, TO_DATE('2025-05-20','YYYY-MM-DD'));
INSERT INTO FIDE_MOVIMIENTOS_AHORRO_TB (ID_MOVIMIENTO, ID_AHORRO, ID_TRANSACCION, MONTO, FECHA_DEPOSITO) VALUES (31, 12, 118, 31500.00, TO_DATE('2025-05-24','YYYY-MM-DD'));
INSERT INTO FIDE_MOVIMIENTOS_AHORRO_TB (ID_MOVIMIENTO, ID_AHORRO, ID_TRANSACCION, MONTO, FECHA_DEPOSITO) VALUES (32, 214, 120, 28000.00, TO_DATE('2025-05-28','YYYY-MM-DD'));
INSERT INTO FIDE_MOVIMIENTOS_AHORRO_TB (ID_MOVIMIENTO, ID_AHORRO, ID_TRANSACCION, MONTO, FECHA_DEPOSITO) VALUES (33, 116, 126, 36500.00, TO_DATE('2025-06-02','YYYY-MM-DD'));
INSERT INTO FIDE_MOVIMIENTOS_AHORRO_TB (ID_MOVIMIENTO, ID_AHORRO, ID_TRANSACCION, MONTO, FECHA_DEPOSITO) VALUES (34, 218, 128, 19500.00, TO_DATE('2025-06-06','YYYY-MM-DD'));
INSERT INTO FIDE_MOVIMIENTOS_AHORRO_TB (ID_MOVIMIENTO, ID_AHORRO, ID_TRANSACCION, MONTO, FECHA_DEPOSITO) VALUES (35, 120, 130, 42000.00, TO_DATE('2025-06-10','YYYY-MM-DD'));
INSERT INTO FIDE_MOVIMIENTOS_AHORRO_TB (ID_MOVIMIENTO, ID_AHORRO, ID_TRANSACCION, MONTO, FECHA_DEPOSITO) VALUES (36, 222, 136, 30500.00, TO_DATE('2025-06-14','YYYY-MM-DD'));
INSERT INTO FIDE_MOVIMIENTOS_AHORRO_TB (ID_MOVIMIENTO, ID_AHORRO, ID_TRANSACCION, MONTO, FECHA_DEPOSITO) VALUES (37, 24, 138, 27500.00, TO_DATE('2025-06-18','YYYY-MM-DD'));
INSERT INTO FIDE_MOVIMIENTOS_AHORRO_TB (ID_MOVIMIENTO, ID_AHORRO, ID_TRANSACCION, MONTO, FECHA_DEPOSITO) VALUES (38, 26, 140, 36000.00, TO_DATE('2025-06-22','YYYY-MM-DD'));
INSERT INTO FIDE_MOVIMIENTOS_AHORRO_TB (ID_MOVIMIENTO, ID_AHORRO, ID_TRANSACCION, MONTO, FECHA_DEPOSITO) VALUES (39, 28, 146, 22500.00, TO_DATE('2025-06-26','YYYY-MM-DD'));
INSERT INTO FIDE_MOVIMIENTOS_AHORRO_TB (ID_MOVIMIENTO, ID_AHORRO, ID_TRANSACCION, MONTO, FECHA_DEPOSITO) VALUES (40, 130, 148, 39500.00, TO_DATE('2025-06-30','YYYY-MM-DD'));
INSERT INTO FIDE_MOVIMIENTOS_AHORRO_TB (ID_MOVIMIENTO, ID_AHORRO, ID_TRANSACCION, MONTO, FECHA_DEPOSITO) VALUES (41, 132, 150, 26000.00, TO_DATE('2025-07-04','YYYY-MM-DD'));
INSERT INTO FIDE_MOVIMIENTOS_AHORRO_TB (ID_MOVIMIENTO, ID_AHORRO, ID_TRANSACCION, MONTO, FECHA_DEPOSITO) VALUES (42, 134, 156, 41500.00, TO_DATE('2025-07-08','YYYY-MM-DD'));
INSERT INTO FIDE_MOVIMIENTOS_AHORRO_TB (ID_MOVIMIENTO, ID_AHORRO, ID_TRANSACCION, MONTO, FECHA_DEPOSITO) VALUES (43, 236, 158, 28500.00, TO_DATE('2025-07-12','YYYY-MM-DD'));
INSERT INTO FIDE_MOVIMIENTOS_AHORRO_TB (ID_MOVIMIENTO, ID_AHORRO, ID_TRANSACCION, MONTO, FECHA_DEPOSITO) VALUES (44, 238, 160, 34500.00, TO_DATE('2025-07-16','YYYY-MM-DD'));
INSERT INTO FIDE_MOVIMIENTOS_AHORRO_TB (ID_MOVIMIENTO, ID_AHORRO, ID_TRANSACCION, MONTO, FECHA_DEPOSITO) VALUES (45, 140, 166, 21000.00, TO_DATE('2025-07-20','YYYY-MM-DD'));
INSERT INTO FIDE_MOVIMIENTOS_AHORRO_TB (ID_MOVIMIENTO, ID_AHORRO, ID_TRANSACCION, MONTO, FECHA_DEPOSITO) VALUES (46, 42, 168, 37500.00, TO_DATE('2025-07-24','YYYY-MM-DD'));
INSERT INTO FIDE_MOVIMIENTOS_AHORRO_TB (ID_MOVIMIENTO, ID_AHORRO, ID_TRANSACCION, MONTO, FECHA_DEPOSITO) VALUES (47, 44, 170, 29500.00, TO_DATE('2025-07-28','YYYY-MM-DD'));
INSERT INTO FIDE_MOVIMIENTOS_AHORRO_TB (ID_MOVIMIENTO, ID_AHORRO, ID_TRANSACCION, MONTO, FECHA_DEPOSITO) VALUES (48, 46, 176, 40500.00, TO_DATE('2025-08-01','YYYY-MM-DD'));
INSERT INTO FIDE_MOVIMIENTOS_AHORRO_TB (ID_MOVIMIENTO, ID_AHORRO, ID_TRANSACCION, MONTO, FECHA_DEPOSITO) VALUES (49, 148, 178, 25000.00, TO_DATE('2025-08-05','YYYY-MM-DD'));
INSERT INTO FIDE_MOVIMIENTOS_AHORRO_TB (ID_MOVIMIENTO, ID_AHORRO, ID_TRANSACCION, MONTO, FECHA_DEPOSITO) VALUES (50, 150, 180, 33000.00, TO_DATE('2025-08-09','YYYY-MM-DD'));
INSERT INTO FIDE_MOVIMIENTOS_AHORRO_TB (ID_MOVIMIENTO, ID_AHORRO, ID_TRANSACCION, MONTO, FECHA_DEPOSITO) VALUES (51, 201, 186, 29000.00, TO_DATE('2025-08-13','YYYY-MM-DD'));
INSERT INTO FIDE_MOVIMIENTOS_AHORRO_TB (ID_MOVIMIENTO, ID_AHORRO, ID_TRANSACCION, MONTO, FECHA_DEPOSITO) VALUES (52, 203, 188, 35500.00, TO_DATE('2025-08-17','YYYY-MM-DD'));
INSERT INTO FIDE_MOVIMIENTOS_AHORRO_TB (ID_MOVIMIENTO, ID_AHORRO, ID_TRANSACCION, MONTO, FECHA_DEPOSITO) VALUES (53, 105, 190, 31000.00, TO_DATE('2025-08-21','YYYY-MM-DD'));
INSERT INTO FIDE_MOVIMIENTOS_AHORRO_TB (ID_MOVIMIENTO, ID_AHORRO, ID_TRANSACCION, MONTO, FECHA_DEPOSITO) VALUES (54, 207, 196, 42000.00, TO_DATE('2025-08-25','YYYY-MM-DD'));
INSERT INTO FIDE_MOVIMIENTOS_AHORRO_TB (ID_MOVIMIENTO, ID_AHORRO, ID_TRANSACCION, MONTO, FECHA_DEPOSITO) VALUES (55, 109, 198, 27500.00, TO_DATE('2025-08-29','YYYY-MM-DD'));
INSERT INTO FIDE_MOVIMIENTOS_AHORRO_TB (ID_MOVIMIENTO, ID_AHORRO, ID_TRANSACCION, MONTO, FECHA_DEPOSITO) VALUES (56, 111, 200, 36000.00, TO_DATE('2025-09-02','YYYY-MM-DD'));
SELECT * FROM FIDE_MOVIMIENTOS_AHORRO_TB;

-- Inserts Tabla FIDE_PRESTAMO_TB
INSERT INTO FIDE_PRESTAMO_TB (ID_PRESTAMO, ID_USUARIO, MONTO_SOLICITADO, FECHA_APROBACION, SALDO_PENDIENTE, ID_ESTADO, TASA_INTERESES, PLAZO_MESES) VALUES (1, 3, 150000.00, TO_DATE('2025-01-12', 'YYYY-MM-DD'), 120000.00, 9, 12.50, 12);
INSERT INTO FIDE_PRESTAMO_TB (ID_PRESTAMO, ID_USUARIO, MONTO_SOLICITADO, FECHA_APROBACION, SALDO_PENDIENTE, ID_ESTADO, TASA_INTERESES, PLAZO_MESES) VALUES (2, 4, 500000.00, TO_DATE('2025-01-15', 'YYYY-MM-DD'), 480000.00, 9, 15.00, 24);
INSERT INTO FIDE_PRESTAMO_TB (ID_PRESTAMO, ID_USUARIO, MONTO_SOLICITADO, FECHA_APROBACION, SALDO_PENDIENTE, ID_ESTADO, TASA_INTERESES, PLAZO_MESES) VALUES (3, 7, 85000.00, TO_DATE('2025-01-22', 'YYYY-MM-DD'), 70000.00, 9, 10.00, 6);
INSERT INTO FIDE_PRESTAMO_TB (ID_PRESTAMO, ID_USUARIO, MONTO_SOLICITADO, FECHA_APROBACION, SALDO_PENDIENTE, ID_ESTADO, TASA_INTERESES, PLAZO_MESES) VALUES (4, 12, 120000.00, TO_DATE('2025-02-05', 'YYYY-MM-DD'), 100000.00, 9, 12.00, 12);
INSERT INTO FIDE_PRESTAMO_TB (ID_PRESTAMO, ID_USUARIO, MONTO_SOLICITADO, FECHA_APROBACION, SALDO_PENDIENTE, ID_ESTADO, TASA_INTERESES, PLAZO_MESES) VALUES (5, 14, 800000.00, TO_DATE('2025-02-12', 'YYYY-MM-DD'), 750000.00, 9, 16.50, 36);
INSERT INTO FIDE_PRESTAMO_TB (ID_PRESTAMO, ID_USUARIO, MONTO_SOLICITADO, FECHA_APROBACION, SALDO_PENDIENTE, ID_ESTADO, TASA_INTERESES, PLAZO_MESES) VALUES (6, 17, 65000.00, TO_DATE('2025-02-22', 'YYYY-MM-DD'), 50000.00, 9, 11.00, 6);
INSERT INTO FIDE_PRESTAMO_TB (ID_PRESTAMO, ID_USUARIO, MONTO_SOLICITADO, FECHA_APROBACION, SALDO_PENDIENTE, ID_ESTADO, TASA_INTERESES, PLAZO_MESES) VALUES (7, 22, 95000.00, TO_DATE('2025-03-05', 'YYYY-MM-DD'), 80000.00, 9, 11.50, 12);
INSERT INTO FIDE_PRESTAMO_TB (ID_PRESTAMO, ID_USUARIO, MONTO_SOLICITADO, FECHA_APROBACION, SALDO_PENDIENTE, ID_ESTADO, TASA_INTERESES, PLAZO_MESES) VALUES (8, 24, 350000.00, TO_DATE('2025-03-12', 'YYYY-MM-DD'), 320000.00, 9, 14.00, 24);
INSERT INTO FIDE_PRESTAMO_TB (ID_PRESTAMO, ID_USUARIO, MONTO_SOLICITADO, FECHA_APROBACION, SALDO_PENDIENTE, ID_ESTADO, TASA_INTERESES, PLAZO_MESES) VALUES (9, 27, 75000.00, TO_DATE('2025-03-22', 'YYYY-MM-DD'), 60000.00, 9, 10.50, 6);
INSERT INTO FIDE_PRESTAMO_TB (ID_PRESTAMO, ID_USUARIO, MONTO_SOLICITADO, FECHA_APROBACION, SALDO_PENDIENTE, ID_ESTADO, TASA_INTERESES, PLAZO_MESES) VALUES (10, 32, 110000.00, TO_DATE('2025-04-05', 'YYYY-MM-DD'), 90000.00, 9, 12.00, 12);
INSERT INTO FIDE_PRESTAMO_TB (ID_PRESTAMO, ID_USUARIO, MONTO_SOLICITADO, FECHA_APROBACION, SALDO_PENDIENTE, ID_ESTADO, TASA_INTERESES, PLAZO_MESES) VALUES (11, 34, 600000.00, TO_DATE('2025-04-14', 'YYYY-MM-DD'), 550000.00, 9, 15.50, 36);
INSERT INTO FIDE_PRESTAMO_TB (ID_PRESTAMO, ID_USUARIO, MONTO_SOLICITADO, FECHA_APROBACION, SALDO_PENDIENTE, ID_ESTADO, TASA_INTERESES, PLAZO_MESES) VALUES (12, 37, 95000.00, TO_DATE('2025-04-22', 'YYYY-MM-DD'), 80000.00, 9, 11.50, 12);
INSERT INTO FIDE_PRESTAMO_TB (ID_PRESTAMO, ID_USUARIO, MONTO_SOLICITADO, FECHA_APROBACION, SALDO_PENDIENTE, ID_ESTADO, TASA_INTERESES, PLAZO_MESES) VALUES (13, 42, 130000.00, TO_DATE('2025-05-05', 'YYYY-MM-DD'), 110000.00, 9, 12.50, 18);
INSERT INTO FIDE_PRESTAMO_TB (ID_PRESTAMO, ID_USUARIO, MONTO_SOLICITADO, FECHA_APROBACION, SALDO_PENDIENTE, ID_ESTADO, TASA_INTERESES, PLAZO_MESES) VALUES (14, 44, 450000.00, TO_DATE('2025-05-12', 'YYYY-MM-DD'), 420000.00, 9, 14.50, 24);
INSERT INTO FIDE_PRESTAMO_TB (ID_PRESTAMO, ID_USUARIO, MONTO_SOLICITADO, FECHA_APROBACION, SALDO_PENDIENTE, ID_ESTADO, TASA_INTERESES, PLAZO_MESES) VALUES (15, 47, 85000.00, TO_DATE('2025-05-22', 'YYYY-MM-DD'), 70000.00, 9, 10.00, 6);
INSERT INTO FIDE_PRESTAMO_TB (ID_PRESTAMO, ID_USUARIO, MONTO_SOLICITADO, FECHA_APROBACION, SALDO_PENDIENTE, ID_ESTADO, TASA_INTERESES, PLAZO_MESES) VALUES (16, 52, 105000.00, TO_DATE('2025-06-05', 'YYYY-MM-DD'), 85000.00, 9, 11.00, 12);
INSERT INTO FIDE_PRESTAMO_TB (ID_PRESTAMO, ID_USUARIO, MONTO_SOLICITADO, FECHA_APROBACION, SALDO_PENDIENTE, ID_ESTADO, TASA_INTERESES, PLAZO_MESES) VALUES (17, 54, 900000.00, TO_DATE('2025-06-12', 'YYYY-MM-DD'), 850000.00, 9, 17.00, 48);
INSERT INTO FIDE_PRESTAMO_TB (ID_PRESTAMO, ID_USUARIO, MONTO_SOLICITADO, FECHA_APROBACION, SALDO_PENDIENTE, ID_ESTADO, TASA_INTERESES, PLAZO_MESES) VALUES (18, 57, 75000.00, TO_DATE('2025-06-22', 'YYYY-MM-DD'), 60000.00, 9, 10.50, 6);
INSERT INTO FIDE_PRESTAMO_TB (ID_PRESTAMO, ID_USUARIO, MONTO_SOLICITADO, FECHA_APROBACION, SALDO_PENDIENTE, ID_ESTADO, TASA_INTERESES, PLAZO_MESES) VALUES (19, 62, 140000.00, TO_DATE('2025-07-05', 'YYYY-MM-DD'), 120000.00, 9, 13.00, 18);
INSERT INTO FIDE_PRESTAMO_TB (ID_PRESTAMO, ID_USUARIO, MONTO_SOLICITADO, FECHA_APROBACION, SALDO_PENDIENTE, ID_ESTADO, TASA_INTERESES, PLAZO_MESES) VALUES (20, 64, 250000.00, TO_DATE('2025-07-12', 'YYYY-MM-DD'), 220000.00, 9, 13.50, 24);
INSERT INTO FIDE_PRESTAMO_TB (ID_PRESTAMO, ID_USUARIO, MONTO_SOLICITADO, FECHA_APROBACION, SALDO_PENDIENTE, ID_ESTADO, TASA_INTERESES, PLAZO_MESES) VALUES (21, 67, 65000.00, TO_DATE('2025-07-22', 'YYYY-MM-DD'), 50000.00, 9, 11.00, 6);
INSERT INTO FIDE_PRESTAMO_TB (ID_PRESTAMO, ID_USUARIO, MONTO_SOLICITADO, FECHA_APROBACION, SALDO_PENDIENTE, ID_ESTADO, TASA_INTERESES, PLAZO_MESES) VALUES (22, 72, 115000.00, TO_DATE('2025-08-05', 'YYYY-MM-DD'), 95000.00, 9, 12.00, 12);
INSERT INTO FIDE_PRESTAMO_TB (ID_PRESTAMO, ID_USUARIO, MONTO_SOLICITADO, FECHA_APROBACION, SALDO_PENDIENTE, ID_ESTADO, TASA_INTERESES, PLAZO_MESES) VALUES (23, 74, 700000.00, TO_DATE('2025-08-14', 'YYYY-MM-DD'), 650000.00, 9, 16.00, 36);
INSERT INTO FIDE_PRESTAMO_TB (ID_PRESTAMO, ID_USUARIO, MONTO_SOLICITADO, FECHA_APROBACION, SALDO_PENDIENTE, ID_ESTADO, TASA_INTERESES, PLAZO_MESES) VALUES (24, 77, 90000.00, TO_DATE('2025-08-22', 'YYYY-MM-DD'), 75000.00, 9, 11.50, 12);
INSERT INTO FIDE_PRESTAMO_TB (ID_PRESTAMO, ID_USUARIO, MONTO_SOLICITADO, FECHA_APROBACION, SALDO_PENDIENTE, ID_ESTADO, TASA_INTERESES, PLAZO_MESES) VALUES (25, 82, 125000.00, TO_DATE('2025-09-05', 'YYYY-MM-DD'), 105000.00, 9, 12.50, 18);
INSERT INTO FIDE_PRESTAMO_TB (ID_PRESTAMO, ID_USUARIO, MONTO_SOLICITADO, FECHA_APROBACION, SALDO_PENDIENTE, ID_ESTADO, TASA_INTERESES, PLAZO_MESES) VALUES (26, 84, 150000.00, TO_DATE('2025-09-12', 'YYYY-MM-DD'), 120000.00, 9, 12.50, 12);
INSERT INTO FIDE_PRESTAMO_TB (ID_PRESTAMO, ID_USUARIO, MONTO_SOLICITADO, FECHA_APROBACION, SALDO_PENDIENTE, ID_ESTADO, TASA_INTERESES, PLAZO_MESES) VALUES (27, 87, 100000.00, TO_DATE('2025-09-22', 'YYYY-MM-DD'), 85000.00, 9, 11.00, 12);
INSERT INTO FIDE_PRESTAMO_TB (ID_PRESTAMO, ID_USUARIO, MONTO_SOLICITADO, FECHA_APROBACION, SALDO_PENDIENTE, ID_ESTADO, TASA_INTERESES, PLAZO_MESES) VALUES (28, 92, 135000.00, TO_DATE('2025-10-05', 'YYYY-MM-DD'), 115000.00, 9, 13.00, 18);
INSERT INTO FIDE_PRESTAMO_TB (ID_PRESTAMO, ID_USUARIO, MONTO_SOLICITADO, FECHA_APROBACION, SALDO_PENDIENTE, ID_ESTADO, TASA_INTERESES, PLAZO_MESES) VALUES (29, 94, 550000.00, TO_DATE('2025-10-12', 'YYYY-MM-DD'), 500000.00, 9, 15.00, 36);
INSERT INTO FIDE_PRESTAMO_TB (ID_PRESTAMO, ID_USUARIO, MONTO_SOLICITADO, FECHA_APROBACION, SALDO_PENDIENTE, ID_ESTADO, TASA_INTERESES, PLAZO_MESES) VALUES (30, 97, 75000.00, TO_DATE('2025-10-22', 'YYYY-MM-DD'), 60000.00, 9, 10.50, 6);
INSERT INTO FIDE_PRESTAMO_TB (ID_PRESTAMO, ID_USUARIO, MONTO_SOLICITADO, FECHA_APROBACION, SALDO_PENDIENTE, ID_ESTADO, TASA_INTERESES, PLAZO_MESES) VALUES (31, 102, 145000.00, TO_DATE('2025-11-05', 'YYYY-MM-DD'), 125000.00, 9, 13.00, 18);
INSERT INTO FIDE_PRESTAMO_TB (ID_PRESTAMO, ID_USUARIO, MONTO_SOLICITADO, FECHA_APROBACION, SALDO_PENDIENTE, ID_ESTADO, TASA_INTERESES, PLAZO_MESES) VALUES (32, 104, 300000.00, TO_DATE('2025-11-12', 'YYYY-MM-DD'), 280000.00, 9, 14.00, 24);
INSERT INTO FIDE_PRESTAMO_TB (ID_PRESTAMO, ID_USUARIO, MONTO_SOLICITADO, FECHA_APROBACION, SALDO_PENDIENTE, ID_ESTADO, TASA_INTERESES, PLAZO_MESES) VALUES (33, 107, 85000.00, TO_DATE('2025-11-22', 'YYYY-MM-DD'), 70000.00, 9, 10.00, 6);
INSERT INTO FIDE_PRESTAMO_TB (ID_PRESTAMO, ID_USUARIO, MONTO_SOLICITADO, FECHA_APROBACION, SALDO_PENDIENTE, ID_ESTADO, TASA_INTERESES, PLAZO_MESES) VALUES (34, 112, 110000.00, TO_DATE('2025-12-05', 'YYYY-MM-DD'), 90000.00, 9, 12.00, 12);
INSERT INTO FIDE_PRESTAMO_TB (ID_PRESTAMO, ID_USUARIO, MONTO_SOLICITADO, FECHA_APROBACION, SALDO_PENDIENTE, ID_ESTADO, TASA_INTERESES, PLAZO_MESES) VALUES (35, 114, 850000.00, TO_DATE('2025-12-14', 'YYYY-MM-DD'), 800000.00, 9, 16.50, 48);
INSERT INTO FIDE_PRESTAMO_TB (ID_PRESTAMO, ID_USUARIO, MONTO_SOLICITADO, FECHA_APROBACION, SALDO_PENDIENTE, ID_ESTADO, TASA_INTERESES, PLAZO_MESES) VALUES (36, 117, 95000.00, TO_DATE('2025-12-22', 'YYYY-MM-DD'), 80000.00, 9, 11.50, 12);
INSERT INTO FIDE_PRESTAMO_TB (ID_PRESTAMO, ID_USUARIO, MONTO_SOLICITADO, FECHA_APROBACION, SALDO_PENDIENTE, ID_ESTADO, TASA_INTERESES, PLAZO_MESES) VALUES (37, 122, 130000.00, TO_DATE('2025-01-06', 'YYYY-MM-DD'), 110000.00, 9, 12.50, 18);
INSERT INTO FIDE_PRESTAMO_TB (ID_PRESTAMO, ID_USUARIO, MONTO_SOLICITADO, FECHA_APROBACION, SALDO_PENDIENTE, ID_ESTADO, TASA_INTERESES, PLAZO_MESES) VALUES (38, 124, 400000.00, TO_DATE('2025-01-13', 'YYYY-MM-DD'), 380000.00, 9, 14.50, 24);
INSERT INTO FIDE_PRESTAMO_TB (ID_PRESTAMO, ID_USUARIO, MONTO_SOLICITADO, FECHA_APROBACION, SALDO_PENDIENTE, ID_ESTADO, TASA_INTERESES, PLAZO_MESES) VALUES (39, 127, 75000.00, TO_DATE('2025-01-23', 'YYYY-MM-DD'), 60000.00, 9, 10.50, 6);
INSERT INTO FIDE_PRESTAMO_TB (ID_PRESTAMO, ID_USUARIO, MONTO_SOLICITADO, FECHA_APROBACION, SALDO_PENDIENTE, ID_ESTADO, TASA_INTERESES, PLAZO_MESES) VALUES (40, 132, 115000.00, TO_DATE('2025-02-06', 'YYYY-MM-DD'), 95000.00, 9, 12.00, 12);
INSERT INTO FIDE_PRESTAMO_TB (ID_PRESTAMO, ID_USUARIO, MONTO_SOLICITADO, FECHA_APROBACION, SALDO_PENDIENTE, ID_ESTADO, TASA_INTERESES, PLAZO_MESES) VALUES (41, 134, 650000.00, TO_DATE('2025-02-14', 'YYYY-MM-DD'), 600000.00, 9, 15.50, 36);
INSERT INTO FIDE_PRESTAMO_TB (ID_PRESTAMO, ID_USUARIO, MONTO_SOLICITADO, FECHA_APROBACION, SALDO_PENDIENTE, ID_ESTADO, TASA_INTERESES, PLAZO_MESES) VALUES (42, 137, 90000.00, TO_DATE('2025-02-23', 'YYYY-MM-DD'), 75000.00, 9, 11.50, 12);
INSERT INTO FIDE_PRESTAMO_TB (ID_PRESTAMO, ID_USUARIO, MONTO_SOLICITADO, FECHA_APROBACION, SALDO_PENDIENTE, ID_ESTADO, TASA_INTERESES, PLAZO_MESES) VALUES (43, 142, 140000.00, TO_DATE('2025-03-07', 'YYYY-MM-DD'), 120000.00, 9, 13.00, 18);
INSERT INTO FIDE_PRESTAMO_TB (ID_PRESTAMO, ID_USUARIO, MONTO_SOLICITADO, FECHA_APROBACION, SALDO_PENDIENTE, ID_ESTADO, TASA_INTERESES, PLAZO_MESES) VALUES (44, 144, 250000.00, TO_DATE('2025-03-14', 'YYYY-MM-DD'), 230000.00, 9, 13.50, 24);
INSERT INTO FIDE_PRESTAMO_TB (ID_PRESTAMO, ID_USUARIO, MONTO_SOLICITADO, FECHA_APROBACION, SALDO_PENDIENTE, ID_ESTADO, TASA_INTERESES, PLAZO_MESES) VALUES (45, 147, 85000.00, TO_DATE('2025-03-24', 'YYYY-MM-DD'), 70000.00, 9, 10.00, 6);
INSERT INTO FIDE_PRESTAMO_TB (ID_PRESTAMO, ID_USUARIO, MONTO_SOLICITADO, FECHA_APROBACION, SALDO_PENDIENTE, ID_ESTADO, TASA_INTERESES, PLAZO_MESES) VALUES (46, 152, 105000.00, TO_DATE('2025-04-07', 'YYYY-MM-DD'), 85000.00, 9, 11.00, 12);
INSERT INTO FIDE_PRESTAMO_TB (ID_PRESTAMO, ID_USUARIO, MONTO_SOLICITADO, FECHA_APROBACION, SALDO_PENDIENTE, ID_ESTADO, TASA_INTERESES, PLAZO_MESES) VALUES (47, 154, 750000.00, TO_DATE('2025-04-14', 'YYYY-MM-DD'), 700000.00, 9, 16.00, 36);
INSERT INTO FIDE_PRESTAMO_TB (ID_PRESTAMO, ID_USUARIO, MONTO_SOLICITADO, FECHA_APROBACION, SALDO_PENDIENTE, ID_ESTADO, TASA_INTERESES, PLAZO_MESES) VALUES (48, 157, 75000.00, TO_DATE('2025-04-24', 'YYYY-MM-DD'), 60000.00, 9, 10.50, 6);
INSERT INTO FIDE_PRESTAMO_TB (ID_PRESTAMO, ID_USUARIO, MONTO_SOLICITADO, FECHA_APROBACION, SALDO_PENDIENTE, ID_ESTADO, TASA_INTERESES, PLAZO_MESES) VALUES (49, 162, 120000.00, TO_DATE('2025-05-07', 'YYYY-MM-DD'), 100000.00, 9, 12.00, 12);
INSERT INTO FIDE_PRESTAMO_TB (ID_PRESTAMO, ID_USUARIO, MONTO_SOLICITADO, FECHA_APROBACION, SALDO_PENDIENTE, ID_ESTADO, TASA_INTERESES, PLAZO_MESES) VALUES (50, 164, 350000.00, TO_DATE('2025-05-14', 'YYYY-MM-DD'), 320000.00, 9, 14.00, 24);
INSERT INTO FIDE_PRESTAMO_TB (ID_PRESTAMO, ID_USUARIO, MONTO_SOLICITADO, FECHA_APROBACION, SALDO_PENDIENTE, ID_ESTADO, TASA_INTERESES, PLAZO_MESES) VALUES (51, 167, 85000.00, TO_DATE('2025-05-24', 'YYYY-MM-DD'), 70000.00, 9, 10.00, 6);
INSERT INTO FIDE_PRESTAMO_TB (ID_PRESTAMO, ID_USUARIO, MONTO_SOLICITADO, FECHA_APROBACION, SALDO_PENDIENTE, ID_ESTADO, TASA_INTERESES, PLAZO_MESES) VALUES (52, 172, 130000.00, TO_DATE('2025-06-07', 'YYYY-MM-DD'), 110000.00, 9, 12.50, 18);
INSERT INTO FIDE_PRESTAMO_TB (ID_PRESTAMO, ID_USUARIO, MONTO_SOLICITADO, FECHA_APROBACION, SALDO_PENDIENTE, ID_ESTADO, TASA_INTERESES, PLAZO_MESES) VALUES (53, 174, 950000.00, TO_DATE('2025-06-14', 'YYYY-MM-DD'), 900000.00, 9, 17.50, 48);
INSERT INTO FIDE_PRESTAMO_TB (ID_PRESTAMO, ID_USUARIO, MONTO_SOLICITADO, FECHA_APROBACION, SALDO_PENDIENTE, ID_ESTADO, TASA_INTERESES, PLAZO_MESES) VALUES (54, 177, 65000.00, TO_DATE('2025-06-24', 'YYYY-MM-DD'), 50000.00, 9, 11.00, 6);
INSERT INTO FIDE_PRESTAMO_TB (ID_PRESTAMO, ID_USUARIO, MONTO_SOLICITADO, FECHA_APROBACION, SALDO_PENDIENTE, ID_ESTADO, TASA_INTERESES, PLAZO_MESES) VALUES (55, 182, 110000.00, TO_DATE('2025-07-07', 'YYYY-MM-DD'), 90000.00, 9, 12.00, 12);
INSERT INTO FIDE_PRESTAMO_TB (ID_PRESTAMO, ID_USUARIO, MONTO_SOLICITADO, FECHA_APROBACION, SALDO_PENDIENTE, ID_ESTADO, TASA_INTERESES, PLAZO_MESES) VALUES (56, 184, 400000.00, TO_DATE('2025-07-14', 'YYYY-MM-DD'), 380000.00, 9, 14.50, 24);
INSERT INTO FIDE_PRESTAMO_TB (ID_PRESTAMO, ID_USUARIO, MONTO_SOLICITADO, FECHA_APROBACION, SALDO_PENDIENTE, ID_ESTADO, TASA_INTERESES, PLAZO_MESES) VALUES (57, 187, 95000.00, TO_DATE('2025-07-24', 'YYYY-MM-DD'), 80000.00, 9, 11.50, 12);
INSERT INTO FIDE_PRESTAMO_TB (ID_PRESTAMO, ID_USUARIO, MONTO_SOLICITADO, FECHA_APROBACION, SALDO_PENDIENTE, ID_ESTADO, TASA_INTERESES, PLAZO_MESES) VALUES (58, 192, 145000.00, TO_DATE('2025-08-07', 'YYYY-MM-DD'), 125000.00, 9, 13.00, 18);
INSERT INTO FIDE_PRESTAMO_TB (ID_PRESTAMO, ID_USUARIO, MONTO_SOLICITADO, FECHA_APROBACION, SALDO_PENDIENTE, ID_ESTADO, TASA_INTERESES, PLAZO_MESES) VALUES (59, 194, 550000.00, TO_DATE('2025-08-14', 'YYYY-MM-DD'), 500000.00, 9, 15.00, 36);
INSERT INTO FIDE_PRESTAMO_TB (ID_PRESTAMO, ID_USUARIO, MONTO_SOLICITADO, FECHA_APROBACION, SALDO_PENDIENTE, ID_ESTADO, TASA_INTERESES, PLAZO_MESES) VALUES (60, 197, 75000.00, TO_DATE('2025-08-24', 'YYYY-MM-DD'), 60000.00, 9, 10.50, 6);
SELECT * FROM FIDE_PRESTAMO_TB;

-- Inserts Tabla FIDE_PAGOS_PRESTAMOS_TB
INSERT INTO FIDE_PAGOS_PRESTAMOS_TB (ID_PAGO, ID_TRANSACCION, ID_PRESTAMO, MONTO_ABONADO, FECHA_PAGO) VALUES (1, 3, 1, 150000.00, TO_DATE('2025-01-12', 'YYYY-MM-DD'));
INSERT INTO FIDE_PAGOS_PRESTAMOS_TB (ID_PAGO, ID_TRANSACCION, ID_PRESTAMO, MONTO_ABONADO, FECHA_PAGO) VALUES (2, 4, 2, 500000.00, TO_DATE('2025-01-15', 'YYYY-MM-DD'));
INSERT INTO FIDE_PAGOS_PRESTAMOS_TB (ID_PAGO, ID_TRANSACCION, ID_PRESTAMO, MONTO_ABONADO, FECHA_PAGO) VALUES (3, 7, 3, 85000.00, TO_DATE('2025-01-22', 'YYYY-MM-DD'));
INSERT INTO FIDE_PAGOS_PRESTAMOS_TB (ID_PAGO, ID_TRANSACCION, ID_PRESTAMO, MONTO_ABONADO, FECHA_PAGO) VALUES (4, 12, 4, 120000.00, TO_DATE('2025-02-05', 'YYYY-MM-DD'));
INSERT INTO FIDE_PAGOS_PRESTAMOS_TB (ID_PAGO, ID_TRANSACCION, ID_PRESTAMO, MONTO_ABONADO, FECHA_PAGO) VALUES (5, 14, 5, 800000.00, TO_DATE('2025-02-12', 'YYYY-MM-DD'));
INSERT INTO FIDE_PAGOS_PRESTAMOS_TB (ID_PAGO, ID_TRANSACCION, ID_PRESTAMO, MONTO_ABONADO, FECHA_PAGO) VALUES (6, 17, 6, 65000.00, TO_DATE('2025-02-22', 'YYYY-MM-DD'));
INSERT INTO FIDE_PAGOS_PRESTAMOS_TB (ID_PAGO, ID_TRANSACCION, ID_PRESTAMO, MONTO_ABONADO, FECHA_PAGO) VALUES (7, 22, 7, 95000.00, TO_DATE('2025-03-05', 'YYYY-MM-DD'));
INSERT INTO FIDE_PAGOS_PRESTAMOS_TB (ID_PAGO, ID_TRANSACCION, ID_PRESTAMO, MONTO_ABONADO, FECHA_PAGO) VALUES (8, 24, 8, 350000.00, TO_DATE('2025-03-12', 'YYYY-MM-DD'));
INSERT INTO FIDE_PAGOS_PRESTAMOS_TB (ID_PAGO, ID_TRANSACCION, ID_PRESTAMO, MONTO_ABONADO, FECHA_PAGO) VALUES (9, 27, 9, 75000.00, TO_DATE('2025-03-22', 'YYYY-MM-DD'));
INSERT INTO FIDE_PAGOS_PRESTAMOS_TB (ID_PAGO, ID_TRANSACCION, ID_PRESTAMO, MONTO_ABONADO, FECHA_PAGO) VALUES (10, 32, 10, 110000.00, TO_DATE('2025-04-05', 'YYYY-MM-DD'));
INSERT INTO FIDE_PAGOS_PRESTAMOS_TB (ID_PAGO, ID_TRANSACCION, ID_PRESTAMO, MONTO_ABONADO, FECHA_PAGO) VALUES (11, 34, 11, 600000.00, TO_DATE('2025-04-14', 'YYYY-MM-DD'));
INSERT INTO FIDE_PAGOS_PRESTAMOS_TB (ID_PAGO, ID_TRANSACCION, ID_PRESTAMO, MONTO_ABONADO, FECHA_PAGO) VALUES (12, 37, 12, 95000.00, TO_DATE('2025-04-22', 'YYYY-MM-DD'));
INSERT INTO FIDE_PAGOS_PRESTAMOS_TB (ID_PAGO, ID_TRANSACCION, ID_PRESTAMO, MONTO_ABONADO, FECHA_PAGO) VALUES (13, 42, 13, 130000.00, TO_DATE('2025-05-05', 'YYYY-MM-DD'));
INSERT INTO FIDE_PAGOS_PRESTAMOS_TB (ID_PAGO, ID_TRANSACCION, ID_PRESTAMO, MONTO_ABONADO, FECHA_PAGO) VALUES (14, 44, 14, 450000.00, TO_DATE('2025-05-12', 'YYYY-MM-DD'));
INSERT INTO FIDE_PAGOS_PRESTAMOS_TB (ID_PAGO, ID_TRANSACCION, ID_PRESTAMO, MONTO_ABONADO, FECHA_PAGO) VALUES (15, 47, 15, 85000.00, TO_DATE('2025-05-22', 'YYYY-MM-DD'));
INSERT INTO FIDE_PAGOS_PRESTAMOS_TB (ID_PAGO, ID_TRANSACCION, ID_PRESTAMO, MONTO_ABONADO, FECHA_PAGO) VALUES (16, 52, 16, 105000.00, TO_DATE('2025-06-05', 'YYYY-MM-DD'));
INSERT INTO FIDE_PAGOS_PRESTAMOS_TB (ID_PAGO, ID_TRANSACCION, ID_PRESTAMO, MONTO_ABONADO, FECHA_PAGO) VALUES (17, 54, 17, 900000.00, TO_DATE('2025-06-12', 'YYYY-MM-DD'));
INSERT INTO FIDE_PAGOS_PRESTAMOS_TB (ID_PAGO, ID_TRANSACCION, ID_PRESTAMO, MONTO_ABONADO, FECHA_PAGO) VALUES (18, 57, 18, 75000.00, TO_DATE('2025-06-22', 'YYYY-MM-DD'));
INSERT INTO FIDE_PAGOS_PRESTAMOS_TB (ID_PAGO, ID_TRANSACCION, ID_PRESTAMO, MONTO_ABONADO, FECHA_PAGO) VALUES (19, 62, 19, 140000.00, TO_DATE('2025-07-05', 'YYYY-MM-DD'));
INSERT INTO FIDE_PAGOS_PRESTAMOS_TB (ID_PAGO, ID_TRANSACCION, ID_PRESTAMO, MONTO_ABONADO, FECHA_PAGO) VALUES (20, 64, 20, 250000.00, TO_DATE('2025-07-12', 'YYYY-MM-DD'));
INSERT INTO FIDE_PAGOS_PRESTAMOS_TB (ID_PAGO, ID_TRANSACCION, ID_PRESTAMO, MONTO_ABONADO, FECHA_PAGO) VALUES (21, 67, 21, 65000.00, TO_DATE('2025-07-22', 'YYYY-MM-DD'));
INSERT INTO FIDE_PAGOS_PRESTAMOS_TB (ID_PAGO, ID_TRANSACCION, ID_PRESTAMO, MONTO_ABONADO, FECHA_PAGO) VALUES (22, 72, 22, 115000.00, TO_DATE('2025-08-05', 'YYYY-MM-DD'));
INSERT INTO FIDE_PAGOS_PRESTAMOS_TB (ID_PAGO, ID_TRANSACCION, ID_PRESTAMO, MONTO_ABONADO, FECHA_PAGO) VALUES (23, 74, 23, 700000.00, TO_DATE('2025-08-14', 'YYYY-MM-DD'));
INSERT INTO FIDE_PAGOS_PRESTAMOS_TB (ID_PAGO, ID_TRANSACCION, ID_PRESTAMO, MONTO_ABONADO, FECHA_PAGO) VALUES (24, 77, 24, 90000.00, TO_DATE('2025-08-22', 'YYYY-MM-DD'));
INSERT INTO FIDE_PAGOS_PRESTAMOS_TB (ID_PAGO, ID_TRANSACCION, ID_PRESTAMO, MONTO_ABONADO, FECHA_PAGO) VALUES (25, 82, 25, 125000.00, TO_DATE('2025-09-05', 'YYYY-MM-DD'));
INSERT INTO FIDE_PAGOS_PRESTAMOS_TB (ID_PAGO, ID_TRANSACCION, ID_PRESTAMO, MONTO_ABONADO, FECHA_PAGO) VALUES (26, 84, 26, 150000.00, TO_DATE('2025-09-12', 'YYYY-MM-DD'));
INSERT INTO FIDE_PAGOS_PRESTAMOS_TB (ID_PAGO, ID_TRANSACCION, ID_PRESTAMO, MONTO_ABONADO, FECHA_PAGO) VALUES (27, 87, 27, 100000.00, TO_DATE('2025-09-22', 'YYYY-MM-DD'));
INSERT INTO FIDE_PAGOS_PRESTAMOS_TB (ID_PAGO, ID_TRANSACCION, ID_PRESTAMO, MONTO_ABONADO, FECHA_PAGO) VALUES (28, 92, 28, 135000.00, TO_DATE('2025-10-05', 'YYYY-MM-DD'));
INSERT INTO FIDE_PAGOS_PRESTAMOS_TB (ID_PAGO, ID_TRANSACCION, ID_PRESTAMO, MONTO_ABONADO, FECHA_PAGO) VALUES (29, 94, 29, 550000.00, TO_DATE('2025-10-12', 'YYYY-MM-DD'));
INSERT INTO FIDE_PAGOS_PRESTAMOS_TB (ID_PAGO, ID_TRANSACCION, ID_PRESTAMO, MONTO_ABONADO, FECHA_PAGO) VALUES (30, 97, 30, 75000.00, TO_DATE('2025-10-22', 'YYYY-MM-DD'));
INSERT INTO FIDE_PAGOS_PRESTAMOS_TB (ID_PAGO, ID_TRANSACCION, ID_PRESTAMO, MONTO_ABONADO, FECHA_PAGO) VALUES (31, 102, 31, 145000.00, TO_DATE('2025-11-05', 'YYYY-MM-DD'));
INSERT INTO FIDE_PAGOS_PRESTAMOS_TB (ID_PAGO, ID_TRANSACCION, ID_PRESTAMO, MONTO_ABONADO, FECHA_PAGO) VALUES (32, 104, 32, 300000.00, TO_DATE('2025-11-12', 'YYYY-MM-DD'));
INSERT INTO FIDE_PAGOS_PRESTAMOS_TB (ID_PAGO, ID_TRANSACCION, ID_PRESTAMO, MONTO_ABONADO, FECHA_PAGO) VALUES (33, 107, 33, 85000.00, TO_DATE('2025-11-22', 'YYYY-MM-DD'));
INSERT INTO FIDE_PAGOS_PRESTAMOS_TB (ID_PAGO, ID_TRANSACCION, ID_PRESTAMO, MONTO_ABONADO, FECHA_PAGO) VALUES (34, 112, 34, 110000.00, TO_DATE('2025-12-05', 'YYYY-MM-DD'));
INSERT INTO FIDE_PAGOS_PRESTAMOS_TB (ID_PAGO, ID_TRANSACCION, ID_PRESTAMO, MONTO_ABONADO, FECHA_PAGO) VALUES (35, 114, 35, 850000.00, TO_DATE('2025-12-14', 'YYYY-MM-DD'));
INSERT INTO FIDE_PAGOS_PRESTAMOS_TB (ID_PAGO, ID_TRANSACCION, ID_PRESTAMO, MONTO_ABONADO, FECHA_PAGO) VALUES (36, 117, 36, 95000.00, TO_DATE('2025-12-22', 'YYYY-MM-DD'));
INSERT INTO FIDE_PAGOS_PRESTAMOS_TB (ID_PAGO, ID_TRANSACCION, ID_PRESTAMO, MONTO_ABONADO, FECHA_PAGO) VALUES (37, 122, 37, 130000.00, TO_DATE('2025-01-06', 'YYYY-MM-DD'));
INSERT INTO FIDE_PAGOS_PRESTAMOS_TB (ID_PAGO, ID_TRANSACCION, ID_PRESTAMO, MONTO_ABONADO, FECHA_PAGO) VALUES (38, 124, 38, 400000.00, TO_DATE('2025-01-13', 'YYYY-MM-DD'));
INSERT INTO FIDE_PAGOS_PRESTAMOS_TB (ID_PAGO, ID_TRANSACCION, ID_PRESTAMO, MONTO_ABONADO, FECHA_PAGO) VALUES (39, 127, 39, 75000.00, TO_DATE('2025-01-23', 'YYYY-MM-DD'));
INSERT INTO FIDE_PAGOS_PRESTAMOS_TB (ID_PAGO, ID_TRANSACCION, ID_PRESTAMO, MONTO_ABONADO, FECHA_PAGO) VALUES (40, 132, 40, 115000.00, TO_DATE('2025-02-06', 'YYYY-MM-DD'));
INSERT INTO FIDE_PAGOS_PRESTAMOS_TB (ID_PAGO, ID_TRANSACCION, ID_PRESTAMO, MONTO_ABONADO, FECHA_PAGO) VALUES (41, 134, 41, 650000.00, TO_DATE('2025-02-14', 'YYYY-MM-DD'));
INSERT INTO FIDE_PAGOS_PRESTAMOS_TB (ID_PAGO, ID_TRANSACCION, ID_PRESTAMO, MONTO_ABONADO, FECHA_PAGO) VALUES (42, 137, 42, 90000.00, TO_DATE('2025-02-23', 'YYYY-MM-DD'));
INSERT INTO FIDE_PAGOS_PRESTAMOS_TB (ID_PAGO, ID_TRANSACCION, ID_PRESTAMO, MONTO_ABONADO, FECHA_PAGO) VALUES (43, 142, 43, 140000.00, TO_DATE('2025-03-07', 'YYYY-MM-DD'));
INSERT INTO FIDE_PAGOS_PRESTAMOS_TB (ID_PAGO, ID_TRANSACCION, ID_PRESTAMO, MONTO_ABONADO, FECHA_PAGO) VALUES (44, 144, 44, 250000.00, TO_DATE('2025-03-14', 'YYYY-MM-DD'));
INSERT INTO FIDE_PAGOS_PRESTAMOS_TB (ID_PAGO, ID_TRANSACCION, ID_PRESTAMO, MONTO_ABONADO, FECHA_PAGO) VALUES (45, 147, 45, 85000.00, TO_DATE('2025-03-24', 'YYYY-MM-DD'));
INSERT INTO FIDE_PAGOS_PRESTAMOS_TB (ID_PAGO, ID_TRANSACCION, ID_PRESTAMO, MONTO_ABONADO, FECHA_PAGO) VALUES (46, 152, 46, 105000.00, TO_DATE('2025-04-07', 'YYYY-MM-DD'));
INSERT INTO FIDE_PAGOS_PRESTAMOS_TB (ID_PAGO, ID_TRANSACCION, ID_PRESTAMO, MONTO_ABONADO, FECHA_PAGO) VALUES (47, 154, 47, 750000.00, TO_DATE('2025-04-14', 'YYYY-MM-DD'));
INSERT INTO FIDE_PAGOS_PRESTAMOS_TB (ID_PAGO, ID_TRANSACCION, ID_PRESTAMO, MONTO_ABONADO, FECHA_PAGO) VALUES (48, 157, 48, 75000.00, TO_DATE('2025-04-24', 'YYYY-MM-DD'));
INSERT INTO FIDE_PAGOS_PRESTAMOS_TB (ID_PAGO, ID_TRANSACCION, ID_PRESTAMO, MONTO_ABONADO, FECHA_PAGO) VALUES (49, 162, 49, 120000.00, TO_DATE('2025-05-07', 'YYYY-MM-DD'));
INSERT INTO FIDE_PAGOS_PRESTAMOS_TB (ID_PAGO, ID_TRANSACCION, ID_PRESTAMO, MONTO_ABONADO, FECHA_PAGO) VALUES (50, 164, 50, 350000.00, TO_DATE('2025-05-14', 'YYYY-MM-DD'));
INSERT INTO FIDE_PAGOS_PRESTAMOS_TB (ID_PAGO, ID_TRANSACCION, ID_PRESTAMO, MONTO_ABONADO, FECHA_PAGO) VALUES (51, 167, 51, 85000.00, TO_DATE('2025-05-24', 'YYYY-MM-DD'));
INSERT INTO FIDE_PAGOS_PRESTAMOS_TB (ID_PAGO, ID_TRANSACCION, ID_PRESTAMO, MONTO_ABONADO, FECHA_PAGO) VALUES (52, 172, 52, 130000.00, TO_DATE('2025-06-07', 'YYYY-MM-DD'));
INSERT INTO FIDE_PAGOS_PRESTAMOS_TB (ID_PAGO, ID_TRANSACCION, ID_PRESTAMO, MONTO_ABONADO, FECHA_PAGO) VALUES (53, 174, 53, 950000.00, TO_DATE('2025-06-14', 'YYYY-MM-DD'));
INSERT INTO FIDE_PAGOS_PRESTAMOS_TB (ID_PAGO, ID_TRANSACCION, ID_PRESTAMO, MONTO_ABONADO, FECHA_PAGO) VALUES (54, 177, 54, 65000.00, TO_DATE('2025-06-24', 'YYYY-MM-DD'));
INSERT INTO FIDE_PAGOS_PRESTAMOS_TB (ID_PAGO, ID_TRANSACCION, ID_PRESTAMO, MONTO_ABONADO, FECHA_PAGO) VALUES (55, 182, 55, 110000.00, TO_DATE('2025-07-07', 'YYYY-MM-DD'));
INSERT INTO FIDE_PAGOS_PRESTAMOS_TB (ID_PAGO, ID_TRANSACCION, ID_PRESTAMO, MONTO_ABONADO, FECHA_PAGO) VALUES (56, 184, 56, 400000.00, TO_DATE('2025-07-14', 'YYYY-MM-DD'));
INSERT INTO FIDE_PAGOS_PRESTAMOS_TB (ID_PAGO, ID_TRANSACCION, ID_PRESTAMO, MONTO_ABONADO, FECHA_PAGO) VALUES (57, 187, 57, 95000.00, TO_DATE('2025-07-24', 'YYYY-MM-DD'));
INSERT INTO FIDE_PAGOS_PRESTAMOS_TB (ID_PAGO, ID_TRANSACCION, ID_PRESTAMO, MONTO_ABONADO, FECHA_PAGO) VALUES (58, 192, 58, 145000.00, TO_DATE('2025-08-07', 'YYYY-MM-DD'));
INSERT INTO FIDE_PAGOS_PRESTAMOS_TB (ID_PAGO, ID_TRANSACCION, ID_PRESTAMO, MONTO_ABONADO, FECHA_PAGO) VALUES (59, 194, 59, 550000.00, TO_DATE('2025-08-14', 'YYYY-MM-DD'));
INSERT INTO FIDE_PAGOS_PRESTAMOS_TB (ID_PAGO, ID_TRANSACCION, ID_PRESTAMO, MONTO_ABONADO, FECHA_PAGO) VALUES (60, 197, 60, 75000.00, TO_DATE('2025-08-24', 'YYYY-MM-DD'));
SELECT * FROM FIDE_PAGOS_PRESTAMOS_TB;

-- Inserts Tabla FIDE_ACTIVIDAD_TB
INSERT INTO FIDE_ACTIVIDAD_TB (ID_ACTIVIDAD, NOMBRE, DESCRIPCION, FECHA_EVENTO, LUGAR, CUPO_TOTAL, ID_ESTADO, ID_USUARIO) VALUES (1, 'Taller de Educación Financiera', 'Aprende a gestionar tus finanzas personales', TO_DATE('2026-01-20','YYYY-MM-DD'), 'Auditorio Principal', 100, 1, 6);
INSERT INTO FIDE_ACTIVIDAD_TB (ID_ACTIVIDAD, NOMBRE, DESCRIPCION, FECHA_EVENTO, LUGAR, CUPO_TOTAL, ID_ESTADO, ID_USUARIO) VALUES (2, 'Asamblea General Ordinaria', 'Reunión anual de asociados y rendición de cuentas', TO_DATE('2026-02-10','YYYY-MM-DD'), 'Salón de Eventos', 100, 1, 6);
INSERT INTO FIDE_ACTIVIDAD_TB (ID_ACTIVIDAD, NOMBRE, DESCRIPCION, FECHA_EVENTO, LUGAR, CUPO_TOTAL, ID_ESTADO, ID_USUARIO) VALUES (3, 'Seminario de Liderazgo', 'Desarrollo de habilidades gerenciales', TO_DATE('2026-03-05','YYYY-MM-DD'), 'Sala de Reuniones A', 100, 1, 6);
INSERT INTO FIDE_ACTIVIDAD_TB (ID_ACTIVIDAD, NOMBRE, DESCRIPCION, FECHA_EVENTO, LUGAR, CUPO_TOTAL, ID_ESTADO, ID_USUARIO) VALUES (4, 'Charla de Salud Mental', 'Importancia del bienestar emocional en el trabajo', TO_DATE('2026-03-25','YYYY-MM-DD'), 'Sala Virtual 1', 100, 1, 6);
INSERT INTO FIDE_ACTIVIDAD_TB (ID_ACTIVIDAD, NOMBRE, DESCRIPCION, FECHA_EVENTO, LUGAR, CUPO_TOTAL, ID_ESTADO, ID_USUARIO) VALUES (5, 'Torneo de Fútbol 5', 'Actividad recreativa y deportiva para asociados', TO_DATE('2026-04-15','YYYY-MM-DD'), 'Canchas La Sabana', 100, 1, 6);
INSERT INTO FIDE_ACTIVIDAD_TB (ID_ACTIVIDAD, NOMBRE, DESCRIPCION, FECHA_EVENTO, LUGAR, CUPO_TOTAL, ID_ESTADO, ID_USUARIO) VALUES (6, 'Taller de Emprendimiento', 'Herramientas básicas para iniciar un negocio', TO_DATE('2026-05-10','YYYY-MM-DD'), 'Centro de Capacitación', 100, 1, 6);
INSERT INTO FIDE_ACTIVIDAD_TB (ID_ACTIVIDAD, NOMBRE, DESCRIPCION, FECHA_EVENTO, LUGAR, CUPO_TOTAL, ID_ESTADO, ID_USUARIO) VALUES (7, 'Convivencia Familiar', 'Día de campo y actividades para toda la familia', TO_DATE('2026-06-05','YYYY-MM-DD'), 'Parque Recreativo', 100, 1, 6);
INSERT INTO FIDE_ACTIVIDAD_TB (ID_ACTIVIDAD, NOMBRE, DESCRIPCION, FECHA_EVENTO, LUGAR, CUPO_TOTAL, ID_ESTADO, ID_USUARIO) VALUES (8, 'Curso de Excel Básico', 'Capacitación en hojas de cálculo y fórmulas', TO_DATE('2026-06-25','YYYY-MM-DD'), 'Laboratorio de Cómputo', 100, 1, 6);
INSERT INTO FIDE_ACTIVIDAD_TB (ID_ACTIVIDAD, NOMBRE, DESCRIPCION, FECHA_EVENTO, LUGAR, CUPO_TOTAL, ID_ESTADO, ID_USUARIO) VALUES (9, 'Capacitación en Ciberseguridad', 'Prevención de fraudes digitales y phishing', TO_DATE('2026-07-20','YYYY-MM-DD'), 'Auditorio Principal', 100, 1, 6);
INSERT INTO FIDE_ACTIVIDAD_TB (ID_ACTIVIDAD, NOMBRE, DESCRIPCION, FECHA_EVENTO, LUGAR, CUPO_TOTAL, ID_ESTADO, ID_USUARIO) VALUES (10, 'Feria de Emprendedores', 'Exposición y venta de productos de asociados', TO_DATE('2026-08-15','YYYY-MM-DD'), 'Plaza Central', 100, 1, 6);
INSERT INTO FIDE_ACTIVIDAD_TB (ID_ACTIVIDAD, NOMBRE, DESCRIPCION, FECHA_EVENTO, LUGAR, CUPO_TOTAL, ID_ESTADO, ID_USUARIO) VALUES (11, 'Taller de Nutrición', 'Hábitos alimenticios para una vida sana', TO_DATE('2026-09-10','YYYY-MM-DD'), 'Sala de Reuniones B', 100, 1, 6);
INSERT INTO FIDE_ACTIVIDAD_TB (ID_ACTIVIDAD, NOMBRE, DESCRIPCION, FECHA_EVENTO, LUGAR, CUPO_TOTAL, ID_ESTADO, ID_USUARIO) VALUES (12, 'Tarde de Cine Infantil', 'Proyección de película para hijos de asociados', TO_DATE('2026-09-25','YYYY-MM-DD'), 'Salón Multiusos', 100, 1, 6);
INSERT INTO FIDE_ACTIVIDAD_TB (ID_ACTIVIDAD, NOMBRE, DESCRIPCION, FECHA_EVENTO, LUGAR, CUPO_TOTAL, ID_ESTADO, ID_USUARIO) VALUES (13, 'Charla sobre Ahorro e Inversión', 'Estrategias para maximizar el capital', TO_DATE('2026-10-20','YYYY-MM-DD'), 'Auditorio Principal', 100, 1, 6);
INSERT INTO FIDE_ACTIVIDAD_TB (ID_ACTIVIDAD, NOMBRE, DESCRIPCION, FECHA_EVENTO, LUGAR, CUPO_TOTAL, ID_ESTADO, ID_USUARIO) VALUES (14, 'Caminata Ecológica', 'Recorrido guiado por senderos naturales', TO_DATE('2026-11-15','YYYY-MM-DD'), 'Reserva Natural', 100, 1, 6);
INSERT INTO FIDE_ACTIVIDAD_TB (ID_ACTIVIDAD, NOMBRE, DESCRIPCION, FECHA_EVENTO, LUGAR, CUPO_TOTAL, ID_ESTADO, ID_USUARIO) VALUES (15, 'Taller de Primeros Auxilios', 'Atención básica de emergencias médicas', TO_DATE('2026-12-10','YYYY-MM-DD'), 'Centro de Capacitación', 100, 1, 6);
SELECT * FROM FIDE_ACTIVIDAD_TB;

-- Inserts Tabla FIDE_INSCRIPCIONES_ACTIVIDAD_TB
INSERT INTO FIDE_INSCRIPCIONES_ACTIVIDAD_TB (ID_INSCRIPCION, ID_ACTIVIDAD, ID_USUARIO, FECHA_INSCRIPCION, ASISTENCIA_CONFIRMADA, ID_ESTADO) VALUES (1, 1, 21, TO_DATE('2025-01-15', 'YYYY-MM-DD'), 1, 1);
INSERT INTO FIDE_INSCRIPCIONES_ACTIVIDAD_TB (ID_INSCRIPCION, ID_ACTIVIDAD, ID_USUARIO, FECHA_INSCRIPCION, ASISTENCIA_CONFIRMADA, ID_ESTADO) VALUES (2, 1, 22, TO_DATE('2025-01-16', 'YYYY-MM-DD'), 1, 1);
INSERT INTO FIDE_INSCRIPCIONES_ACTIVIDAD_TB (ID_INSCRIPCION, ID_ACTIVIDAD, ID_USUARIO, FECHA_INSCRIPCION, ASISTENCIA_CONFIRMADA, ID_ESTADO) VALUES (3, 1, 23, TO_DATE('2025-01-16', 'YYYY-MM-DD'), 1, 1);
INSERT INTO FIDE_INSCRIPCIONES_ACTIVIDAD_TB (ID_INSCRIPCION, ID_ACTIVIDAD, ID_USUARIO, FECHA_INSCRIPCION, ASISTENCIA_CONFIRMADA, ID_ESTADO) VALUES (4, 1, 24, TO_DATE('2025-01-17', 'YYYY-MM-DD'), 0, 1);
INSERT INTO FIDE_INSCRIPCIONES_ACTIVIDAD_TB (ID_INSCRIPCION, ID_ACTIVIDAD, ID_USUARIO, FECHA_INSCRIPCION, ASISTENCIA_CONFIRMADA, ID_ESTADO) VALUES (5, 1, 25, TO_DATE('2025-01-17', 'YYYY-MM-DD'), 1, 1);
INSERT INTO FIDE_INSCRIPCIONES_ACTIVIDAD_TB (ID_INSCRIPCION, ID_ACTIVIDAD, ID_USUARIO, FECHA_INSCRIPCION, ASISTENCIA_CONFIRMADA, ID_ESTADO) VALUES (6, 1, 26, TO_DATE('2025-01-18', 'YYYY-MM-DD'), 1, 1);
INSERT INTO FIDE_INSCRIPCIONES_ACTIVIDAD_TB (ID_INSCRIPCION, ID_ACTIVIDAD, ID_USUARIO, FECHA_INSCRIPCION, ASISTENCIA_CONFIRMADA, ID_ESTADO) VALUES (7, 1, 27, TO_DATE('2025-01-18', 'YYYY-MM-DD'), 1, 1);
INSERT INTO FIDE_INSCRIPCIONES_ACTIVIDAD_TB (ID_INSCRIPCION, ID_ACTIVIDAD, ID_USUARIO, FECHA_INSCRIPCION, ASISTENCIA_CONFIRMADA, ID_ESTADO) VALUES (8, 1, 28, TO_DATE('2025-01-19', 'YYYY-MM-DD'), 1, 1);
INSERT INTO FIDE_INSCRIPCIONES_ACTIVIDAD_TB (ID_INSCRIPCION, ID_ACTIVIDAD, ID_USUARIO, FECHA_INSCRIPCION, ASISTENCIA_CONFIRMADA, ID_ESTADO) VALUES (9, 1, 29, TO_DATE('2025-01-19', 'YYYY-MM-DD'), 0, 1);
INSERT INTO FIDE_INSCRIPCIONES_ACTIVIDAD_TB (ID_INSCRIPCION, ID_ACTIVIDAD, ID_USUARIO, FECHA_INSCRIPCION, ASISTENCIA_CONFIRMADA, ID_ESTADO) VALUES (10, 1, 30, TO_DATE('2025-01-19', 'YYYY-MM-DD'), 1, 1);
INSERT INTO FIDE_INSCRIPCIONES_ACTIVIDAD_TB (ID_INSCRIPCION, ID_ACTIVIDAD, ID_USUARIO, FECHA_INSCRIPCION, ASISTENCIA_CONFIRMADA, ID_ESTADO) VALUES (11, 2, 31, TO_DATE('2025-02-05', 'YYYY-MM-DD'), 1, 1);
INSERT INTO FIDE_INSCRIPCIONES_ACTIVIDAD_TB (ID_INSCRIPCION, ID_ACTIVIDAD, ID_USUARIO, FECHA_INSCRIPCION, ASISTENCIA_CONFIRMADA, ID_ESTADO) VALUES (12, 2, 32, TO_DATE('2025-02-05', 'YYYY-MM-DD'), 1, 1);
INSERT INTO FIDE_INSCRIPCIONES_ACTIVIDAD_TB (ID_INSCRIPCION, ID_ACTIVIDAD, ID_USUARIO, FECHA_INSCRIPCION, ASISTENCIA_CONFIRMADA, ID_ESTADO) VALUES (13, 2, 33, TO_DATE('2025-02-06', 'YYYY-MM-DD'), 1, 1);
INSERT INTO FIDE_INSCRIPCIONES_ACTIVIDAD_TB (ID_INSCRIPCION, ID_ACTIVIDAD, ID_USUARIO, FECHA_INSCRIPCION, ASISTENCIA_CONFIRMADA, ID_ESTADO) VALUES (14, 2, 34, TO_DATE('2025-02-07', 'YYYY-MM-DD'), 0, 1);
INSERT INTO FIDE_INSCRIPCIONES_ACTIVIDAD_TB (ID_INSCRIPCION, ID_ACTIVIDAD, ID_USUARIO, FECHA_INSCRIPCION, ASISTENCIA_CONFIRMADA, ID_ESTADO) VALUES (15, 2, 35, TO_DATE('2025-02-07', 'YYYY-MM-DD'), 1, 1);
INSERT INTO FIDE_INSCRIPCIONES_ACTIVIDAD_TB (ID_INSCRIPCION, ID_ACTIVIDAD, ID_USUARIO, FECHA_INSCRIPCION, ASISTENCIA_CONFIRMADA, ID_ESTADO) VALUES (16, 2, 36, TO_DATE('2025-02-08', 'YYYY-MM-DD'), 1, 1);
INSERT INTO FIDE_INSCRIPCIONES_ACTIVIDAD_TB (ID_INSCRIPCION, ID_ACTIVIDAD, ID_USUARIO, FECHA_INSCRIPCION, ASISTENCIA_CONFIRMADA, ID_ESTADO) VALUES (17, 2, 37, TO_DATE('2025-02-08', 'YYYY-MM-DD'), 1, 1);
INSERT INTO FIDE_INSCRIPCIONES_ACTIVIDAD_TB (ID_INSCRIPCION, ID_ACTIVIDAD, ID_USUARIO, FECHA_INSCRIPCION, ASISTENCIA_CONFIRMADA, ID_ESTADO) VALUES (18, 2, 38, TO_DATE('2025-02-09', 'YYYY-MM-DD'), 1, 1);
INSERT INTO FIDE_INSCRIPCIONES_ACTIVIDAD_TB (ID_INSCRIPCION, ID_ACTIVIDAD, ID_USUARIO, FECHA_INSCRIPCION, ASISTENCIA_CONFIRMADA, ID_ESTADO) VALUES (19, 2, 39, TO_DATE('2025-02-09', 'YYYY-MM-DD'), 0, 1);
INSERT INTO FIDE_INSCRIPCIONES_ACTIVIDAD_TB (ID_INSCRIPCION, ID_ACTIVIDAD, ID_USUARIO, FECHA_INSCRIPCION, ASISTENCIA_CONFIRMADA, ID_ESTADO) VALUES (20, 2, 40, TO_DATE('2025-02-09', 'YYYY-MM-DD'), 1, 1);
INSERT INTO FIDE_INSCRIPCIONES_ACTIVIDAD_TB (ID_INSCRIPCION, ID_ACTIVIDAD, ID_USUARIO, FECHA_INSCRIPCION, ASISTENCIA_CONFIRMADA, ID_ESTADO) VALUES (21, 3, 41, TO_DATE('2025-02-28', 'YYYY-MM-DD'), 1, 1);
INSERT INTO FIDE_INSCRIPCIONES_ACTIVIDAD_TB (ID_INSCRIPCION, ID_ACTIVIDAD, ID_USUARIO, FECHA_INSCRIPCION, ASISTENCIA_CONFIRMADA, ID_ESTADO) VALUES (22, 3, 42, TO_DATE('2025-02-28', 'YYYY-MM-DD'), 1, 1);
INSERT INTO FIDE_INSCRIPCIONES_ACTIVIDAD_TB (ID_INSCRIPCION, ID_ACTIVIDAD, ID_USUARIO, FECHA_INSCRIPCION, ASISTENCIA_CONFIRMADA, ID_ESTADO) VALUES (23, 3, 43, TO_DATE('2025-03-01', 'YYYY-MM-DD'), 1, 1);
INSERT INTO FIDE_INSCRIPCIONES_ACTIVIDAD_TB (ID_INSCRIPCION, ID_ACTIVIDAD, ID_USUARIO, FECHA_INSCRIPCION, ASISTENCIA_CONFIRMADA, ID_ESTADO) VALUES (24, 3, 44, TO_DATE('2025-03-02', 'YYYY-MM-DD'), 0, 1);
INSERT INTO FIDE_INSCRIPCIONES_ACTIVIDAD_TB (ID_INSCRIPCION, ID_ACTIVIDAD, ID_USUARIO, FECHA_INSCRIPCION, ASISTENCIA_CONFIRMADA, ID_ESTADO) VALUES (25, 3, 45, TO_DATE('2025-03-02', 'YYYY-MM-DD'), 1, 1);
INSERT INTO FIDE_INSCRIPCIONES_ACTIVIDAD_TB (ID_INSCRIPCION, ID_ACTIVIDAD, ID_USUARIO, FECHA_INSCRIPCION, ASISTENCIA_CONFIRMADA, ID_ESTADO) VALUES (26, 3, 46, TO_DATE('2025-03-03', 'YYYY-MM-DD'), 1, 1);
INSERT INTO FIDE_INSCRIPCIONES_ACTIVIDAD_TB (ID_INSCRIPCION, ID_ACTIVIDAD, ID_USUARIO, FECHA_INSCRIPCION, ASISTENCIA_CONFIRMADA, ID_ESTADO) VALUES (27, 3, 47, TO_DATE('2025-03-03', 'YYYY-MM-DD'), 1, 1);
INSERT INTO FIDE_INSCRIPCIONES_ACTIVIDAD_TB (ID_INSCRIPCION, ID_ACTIVIDAD, ID_USUARIO, FECHA_INSCRIPCION, ASISTENCIA_CONFIRMADA, ID_ESTADO) VALUES (28, 3, 48, TO_DATE('2025-03-04', 'YYYY-MM-DD'), 1, 1);
INSERT INTO FIDE_INSCRIPCIONES_ACTIVIDAD_TB (ID_INSCRIPCION, ID_ACTIVIDAD, ID_USUARIO, FECHA_INSCRIPCION, ASISTENCIA_CONFIRMADA, ID_ESTADO) VALUES (29, 3, 49, TO_DATE('2025-03-04', 'YYYY-MM-DD'), 0, 1);
INSERT INTO FIDE_INSCRIPCIONES_ACTIVIDAD_TB (ID_INSCRIPCION, ID_ACTIVIDAD, ID_USUARIO, FECHA_INSCRIPCION, ASISTENCIA_CONFIRMADA, ID_ESTADO) VALUES (30, 3, 50, TO_DATE('2025-03-04', 'YYYY-MM-DD'), 1, 1);
INSERT INTO FIDE_INSCRIPCIONES_ACTIVIDAD_TB (ID_INSCRIPCION, ID_ACTIVIDAD, ID_USUARIO, FECHA_INSCRIPCION, ASISTENCIA_CONFIRMADA, ID_ESTADO) VALUES (31, 4, 51, TO_DATE('2025-03-20', 'YYYY-MM-DD'), 1, 1);
INSERT INTO FIDE_INSCRIPCIONES_ACTIVIDAD_TB (ID_INSCRIPCION, ID_ACTIVIDAD, ID_USUARIO, FECHA_INSCRIPCION, ASISTENCIA_CONFIRMADA, ID_ESTADO) VALUES (32, 4, 52, TO_DATE('2025-03-20', 'YYYY-MM-DD'), 1, 1);
INSERT INTO FIDE_INSCRIPCIONES_ACTIVIDAD_TB (ID_INSCRIPCION, ID_ACTIVIDAD, ID_USUARIO, FECHA_INSCRIPCION, ASISTENCIA_CONFIRMADA, ID_ESTADO) VALUES (33, 4, 53, TO_DATE('2025-03-21', 'YYYY-MM-DD'), 1, 1);
INSERT INTO FIDE_INSCRIPCIONES_ACTIVIDAD_TB (ID_INSCRIPCION, ID_ACTIVIDAD, ID_USUARIO, FECHA_INSCRIPCION, ASISTENCIA_CONFIRMADA, ID_ESTADO) VALUES (34, 4, 54, TO_DATE('2025-03-22', 'YYYY-MM-DD'), 0, 1);
INSERT INTO FIDE_INSCRIPCIONES_ACTIVIDAD_TB (ID_INSCRIPCION, ID_ACTIVIDAD, ID_USUARIO, FECHA_INSCRIPCION, ASISTENCIA_CONFIRMADA, ID_ESTADO) VALUES (35, 4, 55, TO_DATE('2025-03-22', 'YYYY-MM-DD'), 1, 1);
INSERT INTO FIDE_INSCRIPCIONES_ACTIVIDAD_TB (ID_INSCRIPCION, ID_ACTIVIDAD, ID_USUARIO, FECHA_INSCRIPCION, ASISTENCIA_CONFIRMADA, ID_ESTADO) VALUES (36, 4, 56, TO_DATE('2025-03-23', 'YYYY-MM-DD'), 1, 1);
INSERT INTO FIDE_INSCRIPCIONES_ACTIVIDAD_TB (ID_INSCRIPCION, ID_ACTIVIDAD, ID_USUARIO, FECHA_INSCRIPCION, ASISTENCIA_CONFIRMADA, ID_ESTADO) VALUES (37, 4, 57, TO_DATE('2025-03-23', 'YYYY-MM-DD'), 1, 1);
INSERT INTO FIDE_INSCRIPCIONES_ACTIVIDAD_TB (ID_INSCRIPCION, ID_ACTIVIDAD, ID_USUARIO, FECHA_INSCRIPCION, ASISTENCIA_CONFIRMADA, ID_ESTADO) VALUES (38, 4, 58, TO_DATE('2025-03-24', 'YYYY-MM-DD'), 1, 1);
INSERT INTO FIDE_INSCRIPCIONES_ACTIVIDAD_TB (ID_INSCRIPCION, ID_ACTIVIDAD, ID_USUARIO, FECHA_INSCRIPCION, ASISTENCIA_CONFIRMADA, ID_ESTADO) VALUES (39, 4, 59, TO_DATE('2025-03-24', 'YYYY-MM-DD'), 0, 1);
INSERT INTO FIDE_INSCRIPCIONES_ACTIVIDAD_TB (ID_INSCRIPCION, ID_ACTIVIDAD, ID_USUARIO, FECHA_INSCRIPCION, ASISTENCIA_CONFIRMADA, ID_ESTADO) VALUES (40, 4, 60, TO_DATE('2025-03-24', 'YYYY-MM-DD'), 1, 1);
INSERT INTO FIDE_INSCRIPCIONES_ACTIVIDAD_TB (ID_INSCRIPCION, ID_ACTIVIDAD, ID_USUARIO, FECHA_INSCRIPCION, ASISTENCIA_CONFIRMADA, ID_ESTADO) VALUES (41, 5, 61, TO_DATE('2025-04-10', 'YYYY-MM-DD'), 1, 1);
INSERT INTO FIDE_INSCRIPCIONES_ACTIVIDAD_TB (ID_INSCRIPCION, ID_ACTIVIDAD, ID_USUARIO, FECHA_INSCRIPCION, ASISTENCIA_CONFIRMADA, ID_ESTADO) VALUES (42, 5, 62, TO_DATE('2025-04-10', 'YYYY-MM-DD'), 1, 1);
INSERT INTO FIDE_INSCRIPCIONES_ACTIVIDAD_TB (ID_INSCRIPCION, ID_ACTIVIDAD, ID_USUARIO, FECHA_INSCRIPCION, ASISTENCIA_CONFIRMADA, ID_ESTADO) VALUES (43, 5, 63, TO_DATE('2025-04-11', 'YYYY-MM-DD'), 1, 1);
INSERT INTO FIDE_INSCRIPCIONES_ACTIVIDAD_TB (ID_INSCRIPCION, ID_ACTIVIDAD, ID_USUARIO, FECHA_INSCRIPCION, ASISTENCIA_CONFIRMADA, ID_ESTADO) VALUES (44, 5, 64, TO_DATE('2025-04-12', 'YYYY-MM-DD'), 0, 1);
INSERT INTO FIDE_INSCRIPCIONES_ACTIVIDAD_TB (ID_INSCRIPCION, ID_ACTIVIDAD, ID_USUARIO, FECHA_INSCRIPCION, ASISTENCIA_CONFIRMADA, ID_ESTADO) VALUES (45, 5, 65, TO_DATE('2025-04-12', 'YYYY-MM-DD'), 1, 1);
INSERT INTO FIDE_INSCRIPCIONES_ACTIVIDAD_TB (ID_INSCRIPCION, ID_ACTIVIDAD, ID_USUARIO, FECHA_INSCRIPCION, ASISTENCIA_CONFIRMADA, ID_ESTADO) VALUES (46, 5, 66, TO_DATE('2025-04-13', 'YYYY-MM-DD'), 1, 1);
INSERT INTO FIDE_INSCRIPCIONES_ACTIVIDAD_TB (ID_INSCRIPCION, ID_ACTIVIDAD, ID_USUARIO, FECHA_INSCRIPCION, ASISTENCIA_CONFIRMADA, ID_ESTADO) VALUES (47, 5, 67, TO_DATE('2025-04-13', 'YYYY-MM-DD'), 1, 1);
INSERT INTO FIDE_INSCRIPCIONES_ACTIVIDAD_TB (ID_INSCRIPCION, ID_ACTIVIDAD, ID_USUARIO, FECHA_INSCRIPCION, ASISTENCIA_CONFIRMADA, ID_ESTADO) VALUES (48, 5, 68, TO_DATE('2025-04-14', 'YYYY-MM-DD'), 1, 1);
INSERT INTO FIDE_INSCRIPCIONES_ACTIVIDAD_TB (ID_INSCRIPCION, ID_ACTIVIDAD, ID_USUARIO, FECHA_INSCRIPCION, ASISTENCIA_CONFIRMADA, ID_ESTADO) VALUES (49, 5, 69, TO_DATE('2025-04-14', 'YYYY-MM-DD'), 0, 1);
INSERT INTO FIDE_INSCRIPCIONES_ACTIVIDAD_TB (ID_INSCRIPCION, ID_ACTIVIDAD, ID_USUARIO, FECHA_INSCRIPCION, ASISTENCIA_CONFIRMADA, ID_ESTADO) VALUES (50, 5, 70, TO_DATE('2025-04-14', 'YYYY-MM-DD'), 1, 1);
INSERT INTO FIDE_INSCRIPCIONES_ACTIVIDAD_TB (ID_INSCRIPCION, ID_ACTIVIDAD, ID_USUARIO, FECHA_INSCRIPCION, ASISTENCIA_CONFIRMADA, ID_ESTADO) VALUES (51, 6, 71, TO_DATE('2025-05-05', 'YYYY-MM-DD'), 1, 1);
INSERT INTO FIDE_INSCRIPCIONES_ACTIVIDAD_TB (ID_INSCRIPCION, ID_ACTIVIDAD, ID_USUARIO, FECHA_INSCRIPCION, ASISTENCIA_CONFIRMADA, ID_ESTADO) VALUES (52, 6, 72, TO_DATE('2025-05-05', 'YYYY-MM-DD'), 1, 1);
INSERT INTO FIDE_INSCRIPCIONES_ACTIVIDAD_TB (ID_INSCRIPCION, ID_ACTIVIDAD, ID_USUARIO, FECHA_INSCRIPCION, ASISTENCIA_CONFIRMADA, ID_ESTADO) VALUES (53, 6, 73, TO_DATE('2025-05-06', 'YYYY-MM-DD'), 1, 1);
INSERT INTO FIDE_INSCRIPCIONES_ACTIVIDAD_TB (ID_INSCRIPCION, ID_ACTIVIDAD, ID_USUARIO, FECHA_INSCRIPCION, ASISTENCIA_CONFIRMADA, ID_ESTADO) VALUES (54, 6, 74, TO_DATE('2025-05-07', 'YYYY-MM-DD'), 0, 1);
INSERT INTO FIDE_INSCRIPCIONES_ACTIVIDAD_TB (ID_INSCRIPCION, ID_ACTIVIDAD, ID_USUARIO, FECHA_INSCRIPCION, ASISTENCIA_CONFIRMADA, ID_ESTADO) VALUES (55, 6, 75, TO_DATE('2025-05-07', 'YYYY-MM-DD'), 1, 1);
INSERT INTO FIDE_INSCRIPCIONES_ACTIVIDAD_TB (ID_INSCRIPCION, ID_ACTIVIDAD, ID_USUARIO, FECHA_INSCRIPCION, ASISTENCIA_CONFIRMADA, ID_ESTADO) VALUES (56, 6, 76, TO_DATE('2025-05-08', 'YYYY-MM-DD'), 1, 1);
INSERT INTO FIDE_INSCRIPCIONES_ACTIVIDAD_TB (ID_INSCRIPCION, ID_ACTIVIDAD, ID_USUARIO, FECHA_INSCRIPCION, ASISTENCIA_CONFIRMADA, ID_ESTADO) VALUES (57, 6, 77, TO_DATE('2025-05-08', 'YYYY-MM-DD'), 1, 1);
INSERT INTO FIDE_INSCRIPCIONES_ACTIVIDAD_TB (ID_INSCRIPCION, ID_ACTIVIDAD, ID_USUARIO, FECHA_INSCRIPCION, ASISTENCIA_CONFIRMADA, ID_ESTADO) VALUES (58, 6, 78, TO_DATE('2025-05-09', 'YYYY-MM-DD'), 1, 1);
INSERT INTO FIDE_INSCRIPCIONES_ACTIVIDAD_TB (ID_INSCRIPCION, ID_ACTIVIDAD, ID_USUARIO, FECHA_INSCRIPCION, ASISTENCIA_CONFIRMADA, ID_ESTADO) VALUES (59, 6, 79, TO_DATE('2025-05-09', 'YYYY-MM-DD'), 0, 1);
INSERT INTO FIDE_INSCRIPCIONES_ACTIVIDAD_TB (ID_INSCRIPCION, ID_ACTIVIDAD, ID_USUARIO, FECHA_INSCRIPCION, ASISTENCIA_CONFIRMADA, ID_ESTADO) VALUES (60, 6, 80, TO_DATE('2025-05-09', 'YYYY-MM-DD'), 1, 1);
INSERT INTO FIDE_INSCRIPCIONES_ACTIVIDAD_TB (ID_INSCRIPCION, ID_ACTIVIDAD, ID_USUARIO, FECHA_INSCRIPCION, ASISTENCIA_CONFIRMADA, ID_ESTADO) VALUES (61, 7, 81, TO_DATE('2025-05-31', 'YYYY-MM-DD'), 1, 1);
INSERT INTO FIDE_INSCRIPCIONES_ACTIVIDAD_TB (ID_INSCRIPCION, ID_ACTIVIDAD, ID_USUARIO, FECHA_INSCRIPCION, ASISTENCIA_CONFIRMADA, ID_ESTADO) VALUES (62, 7, 82, TO_DATE('2025-05-31', 'YYYY-MM-DD'), 1, 1);
INSERT INTO FIDE_INSCRIPCIONES_ACTIVIDAD_TB (ID_INSCRIPCION, ID_ACTIVIDAD, ID_USUARIO, FECHA_INSCRIPCION, ASISTENCIA_CONFIRMADA, ID_ESTADO) VALUES (63, 7, 83, TO_DATE('2025-06-01', 'YYYY-MM-DD'), 1, 1);
INSERT INTO FIDE_INSCRIPCIONES_ACTIVIDAD_TB (ID_INSCRIPCION, ID_ACTIVIDAD, ID_USUARIO, FECHA_INSCRIPCION, ASISTENCIA_CONFIRMADA, ID_ESTADO) VALUES (64, 7, 84, TO_DATE('2025-06-02', 'YYYY-MM-DD'), 0, 1);
INSERT INTO FIDE_INSCRIPCIONES_ACTIVIDAD_TB (ID_INSCRIPCION, ID_ACTIVIDAD, ID_USUARIO, FECHA_INSCRIPCION, ASISTENCIA_CONFIRMADA, ID_ESTADO) VALUES (65, 7, 85, TO_DATE('2025-06-02', 'YYYY-MM-DD'), 1, 1);
INSERT INTO FIDE_INSCRIPCIONES_ACTIVIDAD_TB (ID_INSCRIPCION, ID_ACTIVIDAD, ID_USUARIO, FECHA_INSCRIPCION, ASISTENCIA_CONFIRMADA, ID_ESTADO) VALUES (66, 7, 86, TO_DATE('2025-06-03', 'YYYY-MM-DD'), 1, 1);
INSERT INTO FIDE_INSCRIPCIONES_ACTIVIDAD_TB (ID_INSCRIPCION, ID_ACTIVIDAD, ID_USUARIO, FECHA_INSCRIPCION, ASISTENCIA_CONFIRMADA, ID_ESTADO) VALUES (67, 7, 87, TO_DATE('2025-06-03', 'YYYY-MM-DD'), 1, 1);
INSERT INTO FIDE_INSCRIPCIONES_ACTIVIDAD_TB (ID_INSCRIPCION, ID_ACTIVIDAD, ID_USUARIO, FECHA_INSCRIPCION, ASISTENCIA_CONFIRMADA, ID_ESTADO) VALUES (68, 7, 88, TO_DATE('2025-06-04', 'YYYY-MM-DD'), 1, 1);
INSERT INTO FIDE_INSCRIPCIONES_ACTIVIDAD_TB (ID_INSCRIPCION, ID_ACTIVIDAD, ID_USUARIO, FECHA_INSCRIPCION, ASISTENCIA_CONFIRMADA, ID_ESTADO) VALUES (69, 7, 89, TO_DATE('2025-06-04', 'YYYY-MM-DD'), 0, 1);
INSERT INTO FIDE_INSCRIPCIONES_ACTIVIDAD_TB (ID_INSCRIPCION, ID_ACTIVIDAD, ID_USUARIO, FECHA_INSCRIPCION, ASISTENCIA_CONFIRMADA, ID_ESTADO) VALUES (70, 7, 90, TO_DATE('2025-06-04', 'YYYY-MM-DD'), 1, 1);
INSERT INTO FIDE_INSCRIPCIONES_ACTIVIDAD_TB (ID_INSCRIPCION, ID_ACTIVIDAD, ID_USUARIO, FECHA_INSCRIPCION, ASISTENCIA_CONFIRMADA, ID_ESTADO) VALUES (71, 8, 91, TO_DATE('2025-06-20', 'YYYY-MM-DD'), 1, 1);
INSERT INTO FIDE_INSCRIPCIONES_ACTIVIDAD_TB (ID_INSCRIPCION, ID_ACTIVIDAD, ID_USUARIO, FECHA_INSCRIPCION, ASISTENCIA_CONFIRMADA, ID_ESTADO) VALUES (72, 8, 92, TO_DATE('2025-06-20', 'YYYY-MM-DD'), 1, 1);
INSERT INTO FIDE_INSCRIPCIONES_ACTIVIDAD_TB (ID_INSCRIPCION, ID_ACTIVIDAD, ID_USUARIO, FECHA_INSCRIPCION, ASISTENCIA_CONFIRMADA, ID_ESTADO) VALUES (73, 8, 93, TO_DATE('2025-06-21', 'YYYY-MM-DD'), 1, 1);
INSERT INTO FIDE_INSCRIPCIONES_ACTIVIDAD_TB (ID_INSCRIPCION, ID_ACTIVIDAD, ID_USUARIO, FECHA_INSCRIPCION, ASISTENCIA_CONFIRMADA, ID_ESTADO) VALUES (74, 8, 94, TO_DATE('2025-06-22', 'YYYY-MM-DD'), 0, 1);
INSERT INTO FIDE_INSCRIPCIONES_ACTIVIDAD_TB (ID_INSCRIPCION, ID_ACTIVIDAD, ID_USUARIO, FECHA_INSCRIPCION, ASISTENCIA_CONFIRMADA, ID_ESTADO) VALUES (75, 8, 95, TO_DATE('2025-06-22', 'YYYY-MM-DD'), 1, 1);
INSERT INTO FIDE_INSCRIPCIONES_ACTIVIDAD_TB (ID_INSCRIPCION, ID_ACTIVIDAD, ID_USUARIO, FECHA_INSCRIPCION, ASISTENCIA_CONFIRMADA, ID_ESTADO) VALUES (76, 8, 96, TO_DATE('2025-06-23', 'YYYY-MM-DD'), 1, 1);
INSERT INTO FIDE_INSCRIPCIONES_ACTIVIDAD_TB (ID_INSCRIPCION, ID_ACTIVIDAD, ID_USUARIO, FECHA_INSCRIPCION, ASISTENCIA_CONFIRMADA, ID_ESTADO) VALUES (77, 8, 97, TO_DATE('2025-06-23', 'YYYY-MM-DD'), 1, 1);
INSERT INTO FIDE_INSCRIPCIONES_ACTIVIDAD_TB (ID_INSCRIPCION, ID_ACTIVIDAD, ID_USUARIO, FECHA_INSCRIPCION, ASISTENCIA_CONFIRMADA, ID_ESTADO) VALUES (78, 8, 98, TO_DATE('2025-06-24', 'YYYY-MM-DD'), 1, 1);
INSERT INTO FIDE_INSCRIPCIONES_ACTIVIDAD_TB (ID_INSCRIPCION, ID_ACTIVIDAD, ID_USUARIO, FECHA_INSCRIPCION, ASISTENCIA_CONFIRMADA, ID_ESTADO) VALUES (79, 8, 99, TO_DATE('2025-06-24', 'YYYY-MM-DD'), 0, 1);
INSERT INTO FIDE_INSCRIPCIONES_ACTIVIDAD_TB (ID_INSCRIPCION, ID_ACTIVIDAD, ID_USUARIO, FECHA_INSCRIPCION, ASISTENCIA_CONFIRMADA, ID_ESTADO) VALUES (80, 8, 100, TO_DATE('2025-06-24', 'YYYY-MM-DD'), 1, 1);
INSERT INTO FIDE_INSCRIPCIONES_ACTIVIDAD_TB (ID_INSCRIPCION, ID_ACTIVIDAD, ID_USUARIO, FECHA_INSCRIPCION, ASISTENCIA_CONFIRMADA, ID_ESTADO) VALUES (81, 9, 101, TO_DATE('2025-07-15', 'YYYY-MM-DD'), 1, 1);
INSERT INTO FIDE_INSCRIPCIONES_ACTIVIDAD_TB (ID_INSCRIPCION, ID_ACTIVIDAD, ID_USUARIO, FECHA_INSCRIPCION, ASISTENCIA_CONFIRMADA, ID_ESTADO) VALUES (82, 9, 102, TO_DATE('2025-07-15', 'YYYY-MM-DD'), 1, 1);
INSERT INTO FIDE_INSCRIPCIONES_ACTIVIDAD_TB (ID_INSCRIPCION, ID_ACTIVIDAD, ID_USUARIO, FECHA_INSCRIPCION, ASISTENCIA_CONFIRMADA, ID_ESTADO) VALUES (83, 9, 103, TO_DATE('2025-07-16', 'YYYY-MM-DD'), 1, 1);
INSERT INTO FIDE_INSCRIPCIONES_ACTIVIDAD_TB (ID_INSCRIPCION, ID_ACTIVIDAD, ID_USUARIO, FECHA_INSCRIPCION, ASISTENCIA_CONFIRMADA, ID_ESTADO) VALUES (84, 9, 104, TO_DATE('2025-07-17', 'YYYY-MM-DD'), 0, 1);
INSERT INTO FIDE_INSCRIPCIONES_ACTIVIDAD_TB (ID_INSCRIPCION, ID_ACTIVIDAD, ID_USUARIO, FECHA_INSCRIPCION, ASISTENCIA_CONFIRMADA, ID_ESTADO) VALUES (85, 9, 105, TO_DATE('2025-07-17', 'YYYY-MM-DD'), 1, 1);
INSERT INTO FIDE_INSCRIPCIONES_ACTIVIDAD_TB (ID_INSCRIPCION, ID_ACTIVIDAD, ID_USUARIO, FECHA_INSCRIPCION, ASISTENCIA_CONFIRMADA, ID_ESTADO) VALUES (86, 9, 106, TO_DATE('2025-07-18', 'YYYY-MM-DD'), 1, 1);
INSERT INTO FIDE_INSCRIPCIONES_ACTIVIDAD_TB (ID_INSCRIPCION, ID_ACTIVIDAD, ID_USUARIO, FECHA_INSCRIPCION, ASISTENCIA_CONFIRMADA, ID_ESTADO) VALUES (87, 9, 107, TO_DATE('2025-07-18', 'YYYY-MM-DD'), 1, 1);
INSERT INTO FIDE_INSCRIPCIONES_ACTIVIDAD_TB (ID_INSCRIPCION, ID_ACTIVIDAD, ID_USUARIO, FECHA_INSCRIPCION, ASISTENCIA_CONFIRMADA, ID_ESTADO) VALUES (88, 9, 108, TO_DATE('2025-07-19', 'YYYY-MM-DD'), 1, 1);
INSERT INTO FIDE_INSCRIPCIONES_ACTIVIDAD_TB (ID_INSCRIPCION, ID_ACTIVIDAD, ID_USUARIO, FECHA_INSCRIPCION, ASISTENCIA_CONFIRMADA, ID_ESTADO) VALUES (89, 9, 109, TO_DATE('2025-07-19', 'YYYY-MM-DD'), 0, 1);
INSERT INTO FIDE_INSCRIPCIONES_ACTIVIDAD_TB (ID_INSCRIPCION, ID_ACTIVIDAD, ID_USUARIO, FECHA_INSCRIPCION, ASISTENCIA_CONFIRMADA, ID_ESTADO) VALUES (90, 9, 110, TO_DATE('2025-07-19', 'YYYY-MM-DD'), 1, 1);
INSERT INTO FIDE_INSCRIPCIONES_ACTIVIDAD_TB (ID_INSCRIPCION, ID_ACTIVIDAD, ID_USUARIO, FECHA_INSCRIPCION, ASISTENCIA_CONFIRMADA, ID_ESTADO) VALUES (91, 10, 111, TO_DATE('2025-08-10', 'YYYY-MM-DD'), 1, 1);
INSERT INTO FIDE_INSCRIPCIONES_ACTIVIDAD_TB (ID_INSCRIPCION, ID_ACTIVIDAD, ID_USUARIO, FECHA_INSCRIPCION, ASISTENCIA_CONFIRMADA, ID_ESTADO) VALUES (92, 10, 112, TO_DATE('2025-08-10', 'YYYY-MM-DD'), 1, 1);
INSERT INTO FIDE_INSCRIPCIONES_ACTIVIDAD_TB (ID_INSCRIPCION, ID_ACTIVIDAD, ID_USUARIO, FECHA_INSCRIPCION, ASISTENCIA_CONFIRMADA, ID_ESTADO) VALUES (93, 10, 113, TO_DATE('2025-08-11', 'YYYY-MM-DD'), 1, 1);
INSERT INTO FIDE_INSCRIPCIONES_ACTIVIDAD_TB (ID_INSCRIPCION, ID_ACTIVIDAD, ID_USUARIO, FECHA_INSCRIPCION, ASISTENCIA_CONFIRMADA, ID_ESTADO) VALUES (94, 10, 114, TO_DATE('2025-08-12', 'YYYY-MM-DD'), 0, 1);
INSERT INTO FIDE_INSCRIPCIONES_ACTIVIDAD_TB (ID_INSCRIPCION, ID_ACTIVIDAD, ID_USUARIO, FECHA_INSCRIPCION, ASISTENCIA_CONFIRMADA, ID_ESTADO) VALUES (95, 10, 115, TO_DATE('2025-08-12', 'YYYY-MM-DD'), 1, 1);
INSERT INTO FIDE_INSCRIPCIONES_ACTIVIDAD_TB (ID_INSCRIPCION, ID_ACTIVIDAD, ID_USUARIO, FECHA_INSCRIPCION, ASISTENCIA_CONFIRMADA, ID_ESTADO) VALUES (96, 10, 116, TO_DATE('2025-08-13', 'YYYY-MM-DD'), 1, 1);
INSERT INTO FIDE_INSCRIPCIONES_ACTIVIDAD_TB (ID_INSCRIPCION, ID_ACTIVIDAD, ID_USUARIO, FECHA_INSCRIPCION, ASISTENCIA_CONFIRMADA, ID_ESTADO) VALUES (97, 10, 117, TO_DATE('2025-08-13', 'YYYY-MM-DD'), 1, 1);
INSERT INTO FIDE_INSCRIPCIONES_ACTIVIDAD_TB (ID_INSCRIPCION, ID_ACTIVIDAD, ID_USUARIO, FECHA_INSCRIPCION, ASISTENCIA_CONFIRMADA, ID_ESTADO) VALUES (98, 10, 118, TO_DATE('2025-08-14', 'YYYY-MM-DD'), 1, 1);
INSERT INTO FIDE_INSCRIPCIONES_ACTIVIDAD_TB (ID_INSCRIPCION, ID_ACTIVIDAD, ID_USUARIO, FECHA_INSCRIPCION, ASISTENCIA_CONFIRMADA, ID_ESTADO) VALUES (99, 10, 119, TO_DATE('2025-08-14', 'YYYY-MM-DD'), 0, 1);
INSERT INTO FIDE_INSCRIPCIONES_ACTIVIDAD_TB (ID_INSCRIPCION, ID_ACTIVIDAD, ID_USUARIO, FECHA_INSCRIPCION, ASISTENCIA_CONFIRMADA, ID_ESTADO) VALUES (100, 10, 120, TO_DATE('2025-08-14', 'YYYY-MM-DD'), 1, 1);
INSERT INTO FIDE_INSCRIPCIONES_ACTIVIDAD_TB (ID_INSCRIPCION, ID_ACTIVIDAD, ID_USUARIO, FECHA_INSCRIPCION, ASISTENCIA_CONFIRMADA, ID_ESTADO) VALUES (101, 11, 121, TO_DATE('2025-09-05', 'YYYY-MM-DD'), 1, 1);
INSERT INTO FIDE_INSCRIPCIONES_ACTIVIDAD_TB (ID_INSCRIPCION, ID_ACTIVIDAD, ID_USUARIO, FECHA_INSCRIPCION, ASISTENCIA_CONFIRMADA, ID_ESTADO) VALUES (102, 11, 122, TO_DATE('2025-09-05', 'YYYY-MM-DD'), 1, 1);
INSERT INTO FIDE_INSCRIPCIONES_ACTIVIDAD_TB (ID_INSCRIPCION, ID_ACTIVIDAD, ID_USUARIO, FECHA_INSCRIPCION, ASISTENCIA_CONFIRMADA, ID_ESTADO) VALUES (103, 11, 123, TO_DATE('2025-09-06', 'YYYY-MM-DD'), 1, 1);
INSERT INTO FIDE_INSCRIPCIONES_ACTIVIDAD_TB (ID_INSCRIPCION, ID_ACTIVIDAD, ID_USUARIO, FECHA_INSCRIPCION, ASISTENCIA_CONFIRMADA, ID_ESTADO) VALUES (104, 11, 124, TO_DATE('2025-09-07', 'YYYY-MM-DD'), 0, 1);
INSERT INTO FIDE_INSCRIPCIONES_ACTIVIDAD_TB (ID_INSCRIPCION, ID_ACTIVIDAD, ID_USUARIO, FECHA_INSCRIPCION, ASISTENCIA_CONFIRMADA, ID_ESTADO) VALUES (105, 11, 125, TO_DATE('2025-09-07', 'YYYY-MM-DD'), 1, 1);
INSERT INTO FIDE_INSCRIPCIONES_ACTIVIDAD_TB (ID_INSCRIPCION, ID_ACTIVIDAD, ID_USUARIO, FECHA_INSCRIPCION, ASISTENCIA_CONFIRMADA, ID_ESTADO) VALUES (106, 11, 126, TO_DATE('2025-09-08', 'YYYY-MM-DD'), 1, 1);
INSERT INTO FIDE_INSCRIPCIONES_ACTIVIDAD_TB (ID_INSCRIPCION, ID_ACTIVIDAD, ID_USUARIO, FECHA_INSCRIPCION, ASISTENCIA_CONFIRMADA, ID_ESTADO) VALUES (107, 11, 127, TO_DATE('2025-09-08', 'YYYY-MM-DD'), 1, 1);
INSERT INTO FIDE_INSCRIPCIONES_ACTIVIDAD_TB (ID_INSCRIPCION, ID_ACTIVIDAD, ID_USUARIO, FECHA_INSCRIPCION, ASISTENCIA_CONFIRMADA, ID_ESTADO) VALUES (108, 11, 128, TO_DATE('2025-09-09', 'YYYY-MM-DD'), 1, 1);
INSERT INTO FIDE_INSCRIPCIONES_ACTIVIDAD_TB (ID_INSCRIPCION, ID_ACTIVIDAD, ID_USUARIO, FECHA_INSCRIPCION, ASISTENCIA_CONFIRMADA, ID_ESTADO) VALUES (109, 11, 129, TO_DATE('2025-09-09', 'YYYY-MM-DD'), 0, 1);
INSERT INTO FIDE_INSCRIPCIONES_ACTIVIDAD_TB (ID_INSCRIPCION, ID_ACTIVIDAD, ID_USUARIO, FECHA_INSCRIPCION, ASISTENCIA_CONFIRMADA, ID_ESTADO) VALUES (110, 11, 130, TO_DATE('2025-09-09', 'YYYY-MM-DD'), 1, 1);
INSERT INTO FIDE_INSCRIPCIONES_ACTIVIDAD_TB (ID_INSCRIPCION, ID_ACTIVIDAD, ID_USUARIO, FECHA_INSCRIPCION, ASISTENCIA_CONFIRMADA, ID_ESTADO) VALUES (111, 12, 131, TO_DATE('2025-09-20', 'YYYY-MM-DD'), 1, 1);
INSERT INTO FIDE_INSCRIPCIONES_ACTIVIDAD_TB (ID_INSCRIPCION, ID_ACTIVIDAD, ID_USUARIO, FECHA_INSCRIPCION, ASISTENCIA_CONFIRMADA, ID_ESTADO) VALUES (112, 12, 132, TO_DATE('2025-09-20', 'YYYY-MM-DD'), 1, 1);
INSERT INTO FIDE_INSCRIPCIONES_ACTIVIDAD_TB (ID_INSCRIPCION, ID_ACTIVIDAD, ID_USUARIO, FECHA_INSCRIPCION, ASISTENCIA_CONFIRMADA, ID_ESTADO) VALUES (113, 12, 133, TO_DATE('2025-09-21', 'YYYY-MM-DD'), 1, 1);
INSERT INTO FIDE_INSCRIPCIONES_ACTIVIDAD_TB (ID_INSCRIPCION, ID_ACTIVIDAD, ID_USUARIO, FECHA_INSCRIPCION, ASISTENCIA_CONFIRMADA, ID_ESTADO) VALUES (114, 12, 134, TO_DATE('2025-09-22', 'YYYY-MM-DD'), 0, 1);
INSERT INTO FIDE_INSCRIPCIONES_ACTIVIDAD_TB (ID_INSCRIPCION, ID_ACTIVIDAD, ID_USUARIO, FECHA_INSCRIPCION, ASISTENCIA_CONFIRMADA, ID_ESTADO) VALUES (115, 12, 135, TO_DATE('2025-09-22', 'YYYY-MM-DD'), 1, 1);
INSERT INTO FIDE_INSCRIPCIONES_ACTIVIDAD_TB (ID_INSCRIPCION, ID_ACTIVIDAD, ID_USUARIO, FECHA_INSCRIPCION, ASISTENCIA_CONFIRMADA, ID_ESTADO) VALUES (116, 12, 136, TO_DATE('2025-09-23', 'YYYY-MM-DD'), 1, 1);
INSERT INTO FIDE_INSCRIPCIONES_ACTIVIDAD_TB (ID_INSCRIPCION, ID_ACTIVIDAD, ID_USUARIO, FECHA_INSCRIPCION, ASISTENCIA_CONFIRMADA, ID_ESTADO) VALUES (117, 12, 137, TO_DATE('2025-09-23', 'YYYY-MM-DD'), 1, 1);
INSERT INTO FIDE_INSCRIPCIONES_ACTIVIDAD_TB (ID_INSCRIPCION, ID_ACTIVIDAD, ID_USUARIO, FECHA_INSCRIPCION, ASISTENCIA_CONFIRMADA, ID_ESTADO) VALUES (118, 12, 138, TO_DATE('2025-09-24', 'YYYY-MM-DD'), 1, 1);
INSERT INTO FIDE_INSCRIPCIONES_ACTIVIDAD_TB (ID_INSCRIPCION, ID_ACTIVIDAD, ID_USUARIO, FECHA_INSCRIPCION, ASISTENCIA_CONFIRMADA, ID_ESTADO) VALUES (119, 12, 139, TO_DATE('2025-09-24', 'YYYY-MM-DD'), 0, 1);
INSERT INTO FIDE_INSCRIPCIONES_ACTIVIDAD_TB (ID_INSCRIPCION, ID_ACTIVIDAD, ID_USUARIO, FECHA_INSCRIPCION, ASISTENCIA_CONFIRMADA, ID_ESTADO) VALUES (120, 12, 140, TO_DATE('2025-09-24', 'YYYY-MM-DD'), 1, 1);
INSERT INTO FIDE_INSCRIPCIONES_ACTIVIDAD_TB (ID_INSCRIPCION, ID_ACTIVIDAD, ID_USUARIO, FECHA_INSCRIPCION, ASISTENCIA_CONFIRMADA, ID_ESTADO) VALUES (121, 13, 141, TO_DATE('2025-10-15', 'YYYY-MM-DD'), 1, 1);
INSERT INTO FIDE_INSCRIPCIONES_ACTIVIDAD_TB (ID_INSCRIPCION, ID_ACTIVIDAD, ID_USUARIO, FECHA_INSCRIPCION, ASISTENCIA_CONFIRMADA, ID_ESTADO) VALUES (122, 13, 142, TO_DATE('2025-10-15', 'YYYY-MM-DD'), 1, 1);
INSERT INTO FIDE_INSCRIPCIONES_ACTIVIDAD_TB (ID_INSCRIPCION, ID_ACTIVIDAD, ID_USUARIO, FECHA_INSCRIPCION, ASISTENCIA_CONFIRMADA, ID_ESTADO) VALUES (123, 13, 143, TO_DATE('2025-10-16', 'YYYY-MM-DD'), 1, 1);
INSERT INTO FIDE_INSCRIPCIONES_ACTIVIDAD_TB (ID_INSCRIPCION, ID_ACTIVIDAD, ID_USUARIO, FECHA_INSCRIPCION, ASISTENCIA_CONFIRMADA, ID_ESTADO) VALUES (124, 13, 144, TO_DATE('2025-10-17', 'YYYY-MM-DD'), 0, 1);
INSERT INTO FIDE_INSCRIPCIONES_ACTIVIDAD_TB (ID_INSCRIPCION, ID_ACTIVIDAD, ID_USUARIO, FECHA_INSCRIPCION, ASISTENCIA_CONFIRMADA, ID_ESTADO) VALUES (125, 13, 145, TO_DATE('2025-10-17', 'YYYY-MM-DD'), 1, 1);
INSERT INTO FIDE_INSCRIPCIONES_ACTIVIDAD_TB (ID_INSCRIPCION, ID_ACTIVIDAD, ID_USUARIO, FECHA_INSCRIPCION, ASISTENCIA_CONFIRMADA, ID_ESTADO) VALUES (126, 13, 146, TO_DATE('2025-10-18', 'YYYY-MM-DD'), 1, 1);
INSERT INTO FIDE_INSCRIPCIONES_ACTIVIDAD_TB (ID_INSCRIPCION, ID_ACTIVIDAD, ID_USUARIO, FECHA_INSCRIPCION, ASISTENCIA_CONFIRMADA, ID_ESTADO) VALUES (127, 13, 147, TO_DATE('2025-10-18', 'YYYY-MM-DD'), 1, 1);
INSERT INTO FIDE_INSCRIPCIONES_ACTIVIDAD_TB (ID_INSCRIPCION, ID_ACTIVIDAD, ID_USUARIO, FECHA_INSCRIPCION, ASISTENCIA_CONFIRMADA, ID_ESTADO) VALUES (128, 13, 148, TO_DATE('2025-10-19', 'YYYY-MM-DD'), 1, 1);
INSERT INTO FIDE_INSCRIPCIONES_ACTIVIDAD_TB (ID_INSCRIPCION, ID_ACTIVIDAD, ID_USUARIO, FECHA_INSCRIPCION, ASISTENCIA_CONFIRMADA, ID_ESTADO) VALUES (129, 13, 149, TO_DATE('2025-10-19', 'YYYY-MM-DD'), 0, 1);
INSERT INTO FIDE_INSCRIPCIONES_ACTIVIDAD_TB (ID_INSCRIPCION, ID_ACTIVIDAD, ID_USUARIO, FECHA_INSCRIPCION, ASISTENCIA_CONFIRMADA, ID_ESTADO) VALUES (130, 13, 150, TO_DATE('2025-10-19', 'YYYY-MM-DD'), 1, 1);
INSERT INTO FIDE_INSCRIPCIONES_ACTIVIDAD_TB (ID_INSCRIPCION, ID_ACTIVIDAD, ID_USUARIO, FECHA_INSCRIPCION, ASISTENCIA_CONFIRMADA, ID_ESTADO) VALUES (131, 14, 151, TO_DATE('2025-11-10', 'YYYY-MM-DD'), 1, 1);
INSERT INTO FIDE_INSCRIPCIONES_ACTIVIDAD_TB (ID_INSCRIPCION, ID_ACTIVIDAD, ID_USUARIO, FECHA_INSCRIPCION, ASISTENCIA_CONFIRMADA, ID_ESTADO) VALUES (132, 14, 152, TO_DATE('2025-11-10', 'YYYY-MM-DD'), 1, 1);
INSERT INTO FIDE_INSCRIPCIONES_ACTIVIDAD_TB (ID_INSCRIPCION, ID_ACTIVIDAD, ID_USUARIO, FECHA_INSCRIPCION, ASISTENCIA_CONFIRMADA, ID_ESTADO) VALUES (133, 14, 153, TO_DATE('2025-11-11', 'YYYY-MM-DD'), 1, 1);
INSERT INTO FIDE_INSCRIPCIONES_ACTIVIDAD_TB (ID_INSCRIPCION, ID_ACTIVIDAD, ID_USUARIO, FECHA_INSCRIPCION, ASISTENCIA_CONFIRMADA, ID_ESTADO) VALUES (134, 14, 154, TO_DATE('2025-11-12', 'YYYY-MM-DD'), 0, 1);
INSERT INTO FIDE_INSCRIPCIONES_ACTIVIDAD_TB (ID_INSCRIPCION, ID_ACTIVIDAD, ID_USUARIO, FECHA_INSCRIPCION, ASISTENCIA_CONFIRMADA, ID_ESTADO) VALUES (135, 14, 155, TO_DATE('2025-11-12', 'YYYY-MM-DD'), 1, 1);
INSERT INTO FIDE_INSCRIPCIONES_ACTIVIDAD_TB (ID_INSCRIPCION, ID_ACTIVIDAD, ID_USUARIO, FECHA_INSCRIPCION, ASISTENCIA_CONFIRMADA, ID_ESTADO) VALUES (136, 14, 156, TO_DATE('2025-11-13', 'YYYY-MM-DD'), 1, 1);
INSERT INTO FIDE_INSCRIPCIONES_ACTIVIDAD_TB (ID_INSCRIPCION, ID_ACTIVIDAD, ID_USUARIO, FECHA_INSCRIPCION, ASISTENCIA_CONFIRMADA, ID_ESTADO) VALUES (137, 14, 157, TO_DATE('2025-11-13', 'YYYY-MM-DD'), 1, 1);
INSERT INTO FIDE_INSCRIPCIONES_ACTIVIDAD_TB (ID_INSCRIPCION, ID_ACTIVIDAD, ID_USUARIO, FECHA_INSCRIPCION, ASISTENCIA_CONFIRMADA, ID_ESTADO) VALUES (138, 14, 158, TO_DATE('2025-11-14', 'YYYY-MM-DD'), 1, 1);
INSERT INTO FIDE_INSCRIPCIONES_ACTIVIDAD_TB (ID_INSCRIPCION, ID_ACTIVIDAD, ID_USUARIO, FECHA_INSCRIPCION, ASISTENCIA_CONFIRMADA, ID_ESTADO) VALUES (139, 14, 159, TO_DATE('2025-11-14', 'YYYY-MM-DD'), 0, 1);
INSERT INTO FIDE_INSCRIPCIONES_ACTIVIDAD_TB (ID_INSCRIPCION, ID_ACTIVIDAD, ID_USUARIO, FECHA_INSCRIPCION, ASISTENCIA_CONFIRMADA, ID_ESTADO) VALUES (140, 14, 160, TO_DATE('2025-11-14', 'YYYY-MM-DD'), 1, 1);
INSERT INTO FIDE_INSCRIPCIONES_ACTIVIDAD_TB (ID_INSCRIPCION, ID_ACTIVIDAD, ID_USUARIO, FECHA_INSCRIPCION, ASISTENCIA_CONFIRMADA, ID_ESTADO) VALUES (141, 15, 161, TO_DATE('2025-12-05', 'YYYY-MM-DD'), 1, 1);
INSERT INTO FIDE_INSCRIPCIONES_ACTIVIDAD_TB (ID_INSCRIPCION, ID_ACTIVIDAD, ID_USUARIO, FECHA_INSCRIPCION, ASISTENCIA_CONFIRMADA, ID_ESTADO) VALUES (142, 15, 162, TO_DATE('2025-12-05', 'YYYY-MM-DD'), 1, 1);
INSERT INTO FIDE_INSCRIPCIONES_ACTIVIDAD_TB (ID_INSCRIPCION, ID_ACTIVIDAD, ID_USUARIO, FECHA_INSCRIPCION, ASISTENCIA_CONFIRMADA, ID_ESTADO) VALUES (143, 15, 163, TO_DATE('2025-12-06', 'YYYY-MM-DD'), 1, 1);
INSERT INTO FIDE_INSCRIPCIONES_ACTIVIDAD_TB (ID_INSCRIPCION, ID_ACTIVIDAD, ID_USUARIO, FECHA_INSCRIPCION, ASISTENCIA_CONFIRMADA, ID_ESTADO) VALUES (144, 15, 164, TO_DATE('2025-12-07', 'YYYY-MM-DD'), 0, 1);
INSERT INTO FIDE_INSCRIPCIONES_ACTIVIDAD_TB (ID_INSCRIPCION, ID_ACTIVIDAD, ID_USUARIO, FECHA_INSCRIPCION, ASISTENCIA_CONFIRMADA, ID_ESTADO) VALUES (145, 15, 165, TO_DATE('2025-12-07', 'YYYY-MM-DD'), 1, 1);
INSERT INTO FIDE_INSCRIPCIONES_ACTIVIDAD_TB (ID_INSCRIPCION, ID_ACTIVIDAD, ID_USUARIO, FECHA_INSCRIPCION, ASISTENCIA_CONFIRMADA, ID_ESTADO) VALUES (146, 15, 166, TO_DATE('2025-12-08', 'YYYY-MM-DD'), 1, 1);
INSERT INTO FIDE_INSCRIPCIONES_ACTIVIDAD_TB (ID_INSCRIPCION, ID_ACTIVIDAD, ID_USUARIO, FECHA_INSCRIPCION, ASISTENCIA_CONFIRMADA, ID_ESTADO) VALUES (147, 15, 167, TO_DATE('2025-12-08', 'YYYY-MM-DD'), 1, 1);
INSERT INTO FIDE_INSCRIPCIONES_ACTIVIDAD_TB (ID_INSCRIPCION, ID_ACTIVIDAD, ID_USUARIO, FECHA_INSCRIPCION, ASISTENCIA_CONFIRMADA, ID_ESTADO) VALUES (148, 15, 168, TO_DATE('2025-12-09', 'YYYY-MM-DD'), 1, 1);
INSERT INTO FIDE_INSCRIPCIONES_ACTIVIDAD_TB (ID_INSCRIPCION, ID_ACTIVIDAD, ID_USUARIO, FECHA_INSCRIPCION, ASISTENCIA_CONFIRMADA, ID_ESTADO) VALUES (149, 15, 169, TO_DATE('2025-12-09', 'YYYY-MM-DD'), 0, 1);
INSERT INTO FIDE_INSCRIPCIONES_ACTIVIDAD_TB (ID_INSCRIPCION, ID_ACTIVIDAD, ID_USUARIO, FECHA_INSCRIPCION, ASISTENCIA_CONFIRMADA, ID_ESTADO) VALUES (150, 15, 170, TO_DATE('2025-12-09', 'YYYY-MM-DD'), 1, 1);
SELECT * FROM FIDE_INSCRIPCIONES_ACTIVIDAD_TB;

-- Inserts Tabla FIDE_REPORTES_TB
INSERT INTO FIDE_REPORTES_TB (ID_REPORTE, ID_TIPO_REPORTE, FECHA_INICIO, FECHA_FINAL, ID_MODULO, TOTAL_REGISTROS, RESUMEN_MONTOS, FECHA_GENERACION, ID_ESTADO, ID_USUARIO) VALUES (1, 1, TO_DATE('2025-01-01', 'YYYY-MM-DD'), TO_DATE('2025-01-31', 'YYYY-MM-DD'), 2, 10, 250000.00, TO_DATE('2025-02-01', 'YYYY-MM-DD'), 9, 1);
INSERT INTO FIDE_REPORTES_TB (ID_REPORTE, ID_TIPO_REPORTE, FECHA_INICIO, FECHA_FINAL, ID_MODULO, TOTAL_REGISTROS, RESUMEN_MONTOS, FECHA_GENERACION, ID_ESTADO, ID_USUARIO) VALUES (2, 7, TO_DATE('2025-01-01', 'YYYY-MM-DD'), TO_DATE('2025-01-31', 'YYYY-MM-DD'), 3, 10, 3500000.00, TO_DATE('2025-02-05', 'YYYY-MM-DD'), 9, 2);
INSERT INTO FIDE_REPORTES_TB (ID_REPORTE, ID_TIPO_REPORTE, FECHA_INICIO, FECHA_FINAL, ID_MODULO, TOTAL_REGISTROS, RESUMEN_MONTOS, FECHA_GENERACION, ID_ESTADO, ID_USUARIO) VALUES (3, 12, TO_DATE('2025-01-01', 'YYYY-MM-DD'), TO_DATE('2025-01-31', 'YYYY-MM-DD'), 4, 10, 0.00, TO_DATE('2025-02-10', 'YYYY-MM-DD'), 9, 6);
INSERT INTO FIDE_REPORTES_TB (ID_REPORTE, ID_TIPO_REPORTE, FECHA_INICIO, FECHA_FINAL, ID_MODULO, TOTAL_REGISTROS, RESUMEN_MONTOS, FECHA_GENERACION, ID_ESTADO, ID_USUARIO) VALUES (4, 4, TO_DATE('2025-02-01', 'YYYY-MM-DD'), TO_DATE('2025-02-28', 'YYYY-MM-DD'), 1, 10, 320000.00, TO_DATE('2025-03-01', 'YYYY-MM-DD'), 9, 1);
INSERT INTO FIDE_REPORTES_TB (ID_REPORTE, ID_TIPO_REPORTE, FECHA_INICIO, FECHA_FINAL, ID_MODULO, TOTAL_REGISTROS, RESUMEN_MONTOS, FECHA_GENERACION, ID_ESTADO, ID_USUARIO) VALUES (5, 6, TO_DATE('2025-02-01', 'YYYY-MM-DD'), TO_DATE('2025-02-28', 'YYYY-MM-DD'), 7, 10, 1500000.00, TO_DATE('2025-03-05', 'YYYY-MM-DD'), 9, 3);
INSERT INTO FIDE_REPORTES_TB (ID_REPORTE, ID_TIPO_REPORTE, FECHA_INICIO, FECHA_FINAL, ID_MODULO, TOTAL_REGISTROS, RESUMEN_MONTOS, FECHA_GENERACION, ID_ESTADO, ID_USUARIO) VALUES (6, 12, TO_DATE('2025-02-01', 'YYYY-MM-DD'), TO_DATE('2025-02-28', 'YYYY-MM-DD'), 4, 10, 0.00, TO_DATE('2025-03-10', 'YYYY-MM-DD'), 9, 6);
INSERT INTO FIDE_REPORTES_TB (ID_REPORTE, ID_TIPO_REPORTE, FECHA_INICIO, FECHA_FINAL, ID_MODULO, TOTAL_REGISTROS, RESUMEN_MONTOS, FECHA_GENERACION, ID_ESTADO, ID_USUARIO) VALUES (7, 1, TO_DATE('2025-03-01', 'YYYY-MM-DD'), TO_DATE('2025-03-31', 'YYYY-MM-DD'), 2, 10, 280000.00, TO_DATE('2025-04-01', 'YYYY-MM-DD'), 9, 1);
INSERT INTO FIDE_REPORTES_TB (ID_REPORTE, ID_TIPO_REPORTE, FECHA_INICIO, FECHA_FINAL, ID_MODULO, TOTAL_REGISTROS, RESUMEN_MONTOS, FECHA_GENERACION, ID_ESTADO, ID_USUARIO) VALUES (8, 7, TO_DATE('2025-03-01', 'YYYY-MM-DD'), TO_DATE('2025-03-31', 'YYYY-MM-DD'), 3, 10, 2800000.00, TO_DATE('2025-04-05', 'YYYY-MM-DD'), 9, 2);
INSERT INTO FIDE_REPORTES_TB (ID_REPORTE, ID_TIPO_REPORTE, FECHA_INICIO, FECHA_FINAL, ID_MODULO, TOTAL_REGISTROS, RESUMEN_MONTOS, FECHA_GENERACION, ID_ESTADO, ID_USUARIO) VALUES (9, 12, TO_DATE('2025-03-01', 'YYYY-MM-DD'), TO_DATE('2025-03-31', 'YYYY-MM-DD'), 4, 10, 0.00, TO_DATE('2025-04-10', 'YYYY-MM-DD'), 9, 6);
INSERT INTO FIDE_REPORTES_TB (ID_REPORTE, ID_TIPO_REPORTE, FECHA_INICIO, FECHA_FINAL, ID_MODULO, TOTAL_REGISTROS, RESUMEN_MONTOS, FECHA_GENERACION, ID_ESTADO, ID_USUARIO) VALUES (10, 4, TO_DATE('2025-04-01', 'YYYY-MM-DD'), TO_DATE('2025-04-30', 'YYYY-MM-DD'), 1, 10, 310000.00, TO_DATE('2025-05-01', 'YYYY-MM-DD'), 9, 1);
INSERT INTO FIDE_REPORTES_TB (ID_REPORTE, ID_TIPO_REPORTE, FECHA_INICIO, FECHA_FINAL, ID_MODULO, TOTAL_REGISTROS, RESUMEN_MONTOS, FECHA_GENERACION, ID_ESTADO, ID_USUARIO) VALUES (11, 6, TO_DATE('2025-04-01', 'YYYY-MM-DD'), TO_DATE('2025-04-30', 'YYYY-MM-DD'), 7, 10, 1800000.00, TO_DATE('2025-05-05', 'YYYY-MM-DD'), 9, 3);
INSERT INTO FIDE_REPORTES_TB (ID_REPORTE, ID_TIPO_REPORTE, FECHA_INICIO, FECHA_FINAL, ID_MODULO, TOTAL_REGISTROS, RESUMEN_MONTOS, FECHA_GENERACION, ID_ESTADO, ID_USUARIO) VALUES (12, 12, TO_DATE('2025-04-01', 'YYYY-MM-DD'), TO_DATE('2025-04-30', 'YYYY-MM-DD'), 4, 10, 0.00, TO_DATE('2025-05-10', 'YYYY-MM-DD'), 9, 6);
INSERT INTO FIDE_REPORTES_TB (ID_REPORTE, ID_TIPO_REPORTE, FECHA_INICIO, FECHA_FINAL, ID_MODULO, TOTAL_REGISTROS, RESUMEN_MONTOS, FECHA_GENERACION, ID_ESTADO, ID_USUARIO) VALUES (13, 1, TO_DATE('2025-05-01', 'YYYY-MM-DD'), TO_DATE('2025-05-31', 'YYYY-MM-DD'), 2, 10, 300000.00, TO_DATE('2025-06-01', 'YYYY-MM-DD'), 9, 1);
INSERT INTO FIDE_REPORTES_TB (ID_REPORTE, ID_TIPO_REPORTE, FECHA_INICIO, FECHA_FINAL, ID_MODULO, TOTAL_REGISTROS, RESUMEN_MONTOS, FECHA_GENERACION, ID_ESTADO, ID_USUARIO) VALUES (14, 7, TO_DATE('2025-05-01', 'YYYY-MM-DD'), TO_DATE('2025-05-31', 'YYYY-MM-DD'), 3, 10, 3100000.00, TO_DATE('2025-06-05', 'YYYY-MM-DD'), 9, 2);
INSERT INTO FIDE_REPORTES_TB (ID_REPORTE, ID_TIPO_REPORTE, FECHA_INICIO, FECHA_FINAL, ID_MODULO, TOTAL_REGISTROS, RESUMEN_MONTOS, FECHA_GENERACION, ID_ESTADO, ID_USUARIO) VALUES (15, 12, TO_DATE('2025-05-01', 'YYYY-MM-DD'), TO_DATE('2025-05-31', 'YYYY-MM-DD'), 4, 10, 0.00, TO_DATE('2025-06-10', 'YYYY-MM-DD'), 9, 6);
INSERT INTO FIDE_REPORTES_TB (ID_REPORTE, ID_TIPO_REPORTE, FECHA_INICIO, FECHA_FINAL, ID_MODULO, TOTAL_REGISTROS, RESUMEN_MONTOS, FECHA_GENERACION, ID_ESTADO, ID_USUARIO) VALUES (16, 4, TO_DATE('2025-06-01', 'YYYY-MM-DD'), TO_DATE('2025-06-30', 'YYYY-MM-DD'), 1, 10, 340000.00, TO_DATE('2025-07-01', 'YYYY-MM-DD'), 9, 1);
INSERT INTO FIDE_REPORTES_TB (ID_REPORTE, ID_TIPO_REPORTE, FECHA_INICIO, FECHA_FINAL, ID_MODULO, TOTAL_REGISTROS, RESUMEN_MONTOS, FECHA_GENERACION, ID_ESTADO, ID_USUARIO) VALUES (17, 6, TO_DATE('2025-06-01', 'YYYY-MM-DD'), TO_DATE('2025-06-30', 'YYYY-MM-DD'), 7, 10, 2000000.00, TO_DATE('2025-07-05', 'YYYY-MM-DD'), 9, 3);
INSERT INTO FIDE_REPORTES_TB (ID_REPORTE, ID_TIPO_REPORTE, FECHA_INICIO, FECHA_FINAL, ID_MODULO, TOTAL_REGISTROS, RESUMEN_MONTOS, FECHA_GENERACION, ID_ESTADO, ID_USUARIO) VALUES (18, 12, TO_DATE('2025-06-01', 'YYYY-MM-DD'), TO_DATE('2025-06-30', 'YYYY-MM-DD'), 4, 10, 0.00, TO_DATE('2025-07-10', 'YYYY-MM-DD'), 9, 6);
INSERT INTO FIDE_REPORTES_TB (ID_REPORTE, ID_TIPO_REPORTE, FECHA_INICIO, FECHA_FINAL, ID_MODULO, TOTAL_REGISTROS, RESUMEN_MONTOS, FECHA_GENERACION, ID_ESTADO, ID_USUARIO) VALUES (19, 1, TO_DATE('2025-07-01', 'YYYY-MM-DD'), TO_DATE('2025-07-31', 'YYYY-MM-DD'), 2, 10, 270000.00, TO_DATE('2025-08-01', 'YYYY-MM-DD'), 9, 1);
INSERT INTO FIDE_REPORTES_TB (ID_REPORTE, ID_TIPO_REPORTE, FECHA_INICIO, FECHA_FINAL, ID_MODULO, TOTAL_REGISTROS, RESUMEN_MONTOS, FECHA_GENERACION, ID_ESTADO, ID_USUARIO) VALUES (20, 7, TO_DATE('2025-07-01', 'YYYY-MM-DD'), TO_DATE('2025-07-31', 'YYYY-MM-DD'), 3, 10, 2900000.00, TO_DATE('2025-08-05', 'YYYY-MM-DD'), 9, 2);
INSERT INTO FIDE_REPORTES_TB (ID_REPORTE, ID_TIPO_REPORTE, FECHA_INICIO, FECHA_FINAL, ID_MODULO, TOTAL_REGISTROS, RESUMEN_MONTOS, FECHA_GENERACION, ID_ESTADO, ID_USUARIO) VALUES (21, 12, TO_DATE('2025-07-01', 'YYYY-MM-DD'), TO_DATE('2025-07-31', 'YYYY-MM-DD'), 4, 10, 0.00, TO_DATE('2025-08-10', 'YYYY-MM-DD'), 9, 6);
INSERT INTO FIDE_REPORTES_TB (ID_REPORTE, ID_TIPO_REPORTE, FECHA_INICIO, FECHA_FINAL, ID_MODULO, TOTAL_REGISTROS, RESUMEN_MONTOS, FECHA_GENERACION, ID_ESTADO, ID_USUARIO) VALUES (22, 4, TO_DATE('2025-08-01', 'YYYY-MM-DD'), TO_DATE('2025-08-31', 'YYYY-MM-DD'), 1, 10, 330000.00, TO_DATE('2025-09-01', 'YYYY-MM-DD'), 9, 1);
INSERT INTO FIDE_REPORTES_TB (ID_REPORTE, ID_TIPO_REPORTE, FECHA_INICIO, FECHA_FINAL, ID_MODULO, TOTAL_REGISTROS, RESUMEN_MONTOS, FECHA_GENERACION, ID_ESTADO, ID_USUARIO) VALUES (23, 6, TO_DATE('2025-08-01', 'YYYY-MM-DD'), TO_DATE('2025-08-31', 'YYYY-MM-DD'), 7, 10, 1700000.00, TO_DATE('2025-09-05', 'YYYY-MM-DD'), 9, 3);
INSERT INTO FIDE_REPORTES_TB (ID_REPORTE, ID_TIPO_REPORTE, FECHA_INICIO, FECHA_FINAL, ID_MODULO, TOTAL_REGISTROS, RESUMEN_MONTOS, FECHA_GENERACION, ID_ESTADO, ID_USUARIO) VALUES (24, 12, TO_DATE('2025-08-01', 'YYYY-MM-DD'), TO_DATE('2025-08-31', 'YYYY-MM-DD'), 4, 10, 0.00, TO_DATE('2025-09-10', 'YYYY-MM-DD'), 9, 6);
INSERT INTO FIDE_REPORTES_TB (ID_REPORTE, ID_TIPO_REPORTE, FECHA_INICIO, FECHA_FINAL, ID_MODULO, TOTAL_REGISTROS, RESUMEN_MONTOS, FECHA_GENERACION, ID_ESTADO, ID_USUARIO) VALUES (25, 1, TO_DATE('2025-09-01', 'YYYY-MM-DD'), TO_DATE('2025-09-30', 'YYYY-MM-DD'), 2, 10, 290000.00, TO_DATE('2025-10-01', 'YYYY-MM-DD'), 9, 1);
INSERT INTO FIDE_REPORTES_TB (ID_REPORTE, ID_TIPO_REPORTE, FECHA_INICIO, FECHA_FINAL, ID_MODULO, TOTAL_REGISTROS, RESUMEN_MONTOS, FECHA_GENERACION, ID_ESTADO, ID_USUARIO) VALUES (26, 7, TO_DATE('2025-09-01', 'YYYY-MM-DD'), TO_DATE('2025-09-30', 'YYYY-MM-DD'), 3, 10, 3200000.00, TO_DATE('2025-10-05', 'YYYY-MM-DD'), 9, 2);
INSERT INTO FIDE_REPORTES_TB (ID_REPORTE, ID_TIPO_REPORTE, FECHA_INICIO, FECHA_FINAL, ID_MODULO, TOTAL_REGISTROS, RESUMEN_MONTOS, FECHA_GENERACION, ID_ESTADO, ID_USUARIO) VALUES (27, 12, TO_DATE('2025-09-01', 'YYYY-MM-DD'), TO_DATE('2025-09-30', 'YYYY-MM-DD'), 4, 10, 0.00, TO_DATE('2025-10-10', 'YYYY-MM-DD'), 9, 6);
INSERT INTO FIDE_REPORTES_TB (ID_REPORTE, ID_TIPO_REPORTE, FECHA_INICIO, FECHA_FINAL, ID_MODULO, TOTAL_REGISTROS, RESUMEN_MONTOS, FECHA_GENERACION, ID_ESTADO, ID_USUARIO) VALUES (28, 4, TO_DATE('2025-10-01', 'YYYY-MM-DD'), TO_DATE('2025-10-31', 'YYYY-MM-DD'), 1, 10, 350000.00, TO_DATE('2025-11-01', 'YYYY-MM-DD'), 9, 1);
INSERT INTO FIDE_REPORTES_TB (ID_REPORTE, ID_TIPO_REPORTE, FECHA_INICIO, FECHA_FINAL, ID_MODULO, TOTAL_REGISTROS, RESUMEN_MONTOS, FECHA_GENERACION, ID_ESTADO, ID_USUARIO) VALUES (29, 6, TO_DATE('2025-10-01', 'YYYY-MM-DD'), TO_DATE('2025-10-31', 'YYYY-MM-DD'), 7, 10, 2100000.00, TO_DATE('2025-11-05', 'YYYY-MM-DD'), 9, 3);
INSERT INTO FIDE_REPORTES_TB (ID_REPORTE, ID_TIPO_REPORTE, FECHA_INICIO, FECHA_FINAL, ID_MODULO, TOTAL_REGISTROS, RESUMEN_MONTOS, FECHA_GENERACION, ID_ESTADO, ID_USUARIO) VALUES (30, 12, TO_DATE('2025-10-01', 'YYYY-MM-DD'), TO_DATE('2025-10-31', 'YYYY-MM-DD'), 4, 10, 0.00, TO_DATE('2025-11-10', 'YYYY-MM-DD'), 9, 6);
SELECT * FROM FIDE_REPORTES_TB;

-- Inserts Tabla FIDE_RESULTADOS_REPORTE_TB
INSERT INTO FIDE_RESULTADOS_REPORTE_TB (ID_RESULTADO, ID_REPORTE, METRICA_NOMBRE, METRICA_VALOR) VALUES (1, 1, 'Total Ingresos Ahorro Voluntario', '12500000.00');
INSERT INTO FIDE_RESULTADOS_REPORTE_TB (ID_RESULTADO, ID_REPORTE, METRICA_NOMBRE, METRICA_VALOR) VALUES (2, 1, 'Total Ingresos Ahorro Navideño', '8500000.00');
INSERT INTO FIDE_RESULTADOS_REPORTE_TB (ID_RESULTADO, ID_REPORTE, METRICA_NOMBRE, METRICA_VALOR) VALUES (3, 1, 'Total Retiros Anticipados', '1200000.00');
INSERT INTO FIDE_RESULTADOS_REPORTE_TB (ID_RESULTADO, ID_REPORTE, METRICA_NOMBRE, METRICA_VALOR) VALUES (4, 1, 'Rendimiento Promedio Mensual', '5.25%');
INSERT INTO FIDE_RESULTADOS_REPORTE_TB (ID_RESULTADO, ID_REPORTE, METRICA_NOMBRE, METRICA_VALOR) VALUES (5, 1, 'Nuevas Cuentas Aperturadas', '15');
INSERT INTO FIDE_RESULTADOS_REPORTE_TB (ID_RESULTADO, ID_REPORTE, METRICA_NOMBRE, METRICA_VALOR) VALUES (6, 1, 'Cuentas de Ahorro Liquidadas', '2');
INSERT INTO FIDE_RESULTADOS_REPORTE_TB (ID_RESULTADO, ID_REPORTE, METRICA_NOMBRE, METRICA_VALOR) VALUES (7, 1, 'Monto Promedio por Cuenta', '350000.00');
INSERT INTO FIDE_RESULTADOS_REPORTE_TB (ID_RESULTADO, ID_REPORTE, METRICA_NOMBRE, METRICA_VALOR) VALUES (8, 1, 'Aportes Extraordinarios Recibidos', '4500000.00');
INSERT INTO FIDE_RESULTADOS_REPORTE_TB (ID_RESULTADO, ID_REPORTE, METRICA_NOMBRE, METRICA_VALOR) VALUES (9, 1, 'Penalizaciones por Retiro Anticipado', '45000.00');
INSERT INTO FIDE_RESULTADOS_REPORTE_TB (ID_RESULTADO, ID_REPORTE, METRICA_NOMBRE, METRICA_VALOR) VALUES (10, 1, 'Saldo Global Cartera Ahorros', '150000000.00');
INSERT INTO FIDE_RESULTADOS_REPORTE_TB (ID_RESULTADO, ID_REPORTE, METRICA_NOMBRE, METRICA_VALOR) VALUES (11, 2, 'Índice de Morosidad Mayor a 30 Días', '2.50%');
INSERT INTO FIDE_RESULTADOS_REPORTE_TB (ID_RESULTADO, ID_REPORTE, METRICA_NOMBRE, METRICA_VALOR) VALUES (12, 2, 'Monto Total en Cobro Administrativo', '4500000.00');
INSERT INTO FIDE_RESULTADOS_REPORTE_TB (ID_RESULTADO, ID_REPORTE, METRICA_NOMBRE, METRICA_VALOR) VALUES (13, 2, 'Cantidad de Operaciones Atrasadas', '12');
INSERT INTO FIDE_RESULTADOS_REPORTE_TB (ID_RESULTADO, ID_REPORTE, METRICA_NOMBRE, METRICA_VALOR) VALUES (14, 2, 'Intereses Moratorios Generados', '125000.00');
INSERT INTO FIDE_RESULTADOS_REPORTE_TB (ID_RESULTADO, ID_REPORTE, METRICA_NOMBRE, METRICA_VALOR) VALUES (15, 2, 'Préstamos Trasladados a Cobro Judicial', '1');
INSERT INTO FIDE_RESULTADOS_REPORTE_TB (ID_RESULTADO, ID_REPORTE, METRICA_NOMBRE, METRICA_VALOR) VALUES (16, 2, 'Acuerdos de Pago Formalizados', '3');
INSERT INTO FIDE_RESULTADOS_REPORTE_TB (ID_RESULTADO, ID_REPORTE, METRICA_NOMBRE, METRICA_VALOR) VALUES (17, 2, 'Monto Recuperado de Cartera Vencida', '850000.00');
INSERT INTO FIDE_RESULTADOS_REPORTE_TB (ID_RESULTADO, ID_REPORTE, METRICA_NOMBRE, METRICA_VALOR) VALUES (18, 2, 'Saldo Riesgo Préstamos Personales', '3200000.00');
INSERT INTO FIDE_RESULTADOS_REPORTE_TB (ID_RESULTADO, ID_REPORTE, METRICA_NOMBRE, METRICA_VALOR) VALUES (19, 2, 'Saldo Riesgo Préstamos Hipotecarios', '1300000.00');
INSERT INTO FIDE_RESULTADOS_REPORTE_TB (ID_RESULTADO, ID_REPORTE, METRICA_NOMBRE, METRICA_VALOR) VALUES (20, 2, 'Provisiones por Incobrabilidad', '250000.00');
INSERT INTO FIDE_RESULTADOS_REPORTE_TB (ID_RESULTADO, ID_REPORTE, METRICA_NOMBRE, METRICA_VALOR) VALUES (21, 3, 'Total Inscripciones Confirmadas', '85');
INSERT INTO FIDE_RESULTADOS_REPORTE_TB (ID_RESULTADO, ID_REPORTE, METRICA_NOMBRE, METRICA_VALOR) VALUES (22, 3, 'Porcentaje de Asistencia Real', '92%');
INSERT INTO FIDE_RESULTADOS_REPORTE_TB (ID_RESULTADO, ID_REPORTE, METRICA_NOMBRE, METRICA_VALOR) VALUES (23, 3, 'Tasa de Ausentismo (No Show)', '8%');
INSERT INTO FIDE_RESULTADOS_REPORTE_TB (ID_RESULTADO, ID_REPORTE, METRICA_NOMBRE, METRICA_VALOR) VALUES (24, 3, 'Satisfacción Promedio del Evento', '4.8/5.0');
INSERT INTO FIDE_RESULTADOS_REPORTE_TB (ID_RESULTADO, ID_REPORTE, METRICA_NOMBRE, METRICA_VALOR) VALUES (25, 3, 'Costo Logístico por Participante', '12500.00');
INSERT INTO FIDE_RESULTADOS_REPORTE_TB (ID_RESULTADO, ID_REPORTE, METRICA_NOMBRE, METRICA_VALOR) VALUES (26, 3, 'Asociados de Sedes Regionales', '24');
INSERT INTO FIDE_RESULTADOS_REPORTE_TB (ID_RESULTADO, ID_REPORTE, METRICA_NOMBRE, METRICA_VALOR) VALUES (27, 3, 'Asociados de Sede Central', '61');
INSERT INTO FIDE_RESULTADOS_REPORTE_TB (ID_RESULTADO, ID_REPORTE, METRICA_NOMBRE, METRICA_VALOR) VALUES (28, 3, 'Participantes de Nuevo Ingreso', '15');
INSERT INTO FIDE_RESULTADOS_REPORTE_TB (ID_RESULTADO, ID_REPORTE, METRICA_NOMBRE, METRICA_VALOR) VALUES (29, 3, 'Solicitudes en Lista de Espera', '12');
INSERT INTO FIDE_RESULTADOS_REPORTE_TB (ID_RESULTADO, ID_REPORTE, METRICA_NOMBRE, METRICA_VALOR) VALUES (30, 3, 'Inversión Total de la Actividad', '1062500.00');
INSERT INTO FIDE_RESULTADOS_REPORTE_TB (ID_RESULTADO, ID_REPORTE, METRICA_NOMBRE, METRICA_VALOR) VALUES (31, 4, 'Total Asociados Activos', '450');
INSERT INTO FIDE_RESULTADOS_REPORTE_TB (ID_RESULTADO, ID_REPORTE, METRICA_NOMBRE, METRICA_VALOR) VALUES (32, 4, 'Nuevas Afiliaciones del Mes', '25');
INSERT INTO FIDE_RESULTADOS_REPORTE_TB (ID_RESULTADO, ID_REPORTE, METRICA_NOMBRE, METRICA_VALOR) VALUES (33, 4, 'Renuncias a la Asociación', '4');
INSERT INTO FIDE_RESULTADOS_REPORTE_TB (ID_RESULTADO, ID_REPORTE, METRICA_NOMBRE, METRICA_VALOR) VALUES (34, 4, 'Porcentaje de Penetración en Planilla', '78.50%');
INSERT INTO FIDE_RESULTADOS_REPORTE_TB (ID_RESULTADO, ID_REPORTE, METRICA_NOMBRE, METRICA_VALOR) VALUES (35, 4, 'Aporte Mensual Promedio per Cápita', '45500.00');
INSERT INTO FIDE_RESULTADOS_REPORTE_TB (ID_RESULTADO, ID_REPORTE, METRICA_NOMBRE, METRICA_VALOR) VALUES (36, 4, 'Asociados con Préstamos Activos', '210');
INSERT INTO FIDE_RESULTADOS_REPORTE_TB (ID_RESULTADO, ID_REPORTE, METRICA_NOMBRE, METRICA_VALOR) VALUES (37, 4, 'Asociados con Ahorros Extraordinarios', '135');
INSERT INTO FIDE_RESULTADOS_REPORTE_TB (ID_RESULTADO, ID_REPORTE, METRICA_NOMBRE, METRICA_VALOR) VALUES (38, 4, 'Antigüedad Promedio (Años)', '4.5');
INSERT INTO FIDE_RESULTADOS_REPORTE_TB (ID_RESULTADO, ID_REPORTE, METRICA_NOMBRE, METRICA_VALOR) VALUES (39, 4, 'Total Hombres Afiliados', '230');
INSERT INTO FIDE_RESULTADOS_REPORTE_TB (ID_RESULTADO, ID_REPORTE, METRICA_NOMBRE, METRICA_VALOR) VALUES (40, 4, 'Total Mujeres Afiliadas', '220');
INSERT INTO FIDE_RESULTADOS_REPORTE_TB (ID_RESULTADO, ID_REPORTE, METRICA_NOMBRE, METRICA_VALOR) VALUES (41, 5, 'Volumen de Transacciones Procesadas', '1250');
INSERT INTO FIDE_RESULTADOS_REPORTE_TB (ID_RESULTADO, ID_REPORTE, METRICA_NOMBRE, METRICA_VALOR) VALUES (42, 5, 'Monto Total Débitos', '45000000.00');
INSERT INTO FIDE_RESULTADOS_REPORTE_TB (ID_RESULTADO, ID_REPORTE, METRICA_NOMBRE, METRICA_VALOR) VALUES (43, 5, 'Monto Total Créditos', '52000000.00');
INSERT INTO FIDE_RESULTADOS_REPORTE_TB (ID_RESULTADO, ID_REPORTE, METRICA_NOMBRE, METRICA_VALOR) VALUES (44, 5, 'Reversiones por Error de Sistema', '5');
INSERT INTO FIDE_RESULTADOS_REPORTE_TB (ID_RESULTADO, ID_REPORTE, METRICA_NOMBRE, METRICA_VALOR) VALUES (45, 5, 'Monto de Reversiones Contables', '250000.00');
INSERT INTO FIDE_RESULTADOS_REPORTE_TB (ID_RESULTADO, ID_REPORTE, METRICA_NOMBRE, METRICA_VALOR) VALUES (46, 5, 'Transacciones Aprobadas vía SINPE', '850');
INSERT INTO FIDE_RESULTADOS_REPORTE_TB (ID_RESULTADO, ID_REPORTE, METRICA_NOMBRE, METRICA_VALOR) VALUES (47, 5, 'Transacciones por Deducción Planilla', '380');
INSERT INTO FIDE_RESULTADOS_REPORTE_TB (ID_RESULTADO, ID_REPORTE, METRICA_NOMBRE, METRICA_VALOR) VALUES (48, 5, 'Ajustes Manuales de Auditoría', '2');
INSERT INTO FIDE_RESULTADOS_REPORTE_TB (ID_RESULTADO, ID_REPORTE, METRICA_NOMBRE, METRICA_VALOR) VALUES (49, 5, 'Conciliaciones Bancarias Pendientes', '0');
INSERT INTO FIDE_RESULTADOS_REPORTE_TB (ID_RESULTADO, ID_REPORTE, METRICA_NOMBRE, METRICA_VALOR) VALUES (50, 5, 'Liquidaciones de Préstamos Finalizadas', '18');
INSERT INTO FIDE_RESULTADOS_REPORTE_TB (ID_RESULTADO, ID_REPORTE, METRICA_NOMBRE, METRICA_VALOR) VALUES (51, 6, 'Evaluación Promedio del Expositor', '4.9/5.0');
INSERT INTO FIDE_RESULTADOS_REPORTE_TB (ID_RESULTADO, ID_REPORTE, METRICA_NOMBRE, METRICA_VALOR) VALUES (52, 6, 'Materiales Didácticos Entregados', '100');
INSERT INTO FIDE_RESULTADOS_REPORTE_TB (ID_RESULTADO, ID_REPORTE, METRICA_NOMBRE, METRICA_VALOR) VALUES (53, 6, 'Costo Total de Refrigerios', '250000.00');
INSERT INTO FIDE_RESULTADOS_REPORTE_TB (ID_RESULTADO, ID_REPORTE, METRICA_NOMBRE, METRICA_VALOR) VALUES (54, 6, 'Certificados Emitidos', '95');
INSERT INTO FIDE_RESULTADOS_REPORTE_TB (ID_RESULTADO, ID_REPORTE, METRICA_NOMBRE, METRICA_VALOR) VALUES (55, 6, 'Horas de Capacitación Acumuladas', '400');
INSERT INTO FIDE_RESULTADOS_REPORTE_TB (ID_RESULTADO, ID_REPORTE, METRICA_NOMBRE, METRICA_VALOR) VALUES (56, 6, 'Porcentaje de Participación Femenina', '55%');
INSERT INTO FIDE_RESULTADOS_REPORTE_TB (ID_RESULTADO, ID_REPORTE, METRICA_NOMBRE, METRICA_VALOR) VALUES (57, 6, 'Porcentaje de Participación Masculina', '45%');
INSERT INTO FIDE_RESULTADOS_REPORTE_TB (ID_RESULTADO, ID_REPORTE, METRICA_NOMBRE, METRICA_VALOR) VALUES (58, 6, 'Índice de Puntualidad del Evento', '88%');
INSERT INTO FIDE_RESULTADOS_REPORTE_TB (ID_RESULTADO, ID_REPORTE, METRICA_NOMBRE, METRICA_VALOR) VALUES (59, 6, 'Retorno de Inversión (ROI) Calculado', '15%');
INSERT INTO FIDE_RESULTADOS_REPORTE_TB (ID_RESULTADO, ID_REPORTE, METRICA_NOMBRE, METRICA_VALOR) VALUES (60, 6, 'Sugerencias de Mejora Recibidas', '3');
INSERT INTO FIDE_RESULTADOS_REPORTE_TB (ID_RESULTADO, ID_REPORTE, METRICA_NOMBRE, METRICA_VALOR) VALUES (61, 7, 'Total Ingresos Ahorro Voluntario', '12800000.00');
INSERT INTO FIDE_RESULTADOS_REPORTE_TB (ID_RESULTADO, ID_REPORTE, METRICA_NOMBRE, METRICA_VALOR) VALUES (62, 7, 'Total Ingresos Ahorro Navideño', '8750000.00');
INSERT INTO FIDE_RESULTADOS_REPORTE_TB (ID_RESULTADO, ID_REPORTE, METRICA_NOMBRE, METRICA_VALOR) VALUES (63, 7, 'Total Retiros Anticipados', '950000.00');
INSERT INTO FIDE_RESULTADOS_REPORTE_TB (ID_RESULTADO, ID_REPORTE, METRICA_NOMBRE, METRICA_VALOR) VALUES (64, 7, 'Rendimiento Promedio Mensual', '5.30%');
INSERT INTO FIDE_RESULTADOS_REPORTE_TB (ID_RESULTADO, ID_REPORTE, METRICA_NOMBRE, METRICA_VALOR) VALUES (65, 7, 'Nuevas Cuentas Aperturadas', '22');
INSERT INTO FIDE_RESULTADOS_REPORTE_TB (ID_RESULTADO, ID_REPORTE, METRICA_NOMBRE, METRICA_VALOR) VALUES (66, 7, 'Cuentas de Ahorro Liquidadas', '1');
INSERT INTO FIDE_RESULTADOS_REPORTE_TB (ID_RESULTADO, ID_REPORTE, METRICA_NOMBRE, METRICA_VALOR) VALUES (67, 7, 'Monto Promedio por Cuenta', '355000.00');
INSERT INTO FIDE_RESULTADOS_REPORTE_TB (ID_RESULTADO, ID_REPORTE, METRICA_NOMBRE, METRICA_VALOR) VALUES (68, 7, 'Aportes Extraordinarios Recibidos', '4800000.00');
INSERT INTO FIDE_RESULTADOS_REPORTE_TB (ID_RESULTADO, ID_REPORTE, METRICA_NOMBRE, METRICA_VALOR) VALUES (69, 7, 'Penalizaciones por Retiro Anticipado', '35000.00');
INSERT INTO FIDE_RESULTADOS_REPORTE_TB (ID_RESULTADO, ID_REPORTE, METRICA_NOMBRE, METRICA_VALOR) VALUES (70, 7, 'Saldo Global Cartera Ahorros', '155000000.00');
INSERT INTO FIDE_RESULTADOS_REPORTE_TB (ID_RESULTADO, ID_REPORTE, METRICA_NOMBRE, METRICA_VALOR) VALUES (71, 8, 'Índice de Morosidad Mayor a 30 Días', '2.30%');
INSERT INTO FIDE_RESULTADOS_REPORTE_TB (ID_RESULTADO, ID_REPORTE, METRICA_NOMBRE, METRICA_VALOR) VALUES (72, 8, 'Monto Total en Cobro Administrativo', '4200000.00');
INSERT INTO FIDE_RESULTADOS_REPORTE_TB (ID_RESULTADO, ID_REPORTE, METRICA_NOMBRE, METRICA_VALOR) VALUES (73, 8, 'Cantidad de Operaciones Atrasadas', '10');
INSERT INTO FIDE_RESULTADOS_REPORTE_TB (ID_RESULTADO, ID_REPORTE, METRICA_NOMBRE, METRICA_VALOR) VALUES (74, 8, 'Intereses Moratorios Generados', '110000.00');
INSERT INTO FIDE_RESULTADOS_REPORTE_TB (ID_RESULTADO, ID_REPORTE, METRICA_NOMBRE, METRICA_VALOR) VALUES (75, 8, 'Préstamos Trasladados a Cobro Judicial', '0');
INSERT INTO FIDE_RESULTADOS_REPORTE_TB (ID_RESULTADO, ID_REPORTE, METRICA_NOMBRE, METRICA_VALOR) VALUES (76, 8, 'Acuerdos de Pago Formalizados', '5');
INSERT INTO FIDE_RESULTADOS_REPORTE_TB (ID_RESULTADO, ID_REPORTE, METRICA_NOMBRE, METRICA_VALOR) VALUES (77, 8, 'Monto Recuperado de Cartera Vencida', '1250000.00');
INSERT INTO FIDE_RESULTADOS_REPORTE_TB (ID_RESULTADO, ID_REPORTE, METRICA_NOMBRE, METRICA_VALOR) VALUES (78, 8, 'Saldo Riesgo Préstamos Personales', '3000000.00');
INSERT INTO FIDE_RESULTADOS_REPORTE_TB (ID_RESULTADO, ID_REPORTE, METRICA_NOMBRE, METRICA_VALOR) VALUES (79, 8, 'Saldo Riesgo Préstamos Hipotecarios', '1200000.00');
INSERT INTO FIDE_RESULTADOS_REPORTE_TB (ID_RESULTADO, ID_REPORTE, METRICA_NOMBRE, METRICA_VALOR) VALUES (80, 8, 'Provisiones por Incobrabilidad', '220000.00');
INSERT INTO FIDE_RESULTADOS_REPORTE_TB (ID_RESULTADO, ID_REPORTE, METRICA_NOMBRE, METRICA_VALOR) VALUES (81, 9, 'Total Inscripciones Confirmadas', '90');
INSERT INTO FIDE_RESULTADOS_REPORTE_TB (ID_RESULTADO, ID_REPORTE, METRICA_NOMBRE, METRICA_VALOR) VALUES (82, 9, 'Porcentaje de Asistencia Real', '94%');
INSERT INTO FIDE_RESULTADOS_REPORTE_TB (ID_RESULTADO, ID_REPORTE, METRICA_NOMBRE, METRICA_VALOR) VALUES (83, 9, 'Tasa de Ausentismo (No Show)', '6%');
INSERT INTO FIDE_RESULTADOS_REPORTE_TB (ID_RESULTADO, ID_REPORTE, METRICA_NOMBRE, METRICA_VALOR) VALUES (84, 9, 'Satisfacción Promedio del Evento', '4.9/5.0');
INSERT INTO FIDE_RESULTADOS_REPORTE_TB (ID_RESULTADO, ID_REPORTE, METRICA_NOMBRE, METRICA_VALOR) VALUES (85, 9, 'Costo Logístico por Participante', '11500.00');
INSERT INTO FIDE_RESULTADOS_REPORTE_TB (ID_RESULTADO, ID_REPORTE, METRICA_NOMBRE, METRICA_VALOR) VALUES (86, 9, 'Asociados de Sedes Regionales', '28');
INSERT INTO FIDE_RESULTADOS_REPORTE_TB (ID_RESULTADO, ID_REPORTE, METRICA_NOMBRE, METRICA_VALOR) VALUES (87, 9, 'Asociados de Sede Central', '62');
INSERT INTO FIDE_RESULTADOS_REPORTE_TB (ID_RESULTADO, ID_REPORTE, METRICA_NOMBRE, METRICA_VALOR) VALUES (88, 9, 'Participantes de Nuevo Ingreso', '18');
INSERT INTO FIDE_RESULTADOS_REPORTE_TB (ID_RESULTADO, ID_REPORTE, METRICA_NOMBRE, METRICA_VALOR) VALUES (89, 9, 'Solicitudes en Lista de Espera', '5');
INSERT INTO FIDE_RESULTADOS_REPORTE_TB (ID_RESULTADO, ID_REPORTE, METRICA_NOMBRE, METRICA_VALOR) VALUES (90, 9, 'Inversión Total de la Actividad', '1035000.00');
INSERT INTO FIDE_RESULTADOS_REPORTE_TB (ID_RESULTADO, ID_REPORTE, METRICA_NOMBRE, METRICA_VALOR) VALUES (91, 10, 'Total Asociados Activos', '462');
INSERT INTO FIDE_RESULTADOS_REPORTE_TB (ID_RESULTADO, ID_REPORTE, METRICA_NOMBRE, METRICA_VALOR) VALUES (92, 10, 'Nuevas Afiliaciones del Mes', '15');
INSERT INTO FIDE_RESULTADOS_REPORTE_TB (ID_RESULTADO, ID_REPORTE, METRICA_NOMBRE, METRICA_VALOR) VALUES (93, 10, 'Renuncias a la Asociación', '3');
INSERT INTO FIDE_RESULTADOS_REPORTE_TB (ID_RESULTADO, ID_REPORTE, METRICA_NOMBRE, METRICA_VALOR) VALUES (94, 10, 'Porcentaje de Penetración en Planilla', '79.20%');
INSERT INTO FIDE_RESULTADOS_REPORTE_TB (ID_RESULTADO, ID_REPORTE, METRICA_NOMBRE, METRICA_VALOR) VALUES (95, 10, 'Aporte Mensual Promedio per Cápita', '45800.00');
INSERT INTO FIDE_RESULTADOS_REPORTE_TB (ID_RESULTADO, ID_REPORTE, METRICA_NOMBRE, METRICA_VALOR) VALUES (96, 10, 'Asociados con Préstamos Activos', '215');
INSERT INTO FIDE_RESULTADOS_REPORTE_TB (ID_RESULTADO, ID_REPORTE, METRICA_NOMBRE, METRICA_VALOR) VALUES (97, 10, 'Asociados con Ahorros Extraordinarios', '140');
INSERT INTO FIDE_RESULTADOS_REPORTE_TB (ID_RESULTADO, ID_REPORTE, METRICA_NOMBRE, METRICA_VALOR) VALUES (98, 10, 'Antigüedad Promedio (Años)', '4.6');
INSERT INTO FIDE_RESULTADOS_REPORTE_TB (ID_RESULTADO, ID_REPORTE, METRICA_NOMBRE, METRICA_VALOR) VALUES (99, 10, 'Total Hombres Afiliados', '235');
INSERT INTO FIDE_RESULTADOS_REPORTE_TB (ID_RESULTADO, ID_REPORTE, METRICA_NOMBRE, METRICA_VALOR) VALUES (100, 10, 'Total Mujeres Afiliadas', '227');
INSERT INTO FIDE_RESULTADOS_REPORTE_TB (ID_RESULTADO, ID_REPORTE, METRICA_NOMBRE, METRICA_VALOR) VALUES (101, 11, 'Volumen de Transacciones Procesadas', '1310');
INSERT INTO FIDE_RESULTADOS_REPORTE_TB (ID_RESULTADO, ID_REPORTE, METRICA_NOMBRE, METRICA_VALOR) VALUES (102, 11, 'Monto Total Débitos', '46500000.00');
INSERT INTO FIDE_RESULTADOS_REPORTE_TB (ID_RESULTADO, ID_REPORTE, METRICA_NOMBRE, METRICA_VALOR) VALUES (103, 11, 'Monto Total Créditos', '53800000.00');
INSERT INTO FIDE_RESULTADOS_REPORTE_TB (ID_RESULTADO, ID_REPORTE, METRICA_NOMBRE, METRICA_VALOR) VALUES (104, 11, 'Reversiones por Error de Sistema', '3');
INSERT INTO FIDE_RESULTADOS_REPORTE_TB (ID_RESULTADO, ID_REPORTE, METRICA_NOMBRE, METRICA_VALOR) VALUES (105, 11, 'Monto de Reversiones Contables', '120000.00');
INSERT INTO FIDE_RESULTADOS_REPORTE_TB (ID_RESULTADO, ID_REPORTE, METRICA_NOMBRE, METRICA_VALOR) VALUES (106, 11, 'Transacciones Aprobadas vía SINPE', '920');
INSERT INTO FIDE_RESULTADOS_REPORTE_TB (ID_RESULTADO, ID_REPORTE, METRICA_NOMBRE, METRICA_VALOR) VALUES (107, 11, 'Transacciones por Deducción Planilla', '385');
INSERT INTO FIDE_RESULTADOS_REPORTE_TB (ID_RESULTADO, ID_REPORTE, METRICA_NOMBRE, METRICA_VALOR) VALUES (108, 11, 'Ajustes Manuales de Auditoría', '1');
INSERT INTO FIDE_RESULTADOS_REPORTE_TB (ID_RESULTADO, ID_REPORTE, METRICA_NOMBRE, METRICA_VALOR) VALUES (109, 11, 'Conciliaciones Bancarias Pendientes', '0');
INSERT INTO FIDE_RESULTADOS_REPORTE_TB (ID_RESULTADO, ID_REPORTE, METRICA_NOMBRE, METRICA_VALOR) VALUES (110, 11, 'Liquidaciones de Préstamos Finalizadas', '22');
INSERT INTO FIDE_RESULTADOS_REPORTE_TB (ID_RESULTADO, ID_REPORTE, METRICA_NOMBRE, METRICA_VALOR) VALUES (111, 12, 'Evaluación Promedio del Expositor', '4.7/5.0');
INSERT INTO FIDE_RESULTADOS_REPORTE_TB (ID_RESULTADO, ID_REPORTE, METRICA_NOMBRE, METRICA_VALOR) VALUES (112, 12, 'Materiales Didácticos Entregados', '85');
INSERT INTO FIDE_RESULTADOS_REPORTE_TB (ID_RESULTADO, ID_REPORTE, METRICA_NOMBRE, METRICA_VALOR) VALUES (113, 12, 'Costo Total de Refrigerios', '210000.00');
INSERT INTO FIDE_RESULTADOS_REPORTE_TB (ID_RESULTADO, ID_REPORTE, METRICA_NOMBRE, METRICA_VALOR) VALUES (114, 12, 'Certificados Emitidos', '85');
INSERT INTO FIDE_RESULTADOS_REPORTE_TB (ID_RESULTADO, ID_REPORTE, METRICA_NOMBRE, METRICA_VALOR) VALUES (115, 12, 'Horas de Capacitación Acumuladas', '340');
INSERT INTO FIDE_RESULTADOS_REPORTE_TB (ID_RESULTADO, ID_REPORTE, METRICA_NOMBRE, METRICA_VALOR) VALUES (116, 12, 'Porcentaje de Participación Femenina', '60%');
INSERT INTO FIDE_RESULTADOS_REPORTE_TB (ID_RESULTADO, ID_REPORTE, METRICA_NOMBRE, METRICA_VALOR) VALUES (117, 12, 'Porcentaje de Participación Masculina', '40%');
INSERT INTO FIDE_RESULTADOS_REPORTE_TB (ID_RESULTADO, ID_REPORTE, METRICA_NOMBRE, METRICA_VALOR) VALUES (118, 12, 'Índice de Puntualidad del Evento', '92%');
INSERT INTO FIDE_RESULTADOS_REPORTE_TB (ID_RESULTADO, ID_REPORTE, METRICA_NOMBRE, METRICA_VALOR) VALUES (119, 12, 'Retorno de Inversión (ROI) Calculado', '18%');
INSERT INTO FIDE_RESULTADOS_REPORTE_TB (ID_RESULTADO, ID_REPORTE, METRICA_NOMBRE, METRICA_VALOR) VALUES (120, 12, 'Sugerencias de Mejora Recibidas', '5');
INSERT INTO FIDE_RESULTADOS_REPORTE_TB (ID_RESULTADO, ID_REPORTE, METRICA_NOMBRE, METRICA_VALOR) VALUES (121, 13, 'Total Ingresos Ahorro Voluntario', '13100000.00');
INSERT INTO FIDE_RESULTADOS_REPORTE_TB (ID_RESULTADO, ID_REPORTE, METRICA_NOMBRE, METRICA_VALOR) VALUES (122, 13, 'Total Ingresos Ahorro Navideño', '8900000.00');
INSERT INTO FIDE_RESULTADOS_REPORTE_TB (ID_RESULTADO, ID_REPORTE, METRICA_NOMBRE, METRICA_VALOR) VALUES (123, 13, 'Total Retiros Anticipados', '850000.00');
INSERT INTO FIDE_RESULTADOS_REPORTE_TB (ID_RESULTADO, ID_REPORTE, METRICA_NOMBRE, METRICA_VALOR) VALUES (124, 13, 'Rendimiento Promedio Mensual', '5.35%');
INSERT INTO FIDE_RESULTADOS_REPORTE_TB (ID_RESULTADO, ID_REPORTE, METRICA_NOMBRE, METRICA_VALOR) VALUES (125, 13, 'Nuevas Cuentas Aperturadas', '18');
INSERT INTO FIDE_RESULTADOS_REPORTE_TB (ID_RESULTADO, ID_REPORTE, METRICA_NOMBRE, METRICA_VALOR) VALUES (126, 13, 'Cuentas de Ahorro Liquidadas', '3');
INSERT INTO FIDE_RESULTADOS_REPORTE_TB (ID_RESULTADO, ID_REPORTE, METRICA_NOMBRE, METRICA_VALOR) VALUES (127, 13, 'Monto Promedio por Cuenta', '362000.00');
INSERT INTO FIDE_RESULTADOS_REPORTE_TB (ID_RESULTADO, ID_REPORTE, METRICA_NOMBRE, METRICA_VALOR) VALUES (128, 13, 'Aportes Extraordinarios Recibidos', '5100000.00');
INSERT INTO FIDE_RESULTADOS_REPORTE_TB (ID_RESULTADO, ID_REPORTE, METRICA_NOMBRE, METRICA_VALOR) VALUES (129, 13, 'Penalizaciones por Retiro Anticipado', '25000.00');
INSERT INTO FIDE_RESULTADOS_REPORTE_TB (ID_RESULTADO, ID_REPORTE, METRICA_NOMBRE, METRICA_VALOR) VALUES (130, 13, 'Saldo Global Cartera Ahorros', '161000000.00');
INSERT INTO FIDE_RESULTADOS_REPORTE_TB (ID_RESULTADO, ID_REPORTE, METRICA_NOMBRE, METRICA_VALOR) VALUES (131, 14, 'Índice de Morosidad Mayor a 30 Días', '2.60%');
INSERT INTO FIDE_RESULTADOS_REPORTE_TB (ID_RESULTADO, ID_REPORTE, METRICA_NOMBRE, METRICA_VALOR) VALUES (132, 14, 'Monto Total en Cobro Administrativo', '4800000.00');
INSERT INTO FIDE_RESULTADOS_REPORTE_TB (ID_RESULTADO, ID_REPORTE, METRICA_NOMBRE, METRICA_VALOR) VALUES (133, 14, 'Cantidad de Operaciones Atrasadas', '14');
INSERT INTO FIDE_RESULTADOS_REPORTE_TB (ID_RESULTADO, ID_REPORTE, METRICA_NOMBRE, METRICA_VALOR) VALUES (134, 14, 'Intereses Moratorios Generados', '145000.00');
INSERT INTO FIDE_RESULTADOS_REPORTE_TB (ID_RESULTADO, ID_REPORTE, METRICA_NOMBRE, METRICA_VALOR) VALUES (135, 14, 'Préstamos Trasladados a Cobro Judicial', '2');
INSERT INTO FIDE_RESULTADOS_REPORTE_TB (ID_RESULTADO, ID_REPORTE, METRICA_NOMBRE, METRICA_VALOR) VALUES (136, 14, 'Acuerdos de Pago Formalizados', '1');
INSERT INTO FIDE_RESULTADOS_REPORTE_TB (ID_RESULTADO, ID_REPORTE, METRICA_NOMBRE, METRICA_VALOR) VALUES (137, 14, 'Monto Recuperado de Cartera Vencida', '500000.00');
INSERT INTO FIDE_RESULTADOS_REPORTE_TB (ID_RESULTADO, ID_REPORTE, METRICA_NOMBRE, METRICA_VALOR) VALUES (138, 14, 'Saldo Riesgo Préstamos Personales', '3400000.00');
INSERT INTO FIDE_RESULTADOS_REPORTE_TB (ID_RESULTADO, ID_REPORTE, METRICA_NOMBRE, METRICA_VALOR) VALUES (139, 14, 'Saldo Riesgo Préstamos Hipotecarios', '1400000.00');
INSERT INTO FIDE_RESULTADOS_REPORTE_TB (ID_RESULTADO, ID_REPORTE, METRICA_NOMBRE, METRICA_VALOR) VALUES (140, 14, 'Provisiones por Incobrabilidad', '280000.00');
INSERT INTO FIDE_RESULTADOS_REPORTE_TB (ID_RESULTADO, ID_REPORTE, METRICA_NOMBRE, METRICA_VALOR) VALUES (141, 15, 'Total Inscripciones Confirmadas', '110');
INSERT INTO FIDE_RESULTADOS_REPORTE_TB (ID_RESULTADO, ID_REPORTE, METRICA_NOMBRE, METRICA_VALOR) VALUES (142, 15, 'Porcentaje de Asistencia Real', '95%');
INSERT INTO FIDE_RESULTADOS_REPORTE_TB (ID_RESULTADO, ID_REPORTE, METRICA_NOMBRE, METRICA_VALOR) VALUES (143, 15, 'Tasa de Ausentismo (No Show)', '5%');
INSERT INTO FIDE_RESULTADOS_REPORTE_TB (ID_RESULTADO, ID_REPORTE, METRICA_NOMBRE, METRICA_VALOR) VALUES (144, 15, 'Satisfacción Promedio del Evento', '4.6/5.0');
INSERT INTO FIDE_RESULTADOS_REPORTE_TB (ID_RESULTADO, ID_REPORTE, METRICA_NOMBRE, METRICA_VALOR) VALUES (145, 15, 'Costo Logístico por Participante', '10500.00');
INSERT INTO FIDE_RESULTADOS_REPORTE_TB (ID_RESULTADO, ID_REPORTE, METRICA_NOMBRE, METRICA_VALOR) VALUES (146, 15, 'Asociados de Sedes Regionales', '40');
INSERT INTO FIDE_RESULTADOS_REPORTE_TB (ID_RESULTADO, ID_REPORTE, METRICA_NOMBRE, METRICA_VALOR) VALUES (147, 15, 'Asociados de Sede Central', '70');
INSERT INTO FIDE_RESULTADOS_REPORTE_TB (ID_RESULTADO, ID_REPORTE, METRICA_NOMBRE, METRICA_VALOR) VALUES (148, 15, 'Participantes de Nuevo Ingreso', '22');
INSERT INTO FIDE_RESULTADOS_REPORTE_TB (ID_RESULTADO, ID_REPORTE, METRICA_NOMBRE, METRICA_VALOR) VALUES (149, 15, 'Solicitudes en Lista de Espera', '0');
INSERT INTO FIDE_RESULTADOS_REPORTE_TB (ID_RESULTADO, ID_REPORTE, METRICA_NOMBRE, METRICA_VALOR) VALUES (150, 15, 'Inversión Total de la Actividad', '1155000.00');
INSERT INTO FIDE_RESULTADOS_REPORTE_TB (ID_RESULTADO, ID_REPORTE, METRICA_NOMBRE, METRICA_VALOR) VALUES (151, 16, 'Total Asociados Activos', '470');
INSERT INTO FIDE_RESULTADOS_REPORTE_TB (ID_RESULTADO, ID_REPORTE, METRICA_NOMBRE, METRICA_VALOR) VALUES (152, 16, 'Nuevas Afiliaciones del Mes', '12');
INSERT INTO FIDE_RESULTADOS_REPORTE_TB (ID_RESULTADO, ID_REPORTE, METRICA_NOMBRE, METRICA_VALOR) VALUES (153, 16, 'Renuncias a la Asociación', '4');
INSERT INTO FIDE_RESULTADOS_REPORTE_TB (ID_RESULTADO, ID_REPORTE, METRICA_NOMBRE, METRICA_VALOR) VALUES (154, 16, 'Porcentaje de Penetración en Planilla', '79.80%');
INSERT INTO FIDE_RESULTADOS_REPORTE_TB (ID_RESULTADO, ID_REPORTE, METRICA_NOMBRE, METRICA_VALOR) VALUES (155, 16, 'Aporte Mensual Promedio per Cápita', '46100.00');
INSERT INTO FIDE_RESULTADOS_REPORTE_TB (ID_RESULTADO, ID_REPORTE, METRICA_NOMBRE, METRICA_VALOR) VALUES (156, 16, 'Asociados con Préstamos Activos', '218');
INSERT INTO FIDE_RESULTADOS_REPORTE_TB (ID_RESULTADO, ID_REPORTE, METRICA_NOMBRE, METRICA_VALOR) VALUES (157, 16, 'Asociados con Ahorros Extraordinarios', '145');
INSERT INTO FIDE_RESULTADOS_REPORTE_TB (ID_RESULTADO, ID_REPORTE, METRICA_NOMBRE, METRICA_VALOR) VALUES (158, 16, 'Antigüedad Promedio (Años)', '4.7');
INSERT INTO FIDE_RESULTADOS_REPORTE_TB (ID_RESULTADO, ID_REPORTE, METRICA_NOMBRE, METRICA_VALOR) VALUES (159, 16, 'Total Hombres Afiliados', '240');
INSERT INTO FIDE_RESULTADOS_REPORTE_TB (ID_RESULTADO, ID_REPORTE, METRICA_NOMBRE, METRICA_VALOR) VALUES (160, 16, 'Total Mujeres Afiliadas', '230');
INSERT INTO FIDE_RESULTADOS_REPORTE_TB (ID_RESULTADO, ID_REPORTE, METRICA_NOMBRE, METRICA_VALOR) VALUES (161, 17, 'Volumen de Transacciones Procesadas', '1285');
INSERT INTO FIDE_RESULTADOS_REPORTE_TB (ID_RESULTADO, ID_REPORTE, METRICA_NOMBRE, METRICA_VALOR) VALUES (162, 17, 'Monto Total Débitos', '47100000.00');
INSERT INTO FIDE_RESULTADOS_REPORTE_TB (ID_RESULTADO, ID_REPORTE, METRICA_NOMBRE, METRICA_VALOR) VALUES (163, 17, 'Monto Total Créditos', '55200000.00');
INSERT INTO FIDE_RESULTADOS_REPORTE_TB (ID_RESULTADO, ID_REPORTE, METRICA_NOMBRE, METRICA_VALOR) VALUES (164, 17, 'Reversiones por Error de Sistema', '2');
INSERT INTO FIDE_RESULTADOS_REPORTE_TB (ID_RESULTADO, ID_REPORTE, METRICA_NOMBRE, METRICA_VALOR) VALUES (165, 17, 'Monto de Reversiones Contables', '80000.00');
INSERT INTO FIDE_RESULTADOS_REPORTE_TB (ID_RESULTADO, ID_REPORTE, METRICA_NOMBRE, METRICA_VALOR) VALUES (166, 17, 'Transacciones Aprobadas vía SINPE', '950');
INSERT INTO FIDE_RESULTADOS_REPORTE_TB (ID_RESULTADO, ID_REPORTE, METRICA_NOMBRE, METRICA_VALOR) VALUES (167, 17, 'Transacciones por Deducción Planilla', '390');
INSERT INTO FIDE_RESULTADOS_REPORTE_TB (ID_RESULTADO, ID_REPORTE, METRICA_NOMBRE, METRICA_VALOR) VALUES (168, 17, 'Ajustes Manuales de Auditoría', '0');
INSERT INTO FIDE_RESULTADOS_REPORTE_TB (ID_RESULTADO, ID_REPORTE, METRICA_NOMBRE, METRICA_VALOR) VALUES (169, 17, 'Conciliaciones Bancarias Pendientes', '1');
INSERT INTO FIDE_RESULTADOS_REPORTE_TB (ID_RESULTADO, ID_REPORTE, METRICA_NOMBRE, METRICA_VALOR) VALUES (170, 17, 'Liquidaciones de Préstamos Finalizadas', '15');
INSERT INTO FIDE_RESULTADOS_REPORTE_TB (ID_RESULTADO, ID_REPORTE, METRICA_NOMBRE, METRICA_VALOR) VALUES (171, 18, 'Evaluación Promedio del Expositor', '4.8/5.0');
INSERT INTO FIDE_RESULTADOS_REPORTE_TB (ID_RESULTADO, ID_REPORTE, METRICA_NOMBRE, METRICA_VALOR) VALUES (172, 18, 'Materiales Didácticos Entregados', '110');
INSERT INTO FIDE_RESULTADOS_REPORTE_TB (ID_RESULTADO, ID_REPORTE, METRICA_NOMBRE, METRICA_VALOR) VALUES (173, 18, 'Costo Total de Refrigerios', '280000.00');
INSERT INTO FIDE_RESULTADOS_REPORTE_TB (ID_RESULTADO, ID_REPORTE, METRICA_NOMBRE, METRICA_VALOR) VALUES (174, 18, 'Certificados Emitidos', '110');
INSERT INTO FIDE_RESULTADOS_REPORTE_TB (ID_RESULTADO, ID_REPORTE, METRICA_NOMBRE, METRICA_VALOR) VALUES (175, 18, 'Horas de Capacitación Acumuladas', '440');
INSERT INTO FIDE_RESULTADOS_REPORTE_TB (ID_RESULTADO, ID_REPORTE, METRICA_NOMBRE, METRICA_VALOR) VALUES (176, 18, 'Porcentaje de Participación Femenina', '52%');
INSERT INTO FIDE_RESULTADOS_REPORTE_TB (ID_RESULTADO, ID_REPORTE, METRICA_NOMBRE, METRICA_VALOR) VALUES (177, 18, 'Porcentaje de Participación Masculina', '48%');
INSERT INTO FIDE_RESULTADOS_REPORTE_TB (ID_RESULTADO, ID_REPORTE, METRICA_NOMBRE, METRICA_VALOR) VALUES (178, 18, 'Índice de Puntualidad del Evento', '95%');
INSERT INTO FIDE_RESULTADOS_REPORTE_TB (ID_RESULTADO, ID_REPORTE, METRICA_NOMBRE, METRICA_VALOR) VALUES (179, 18, 'Retorno de Inversión (ROI) Calculado', '20%');
INSERT INTO FIDE_RESULTADOS_REPORTE_TB (ID_RESULTADO, ID_REPORTE, METRICA_NOMBRE, METRICA_VALOR) VALUES (180, 18, 'Sugerencias de Mejora Recibidas', '1');
INSERT INTO FIDE_RESULTADOS_REPORTE_TB (ID_RESULTADO, ID_REPORTE, METRICA_NOMBRE, METRICA_VALOR) VALUES (181, 19, 'Total Ingresos Ahorro Voluntario', '13500000.00');
INSERT INTO FIDE_RESULTADOS_REPORTE_TB (ID_RESULTADO, ID_REPORTE, METRICA_NOMBRE, METRICA_VALOR) VALUES (182, 19, 'Total Ingresos Ahorro Navideño', '9200000.00');
INSERT INTO FIDE_RESULTADOS_REPORTE_TB (ID_RESULTADO, ID_REPORTE, METRICA_NOMBRE, METRICA_VALOR) VALUES (183, 19, 'Total Retiros Anticipados', '750000.00');
INSERT INTO FIDE_RESULTADOS_REPORTE_TB (ID_RESULTADO, ID_REPORTE, METRICA_NOMBRE, METRICA_VALOR) VALUES (184, 19, 'Rendimiento Promedio Mensual', '5.40%');
INSERT INTO FIDE_RESULTADOS_REPORTE_TB (ID_RESULTADO, ID_REPORTE, METRICA_NOMBRE, METRICA_VALOR) VALUES (185, 19, 'Nuevas Cuentas Aperturadas', '20');
INSERT INTO FIDE_RESULTADOS_REPORTE_TB (ID_RESULTADO, ID_REPORTE, METRICA_NOMBRE, METRICA_VALOR) VALUES (186, 19, 'Cuentas de Ahorro Liquidadas', '0');
INSERT INTO FIDE_RESULTADOS_REPORTE_TB (ID_RESULTADO, ID_REPORTE, METRICA_NOMBRE, METRICA_VALOR) VALUES (187, 19, 'Monto Promedio por Cuenta', '368000.00');
INSERT INTO FIDE_RESULTADOS_REPORTE_TB (ID_RESULTADO, ID_REPORTE, METRICA_NOMBRE, METRICA_VALOR) VALUES (188, 19, 'Aportes Extraordinarios Recibidos', '5500000.00');
INSERT INTO FIDE_RESULTADOS_REPORTE_TB (ID_RESULTADO, ID_REPORTE, METRICA_NOMBRE, METRICA_VALOR) VALUES (189, 19, 'Penalizaciones por Retiro Anticipado', '15000.00');
INSERT INTO FIDE_RESULTADOS_REPORTE_TB (ID_RESULTADO, ID_REPORTE, METRICA_NOMBRE, METRICA_VALOR) VALUES (190, 19, 'Saldo Global Cartera Ahorros', '168000000.00');
INSERT INTO FIDE_RESULTADOS_REPORTE_TB (ID_RESULTADO, ID_REPORTE, METRICA_NOMBRE, METRICA_VALOR) VALUES (191, 20, 'Índice de Morosidad Mayor a 30 Días', '2.20%');
INSERT INTO FIDE_RESULTADOS_REPORTE_TB (ID_RESULTADO, ID_REPORTE, METRICA_NOMBRE, METRICA_VALOR) VALUES (192, 20, 'Monto Total en Cobro Administrativo', '3900000.00');
INSERT INTO FIDE_RESULTADOS_REPORTE_TB (ID_RESULTADO, ID_REPORTE, METRICA_NOMBRE, METRICA_VALOR) VALUES (193, 20, 'Cantidad de Operaciones Atrasadas', '8');
INSERT INTO FIDE_RESULTADOS_REPORTE_TB (ID_RESULTADO, ID_REPORTE, METRICA_NOMBRE, METRICA_VALOR) VALUES (194, 20, 'Intereses Moratorios Generados', '95000.00');
INSERT INTO FIDE_RESULTADOS_REPORTE_TB (ID_RESULTADO, ID_REPORTE, METRICA_NOMBRE, METRICA_VALOR) VALUES (195, 20, 'Préstamos Trasladados a Cobro Judicial', '0');
INSERT INTO FIDE_RESULTADOS_REPORTE_TB (ID_RESULTADO, ID_REPORTE, METRICA_NOMBRE, METRICA_VALOR) VALUES (196, 20, 'Acuerdos de Pago Formalizados', '6');
INSERT INTO FIDE_RESULTADOS_REPORTE_TB (ID_RESULTADO, ID_REPORTE, METRICA_NOMBRE, METRICA_VALOR) VALUES (197, 20, 'Monto Recuperado de Cartera Vencida', '1500000.00');
INSERT INTO FIDE_RESULTADOS_REPORTE_TB (ID_RESULTADO, ID_REPORTE, METRICA_NOMBRE, METRICA_VALOR) VALUES (198, 20, 'Saldo Riesgo Préstamos Personales', '2800000.00');
INSERT INTO FIDE_RESULTADOS_REPORTE_TB (ID_RESULTADO, ID_REPORTE, METRICA_NOMBRE, METRICA_VALOR) VALUES (199, 20, 'Saldo Riesgo Préstamos Hipotecarios', '1100000.00');
INSERT INTO FIDE_RESULTADOS_REPORTE_TB (ID_RESULTADO, ID_REPORTE, METRICA_NOMBRE, METRICA_VALOR) VALUES (200, 20, 'Provisiones por Incobrabilidad', '200000.00');
INSERT INTO FIDE_RESULTADOS_REPORTE_TB (ID_RESULTADO, ID_REPORTE, METRICA_NOMBRE, METRICA_VALOR) VALUES (201, 21, 'Total Inscripciones Confirmadas', '75');
INSERT INTO FIDE_RESULTADOS_REPORTE_TB (ID_RESULTADO, ID_REPORTE, METRICA_NOMBRE, METRICA_VALOR) VALUES (202, 21, 'Porcentaje de Asistencia Real', '98%');
INSERT INTO FIDE_RESULTADOS_REPORTE_TB (ID_RESULTADO, ID_REPORTE, METRICA_NOMBRE, METRICA_VALOR) VALUES (203, 21, 'Tasa de Ausentismo (No Show)', '2%');
INSERT INTO FIDE_RESULTADOS_REPORTE_TB (ID_RESULTADO, ID_REPORTE, METRICA_NOMBRE, METRICA_VALOR) VALUES (204, 21, 'Satisfacción Promedio del Evento', '5.0/5.0');
INSERT INTO FIDE_RESULTADOS_REPORTE_TB (ID_RESULTADO, ID_REPORTE, METRICA_NOMBRE, METRICA_VALOR) VALUES (205, 21, 'Costo Logístico por Participante', '15000.00');
INSERT INTO FIDE_RESULTADOS_REPORTE_TB (ID_RESULTADO, ID_REPORTE, METRICA_NOMBRE, METRICA_VALOR) VALUES (206, 21, 'Asociados de Sedes Regionales', '30');
INSERT INTO FIDE_RESULTADOS_REPORTE_TB (ID_RESULTADO, ID_REPORTE, METRICA_NOMBRE, METRICA_VALOR) VALUES (207, 21, 'Asociados de Sede Central', '45');
INSERT INTO FIDE_RESULTADOS_REPORTE_TB (ID_RESULTADO, ID_REPORTE, METRICA_NOMBRE, METRICA_VALOR) VALUES (208, 21, 'Participantes de Nuevo Ingreso', '10');
INSERT INTO FIDE_RESULTADOS_REPORTE_TB (ID_RESULTADO, ID_REPORTE, METRICA_NOMBRE, METRICA_VALOR) VALUES (209, 21, 'Solicitudes en Lista de Espera', '0');
INSERT INTO FIDE_RESULTADOS_REPORTE_TB (ID_RESULTADO, ID_REPORTE, METRICA_NOMBRE, METRICA_VALOR) VALUES (210, 21, 'Inversión Total de la Actividad', '1125000.00');
INSERT INTO FIDE_RESULTADOS_REPORTE_TB (ID_RESULTADO, ID_REPORTE, METRICA_NOMBRE, METRICA_VALOR) VALUES (211, 22, 'Total Asociados Activos', '478');
INSERT INTO FIDE_RESULTADOS_REPORTE_TB (ID_RESULTADO, ID_REPORTE, METRICA_NOMBRE, METRICA_VALOR) VALUES (212, 22, 'Nuevas Afiliaciones del Mes', '10');
INSERT INTO FIDE_RESULTADOS_REPORTE_TB (ID_RESULTADO, ID_REPORTE, METRICA_NOMBRE, METRICA_VALOR) VALUES (213, 22, 'Renuncias a la Asociación', '2');
INSERT INTO FIDE_RESULTADOS_REPORTE_TB (ID_RESULTADO, ID_REPORTE, METRICA_NOMBRE, METRICA_VALOR) VALUES (214, 22, 'Porcentaje de Penetración en Planilla', '80.50%');
INSERT INTO FIDE_RESULTADOS_REPORTE_TB (ID_RESULTADO, ID_REPORTE, METRICA_NOMBRE, METRICA_VALOR) VALUES (215, 22, 'Aporte Mensual Promedio per Cápita', '46500.00');
INSERT INTO FIDE_RESULTADOS_REPORTE_TB (ID_RESULTADO, ID_REPORTE, METRICA_NOMBRE, METRICA_VALOR) VALUES (216, 22, 'Asociados con Préstamos Activos', '225');
INSERT INTO FIDE_RESULTADOS_REPORTE_TB (ID_RESULTADO, ID_REPORTE, METRICA_NOMBRE, METRICA_VALOR) VALUES (217, 22, 'Asociados con Ahorros Extraordinarios', '150');
INSERT INTO FIDE_RESULTADOS_REPORTE_TB (ID_RESULTADO, ID_REPORTE, METRICA_NOMBRE, METRICA_VALOR) VALUES (218, 22, 'Antigüedad Promedio (Años)', '4.8');
INSERT INTO FIDE_RESULTADOS_REPORTE_TB (ID_RESULTADO, ID_REPORTE, METRICA_NOMBRE, METRICA_VALOR) VALUES (219, 22, 'Total Hombres Afiliados', '243');
INSERT INTO FIDE_RESULTADOS_REPORTE_TB (ID_RESULTADO, ID_REPORTE, METRICA_NOMBRE, METRICA_VALOR) VALUES (220, 22, 'Total Mujeres Afiliadas', '235');
INSERT INTO FIDE_RESULTADOS_REPORTE_TB (ID_RESULTADO, ID_REPORTE, METRICA_NOMBRE, METRICA_VALOR) VALUES (221, 23, 'Volumen de Transacciones Procesadas', '1350');
INSERT INTO FIDE_RESULTADOS_REPORTE_TB (ID_RESULTADO, ID_REPORTE, METRICA_NOMBRE, METRICA_VALOR) VALUES (222, 23, 'Monto Total Débitos', '48200000.00');
INSERT INTO FIDE_RESULTADOS_REPORTE_TB (ID_RESULTADO, ID_REPORTE, METRICA_NOMBRE, METRICA_VALOR) VALUES (223, 23, 'Monto Total Créditos', '56500000.00');
INSERT INTO FIDE_RESULTADOS_REPORTE_TB (ID_RESULTADO, ID_REPORTE, METRICA_NOMBRE, METRICA_VALOR) VALUES (224, 23, 'Reversiones por Error de Sistema', '1');
INSERT INTO FIDE_RESULTADOS_REPORTE_TB (ID_RESULTADO, ID_REPORTE, METRICA_NOMBRE, METRICA_VALOR) VALUES (225, 23, 'Monto de Reversiones Contables', '45000.00');
INSERT INTO FIDE_RESULTADOS_REPORTE_TB (ID_RESULTADO, ID_REPORTE, METRICA_NOMBRE, METRICA_VALOR) VALUES (226, 23, 'Transacciones Aprobadas vía SINPE', '980');
INSERT INTO FIDE_RESULTADOS_REPORTE_TB (ID_RESULTADO, ID_REPORTE, METRICA_NOMBRE, METRICA_VALOR) VALUES (227, 23, 'Transacciones por Deducción Planilla', '395');
INSERT INTO FIDE_RESULTADOS_REPORTE_TB (ID_RESULTADO, ID_REPORTE, METRICA_NOMBRE, METRICA_VALOR) VALUES (228, 23, 'Ajustes Manuales de Auditoría', '0');
INSERT INTO FIDE_RESULTADOS_REPORTE_TB (ID_RESULTADO, ID_REPORTE, METRICA_NOMBRE, METRICA_VALOR) VALUES (229, 23, 'Conciliaciones Bancarias Pendientes', '0');
INSERT INTO FIDE_RESULTADOS_REPORTE_TB (ID_RESULTADO, ID_REPORTE, METRICA_NOMBRE, METRICA_VALOR) VALUES (230, 23, 'Liquidaciones de Préstamos Finalizadas', '25');
INSERT INTO FIDE_RESULTADOS_REPORTE_TB (ID_RESULTADO, ID_REPORTE, METRICA_NOMBRE, METRICA_VALOR) VALUES (231, 24, 'Evaluación Promedio del Expositor', '4.9/5.0');
INSERT INTO FIDE_RESULTADOS_REPORTE_TB (ID_RESULTADO, ID_REPORTE, METRICA_NOMBRE, METRICA_VALOR) VALUES (232, 24, 'Materiales Didácticos Entregados', '75');
INSERT INTO FIDE_RESULTADOS_REPORTE_TB (ID_RESULTADO, ID_REPORTE, METRICA_NOMBRE, METRICA_VALOR) VALUES (233, 24, 'Costo Total de Refrigerios', '185000.00');
INSERT INTO FIDE_RESULTADOS_REPORTE_TB (ID_RESULTADO, ID_REPORTE, METRICA_NOMBRE, METRICA_VALOR) VALUES (234, 24, 'Certificados Emitidos', '75');
INSERT INTO FIDE_RESULTADOS_REPORTE_TB (ID_RESULTADO, ID_REPORTE, METRICA_NOMBRE, METRICA_VALOR) VALUES (235, 24, 'Horas de Capacitación Acumuladas', '300');
INSERT INTO FIDE_RESULTADOS_REPORTE_TB (ID_RESULTADO, ID_REPORTE, METRICA_NOMBRE, METRICA_VALOR) VALUES (236, 24, 'Porcentaje de Participación Femenina', '50%');
INSERT INTO FIDE_RESULTADOS_REPORTE_TB (ID_RESULTADO, ID_REPORTE, METRICA_NOMBRE, METRICA_VALOR) VALUES (237, 24, 'Porcentaje de Participación Masculina', '50%');
INSERT INTO FIDE_RESULTADOS_REPORTE_TB (ID_RESULTADO, ID_REPORTE, METRICA_NOMBRE, METRICA_VALOR) VALUES (238, 24, 'Índice de Puntualidad del Evento', '98%');
INSERT INTO FIDE_RESULTADOS_REPORTE_TB (ID_RESULTADO, ID_REPORTE, METRICA_NOMBRE, METRICA_VALOR) VALUES (239, 24, 'Retorno de Inversión (ROI) Calculado', '22%');
INSERT INTO FIDE_RESULTADOS_REPORTE_TB (ID_RESULTADO, ID_REPORTE, METRICA_NOMBRE, METRICA_VALOR) VALUES (240, 24, 'Sugerencias de Mejora Recibidas', '0');
INSERT INTO FIDE_RESULTADOS_REPORTE_TB (ID_RESULTADO, ID_REPORTE, METRICA_NOMBRE, METRICA_VALOR) VALUES (241, 25, 'Total Ingresos Ahorro Voluntario', '14000000.00');
INSERT INTO FIDE_RESULTADOS_REPORTE_TB (ID_RESULTADO, ID_REPORTE, METRICA_NOMBRE, METRICA_VALOR) VALUES (242, 25, 'Total Ingresos Ahorro Navideño', '9500000.00');
INSERT INTO FIDE_RESULTADOS_REPORTE_TB (ID_RESULTADO, ID_REPORTE, METRICA_NOMBRE, METRICA_VALOR) VALUES (243, 25, 'Total Retiros Anticipados', '650000.00');
INSERT INTO FIDE_RESULTADOS_REPORTE_TB (ID_RESULTADO, ID_REPORTE, METRICA_NOMBRE, METRICA_VALOR) VALUES (244, 25, 'Rendimiento Promedio Mensual', '5.45%');
INSERT INTO FIDE_RESULTADOS_REPORTE_TB (ID_RESULTADO, ID_REPORTE, METRICA_NOMBRE, METRICA_VALOR) VALUES (245, 25, 'Nuevas Cuentas Aperturadas', '25');
INSERT INTO FIDE_RESULTADOS_REPORTE_TB (ID_RESULTADO, ID_REPORTE, METRICA_NOMBRE, METRICA_VALOR) VALUES (246, 25, 'Cuentas de Ahorro Liquidadas', '1');
INSERT INTO FIDE_RESULTADOS_REPORTE_TB (ID_RESULTADO, ID_REPORTE, METRICA_NOMBRE, METRICA_VALOR) VALUES (247, 25, 'Monto Promedio por Cuenta', '375000.00');
INSERT INTO FIDE_RESULTADOS_REPORTE_TB (ID_RESULTADO, ID_REPORTE, METRICA_NOMBRE, METRICA_VALOR) VALUES (248, 25, 'Aportes Extraordinarios Recibidos', '6000000.00');
INSERT INTO FIDE_RESULTADOS_REPORTE_TB (ID_RESULTADO, ID_REPORTE, METRICA_NOMBRE, METRICA_VALOR) VALUES (249, 25, 'Penalizaciones por Retiro Anticipado', '10000.00');
INSERT INTO FIDE_RESULTADOS_REPORTE_TB (ID_RESULTADO, ID_REPORTE, METRICA_NOMBRE, METRICA_VALOR) VALUES (250, 25, 'Saldo Global Cartera Ahorros', '175000000.00');
INSERT INTO FIDE_RESULTADOS_REPORTE_TB (ID_RESULTADO, ID_REPORTE, METRICA_NOMBRE, METRICA_VALOR) VALUES (251, 26, 'Índice de Morosidad Mayor a 30 Días', '2.10%');
INSERT INTO FIDE_RESULTADOS_REPORTE_TB (ID_RESULTADO, ID_REPORTE, METRICA_NOMBRE, METRICA_VALOR) VALUES (252, 26, 'Monto Total en Cobro Administrativo', '3500000.00');
INSERT INTO FIDE_RESULTADOS_REPORTE_TB (ID_RESULTADO, ID_REPORTE, METRICA_NOMBRE, METRICA_VALOR) VALUES (253, 26, 'Cantidad de Operaciones Atrasadas', '6');
INSERT INTO FIDE_RESULTADOS_REPORTE_TB (ID_RESULTADO, ID_REPORTE, METRICA_NOMBRE, METRICA_VALOR) VALUES (254, 26, 'Intereses Moratorios Generados', '80000.00');
INSERT INTO FIDE_RESULTADOS_REPORTE_TB (ID_RESULTADO, ID_REPORTE, METRICA_NOMBRE, METRICA_VALOR) VALUES (255, 26, 'Préstamos Trasladados a Cobro Judicial', '0');
INSERT INTO FIDE_RESULTADOS_REPORTE_TB (ID_RESULTADO, ID_REPORTE, METRICA_NOMBRE, METRICA_VALOR) VALUES (256, 26, 'Acuerdos de Pago Formalizados', '8');
INSERT INTO FIDE_RESULTADOS_REPORTE_TB (ID_RESULTADO, ID_REPORTE, METRICA_NOMBRE, METRICA_VALOR) VALUES (257, 26, 'Monto Recuperado de Cartera Vencida', '1800000.00');
INSERT INTO FIDE_RESULTADOS_REPORTE_TB (ID_RESULTADO, ID_REPORTE, METRICA_NOMBRE, METRICA_VALOR) VALUES (258, 26, 'Saldo Riesgo Préstamos Personales', '2500000.00');
INSERT INTO FIDE_RESULTADOS_REPORTE_TB (ID_RESULTADO, ID_REPORTE, METRICA_NOMBRE, METRICA_VALOR) VALUES (259, 26, 'Saldo Riesgo Préstamos Hipotecarios', '1000000.00');
INSERT INTO FIDE_RESULTADOS_REPORTE_TB (ID_RESULTADO, ID_REPORTE, METRICA_NOMBRE, METRICA_VALOR) VALUES (260, 26, 'Provisiones por Incobrabilidad', '180000.00');
INSERT INTO FIDE_RESULTADOS_REPORTE_TB (ID_RESULTADO, ID_REPORTE, METRICA_NOMBRE, METRICA_VALOR) VALUES (261, 27, 'Total Inscripciones Confirmadas', '120');
INSERT INTO FIDE_RESULTADOS_REPORTE_TB (ID_RESULTADO, ID_REPORTE, METRICA_NOMBRE, METRICA_VALOR) VALUES (262, 27, 'Porcentaje de Asistencia Real', '96%');
INSERT INTO FIDE_RESULTADOS_REPORTE_TB (ID_RESULTADO, ID_REPORTE, METRICA_NOMBRE, METRICA_VALOR) VALUES (263, 27, 'Tasa de Ausentismo', '4%');
INSERT INTO FIDE_RESULTADOS_REPORTE_TB (ID_RESULTADO, ID_REPORTE, METRICA_NOMBRE, METRICA_VALOR) VALUES (264, 27, 'Satisfacción Promedio del Evento', '4.9/5.0');
INSERT INTO FIDE_RESULTADOS_REPORTE_TB (ID_RESULTADO, ID_REPORTE, METRICA_NOMBRE, METRICA_VALOR) VALUES (265, 27, 'Costo Logístico por Participante', '9500.00');
INSERT INTO FIDE_RESULTADOS_REPORTE_TB (ID_RESULTADO, ID_REPORTE, METRICA_NOMBRE, METRICA_VALOR) VALUES (266, 27, 'Asociados de Sedes Regionales', '45');
INSERT INTO FIDE_RESULTADOS_REPORTE_TB (ID_RESULTADO, ID_REPORTE, METRICA_NOMBRE, METRICA_VALOR) VALUES (267, 27, 'Asociados de Sede Central', '75');
INSERT INTO FIDE_RESULTADOS_REPORTE_TB (ID_RESULTADO, ID_REPORTE, METRICA_NOMBRE, METRICA_VALOR) VALUES (268, 27, 'Participantes de Nuevo Ingreso', '28');
INSERT INTO FIDE_RESULTADOS_REPORTE_TB (ID_RESULTADO, ID_REPORTE, METRICA_NOMBRE, METRICA_VALOR) VALUES (269, 27, 'Solicitudes en Lista de Espera', '10');
INSERT INTO FIDE_RESULTADOS_REPORTE_TB (ID_RESULTADO, ID_REPORTE, METRICA_NOMBRE, METRICA_VALOR) VALUES (270, 27, 'Inversión Total de la Actividad', '1140000.00');
INSERT INTO FIDE_RESULTADOS_REPORTE_TB (ID_RESULTADO, ID_REPORTE, METRICA_NOMBRE, METRICA_VALOR) VALUES (271, 28, 'Total Asociados Activos', '490');
INSERT INTO FIDE_RESULTADOS_REPORTE_TB (ID_RESULTADO, ID_REPORTE, METRICA_NOMBRE, METRICA_VALOR) VALUES (272, 28, 'Nuevas Afiliaciones del Mes', '18');
INSERT INTO FIDE_RESULTADOS_REPORTE_TB (ID_RESULTADO, ID_REPORTE, METRICA_NOMBRE, METRICA_VALOR) VALUES (273, 28, 'Renuncias a la Asociación', '6');
INSERT INTO FIDE_RESULTADOS_REPORTE_TB (ID_RESULTADO, ID_REPORTE, METRICA_NOMBRE, METRICA_VALOR) VALUES (274, 28, 'Porcentaje de Penetración en Planilla', '82.00%');
INSERT INTO FIDE_RESULTADOS_REPORTE_TB (ID_RESULTADO, ID_REPORTE, METRICA_NOMBRE, METRICA_VALOR) VALUES (275, 28, 'Aporte Mensual Promedio per Cápita', '47200.00');
INSERT INTO FIDE_RESULTADOS_REPORTE_TB (ID_RESULTADO, ID_REPORTE, METRICA_NOMBRE, METRICA_VALOR) VALUES (276, 28, 'Asociados con Préstamos Activos', '230');
INSERT INTO FIDE_RESULTADOS_REPORTE_TB (ID_RESULTADO, ID_REPORTE, METRICA_NOMBRE, METRICA_VALOR) VALUES (277, 28, 'Asociados con Ahorros Extraordinarios', '160');
INSERT INTO FIDE_RESULTADOS_REPORTE_TB (ID_RESULTADO, ID_REPORTE, METRICA_NOMBRE, METRICA_VALOR) VALUES (278, 28, 'Antigüedad Promedio (Años)', '4.9');
INSERT INTO FIDE_RESULTADOS_REPORTE_TB (ID_RESULTADO, ID_REPORTE, METRICA_NOMBRE, METRICA_VALOR) VALUES (279, 28, 'Total Hombres Afiliados', '250');
INSERT INTO FIDE_RESULTADOS_REPORTE_TB (ID_RESULTADO, ID_REPORTE, METRICA_NOMBRE, METRICA_VALOR) VALUES (280, 28, 'Total Mujeres Afiliadas', '240');
INSERT INTO FIDE_RESULTADOS_REPORTE_TB (ID_RESULTADO, ID_REPORTE, METRICA_NOMBRE, METRICA_VALOR) VALUES (281, 29, 'Volumen de Transacciones Procesadas', '1420');
INSERT INTO FIDE_RESULTADOS_REPORTE_TB (ID_RESULTADO, ID_REPORTE, METRICA_NOMBRE, METRICA_VALOR) VALUES (282, 29, 'Monto Total Débitos', '49500000.00');
INSERT INTO FIDE_RESULTADOS_REPORTE_TB (ID_RESULTADO, ID_REPORTE, METRICA_NOMBRE, METRICA_VALOR) VALUES (283, 29, 'Monto Total Créditos', '58000000.00');
INSERT INTO FIDE_RESULTADOS_REPORTE_TB (ID_RESULTADO, ID_REPORTE, METRICA_NOMBRE, METRICA_VALOR) VALUES (284, 29, 'Reversiones por Error de Sistema', '0');
INSERT INTO FIDE_RESULTADOS_REPORTE_TB (ID_RESULTADO, ID_REPORTE, METRICA_NOMBRE, METRICA_VALOR) VALUES (285, 29, 'Monto de Reversiones Contables', '0.00');
INSERT INTO FIDE_RESULTADOS_REPORTE_TB (ID_RESULTADO, ID_REPORTE, METRICA_NOMBRE, METRICA_VALOR) VALUES (286, 29, 'Transacciones Aprobadas vía SINPE', '1050');
INSERT INTO FIDE_RESULTADOS_REPORTE_TB (ID_RESULTADO, ID_REPORTE, METRICA_NOMBRE, METRICA_VALOR) VALUES (287, 29, 'Transacciones por Deducción Planilla', '400');
INSERT INTO FIDE_RESULTADOS_REPORTE_TB (ID_RESULTADO, ID_REPORTE, METRICA_NOMBRE, METRICA_VALOR) VALUES (288, 29, 'Ajustes Manuales de Auditoría', '0');
INSERT INTO FIDE_RESULTADOS_REPORTE_TB (ID_RESULTADO, ID_REPORTE, METRICA_NOMBRE, METRICA_VALOR) VALUES (289, 29, 'Conciliaciones Bancarias Pendientes', '0');
INSERT INTO FIDE_RESULTADOS_REPORTE_TB (ID_RESULTADO, ID_REPORTE, METRICA_NOMBRE, METRICA_VALOR) VALUES (290, 29, 'Liquidaciones de Préstamos Finalizadas', '30');
INSERT INTO FIDE_RESULTADOS_REPORTE_TB (ID_RESULTADO, ID_REPORTE, METRICA_NOMBRE, METRICA_VALOR) VALUES (291, 30, 'Evaluación Promedio del Expositor', '5.0/5.0');
INSERT INTO FIDE_RESULTADOS_REPORTE_TB (ID_RESULTADO, ID_REPORTE, METRICA_NOMBRE, METRICA_VALOR) VALUES (292, 30, 'Materiales Didácticos Entregados', '120');
INSERT INTO FIDE_RESULTADOS_REPORTE_TB (ID_RESULTADO, ID_REPORTE, METRICA_NOMBRE, METRICA_VALOR) VALUES (293, 30, 'Costo Total de Refrigerios', '300000.00');
INSERT INTO FIDE_RESULTADOS_REPORTE_TB (ID_RESULTADO, ID_REPORTE, METRICA_NOMBRE, METRICA_VALOR) VALUES (294, 30, 'Certificados Emitidos', '120');
INSERT INTO FIDE_RESULTADOS_REPORTE_TB (ID_RESULTADO, ID_REPORTE, METRICA_NOMBRE, METRICA_VALOR) VALUES (295, 30, 'Horas de Capacitación Acumuladas', '480');
INSERT INTO FIDE_RESULTADOS_REPORTE_TB (ID_RESULTADO, ID_REPORTE, METRICA_NOMBRE, METRICA_VALOR) VALUES (296, 30, 'Porcentaje de Participación Femenina', '58%');
INSERT INTO FIDE_RESULTADOS_REPORTE_TB (ID_RESULTADO, ID_REPORTE, METRICA_NOMBRE, METRICA_VALOR) VALUES (297, 30, 'Porcentaje de Participación Masculina', '42%');
INSERT INTO FIDE_RESULTADOS_REPORTE_TB (ID_RESULTADO, ID_REPORTE, METRICA_NOMBRE, METRICA_VALOR) VALUES (298, 30, 'Índice de Puntualidad del Evento', '99%');
INSERT INTO FIDE_RESULTADOS_REPORTE_TB (ID_RESULTADO, ID_REPORTE, METRICA_NOMBRE, METRICA_VALOR) VALUES (299, 30, 'Retorno de Inversión (ROI) Calculado', '25%');
INSERT INTO FIDE_RESULTADOS_REPORTE_TB (ID_RESULTADO, ID_REPORTE, METRICA_NOMBRE, METRICA_VALOR) VALUES (300, 30, 'Sugerencias de Mejora Recibidas', '0');
SELECT * FROM FIDE_RESULTADOS_REPORTE_TB;
/

COMMIT;














--------------------------------------------------------------------------------------
---------------------------------- SPEC DEL PAQUETE ----------------------------------
--------------------------------------------------------------------------------------

CREATE OR REPLACE PACKAGE ASEFIDE_PKG AS
    -- =============================================
    -- FUNCIONES
    -- =============================================
    FUNCTION FIDE_LISTAR_USUARIOS_FN RETURN NUMBER;
    FUNCTION FIDE_SUMA_TOTAL_AHORROS_FN RETURN NUMBER;
    FUNCTION FIDE_ORDENAR_USUARIOS_ALFABETICO_FN RETURN NUMBER;
    FUNCTION FIDE_ORDENAR_USUARIOS_FECHA_FN RETURN NUMBER;
    FUNCTION FIDE_TOP10_MAS_AHORROS_FN RETURN NUMBER;
    FUNCTION FIDE_TOP10_MENOS_AHORROS_FN RETURN NUMBER;
    FUNCTION FIDE_BUSCAR_USUARIOS_NOMBRE_FN( P_NOMBRE_BUSCAR VARCHAR2) RETURN NUMBER;
    FUNCTION FIDE_USUARIOS_POR_ESTADO_FN RETURN NUMBER;
    FUNCTION FIDE_PROMEDIO_AHORROS_FN RETURN NUMBER;
    FUNCTION FIDE_USUARIOS_ULTIMO_MES_FN RETURN NUMBER;
    FUNCTION FIDE_TOP5_USUARIOS_TRANSACCIONES_FN RETURN NUMBER;
    FUNCTION FIDE_CANTIDAD_TRANSACCIONES_USUARIO_FN(P_ID_USUARIO NUMBER) RETURN NUMBER;
    FUNCTION FIDE_USUARIOS_MAYOR_AHORRO_FN(P_MONTO NUMBER) RETURN NUMBER;
    FUNCTION FIDE_HISTORIAL_TRANSACCIONES_FN(P_ID_USUARIO NUMBER) RETURN NUMBER;
    FUNCTION FIDE_REPORTE_AHORROS_USUARIO_FN(P_ID_USUARIO NUMBER)RETURN NUMBER

    

    -- =============================================
    -- PROCEDIMIENTOS PARA FIDE_USUARIO_TB
    -- =============================================
    PROCEDURE FIDE_USUARIOS_INSERTAR_SP(
        P_IDENTIFICACION IN FIDE_USUARIO_TB.IDENTIFICACION%TYPE,
        P_NOMBRE IN FIDE_USUARIO_TB.NOMBRE%TYPE,
        P_APELLIDO_PATERNO IN FIDE_USUARIO_TB.APELLIDO_PATERNO%TYPE,
        P_APELLIDO_MATERNO IN FIDE_USUARIO_TB.APELLIDO_MATERNO%TYPE,
        P_ID_NUMERO IN FIDE_USUARIO_TB.ID_NUMERO%TYPE,
        P_ID_DATOS_ASOCIADOS IN FIDE_USUARIO_TB.ID_DATOS_ASOCIADOS%TYPE,
        P_ID_ESTADO IN FIDE_USUARIO_TB.ID_ESTADO%TYPE,
        P_ID_DIRECCION IN FIDE_USUARIO_TB.ID_DIRECCION%TYPE,
        P_NOMBRE_USUARIO IN FIDE_USUARIO_TB.NOMBRE_USUARIO%TYPE,
        P_CONTRASENIA IN FIDE_USUARIO_TB.CONTRASENIA%TYPE,
        P_ID_CORREO IN FIDE_USUARIO_TB.ID_CORREO%TYPE
    );
    
    PROCEDURE FIDE_USUARIOS_EDITAR_SP(
        P_ID_USUARIO IN FIDE_USUARIO_TB.ID_USUARIO%TYPE,
        P_IDENTIFICACION IN FIDE_USUARIO_TB.IDENTIFICACION%TYPE,
        P_NOMBRE IN FIDE_USUARIO_TB.NOMBRE%TYPE,
        P_APELLIDO_PATERNO IN FIDE_USUARIO_TB.APELLIDO_PATERNO%TYPE,
        P_APELLIDO_MATERNO IN FIDE_USUARIO_TB.APELLIDO_MATERNO%TYPE,
        P_ID_NUMERO IN FIDE_USUARIO_TB.ID_NUMERO%TYPE,
        P_ID_DATOS_ASOCIADOS IN FIDE_USUARIO_TB.ID_DATOS_ASOCIADOS%TYPE,
        P_ID_ESTADO IN FIDE_USUARIO_TB.ID_ESTADO%TYPE,
        P_ID_DIRECCION IN FIDE_USUARIO_TB.ID_DIRECCION%TYPE,
        P_NOMBRE_USUARIO IN FIDE_USUARIO_TB.NOMBRE_USUARIO%TYPE,
        P_CONTRASENIA IN FIDE_USUARIO_TB.CONTRASENIA%TYPE,
        P_ID_CORREO IN FIDE_USUARIO_TB.ID_CORREO%TYPE
    );
    
    PROCEDURE FIDE_USUARIOS_ELIMINAR_SP(
        P_ID_USUARIO IN FIDE_USUARIO_TB.ID_USUARIO%TYPE
    );
    
    -- =============================================
    -- PROCEDIMIENTOS PARA FIDE_ACTIVIDAD_TB
    -- =============================================
    PROCEDURE FIDE_ACTIVIDAD_INSERTAR_SP(
        P_NOMBRE IN FIDE_ACTIVIDAD_TB.NOMBRE%TYPE,
        P_DESCRIPCION IN FIDE_ACTIVIDAD_TB.DESCRIPCION%TYPE,
        P_FECHA_EVENTO IN FIDE_ACTIVIDAD_TB.FECHA_EVENTO%TYPE,
        P_CUPO_TOTAL IN FIDE_ACTIVIDAD_TB.CUPO_TOTAL%TYPE,
        P_ID_ESTADO IN FIDE_ACTIVIDAD_TB.ID_ESTADO%TYPE,
        P_ID_USUARIO IN FIDE_ACTIVIDAD_TB.ID_USUARIO%TYPE,
        P_ID_LUGAR_EVENTO IN FIDE_ACTIVIDAD_TB.ID_LUGAR_EVENTO%TYPE
    );
    
    PROCEDURE FIDE_ACTIVIDAD_EDITAR_SP(
        P_ID_ACTIVIDAD IN FIDE_ACTIVIDAD_TB.ID_ACTIVIDAD%TYPE,
        P_NOMBRE IN FIDE_ACTIVIDAD_TB.NOMBRE%TYPE,
        P_DESCRIPCION IN FIDE_ACTIVIDAD_TB.DESCRIPCION%TYPE,
        P_FECHA_EVENTO IN FIDE_ACTIVIDAD_TB.FECHA_EVENTO%TYPE,
        P_CUPO_TOTAL IN FIDE_ACTIVIDAD_TB.CUPO_TOTAL%TYPE,
        P_ID_ESTADO IN FIDE_ACTIVIDAD_TB.ID_ESTADO%TYPE,
        P_ID_USUARIO IN FIDE_ACTIVIDAD_TB.ID_USUARIO%TYPE,
        P_ID_LUGAR_EVENTO IN FIDE_ACTIVIDAD_TB.ID_LUGAR_EVENTO%TYPE
    );
    
    PROCEDURE FIDE_ACTIVIDAD_ELIMINAR_SP(
        P_ID_ACTIVIDAD IN FIDE_ACTIVIDAD_TB.ID_ACTIVIDAD%TYPE
    );
    
    -- =============================================
    -- PROCEDIMIENTOS PARA FIDE_BENEFICIO_TB
    -- =============================================
    PROCEDURE FIDE_BENEFICIO_INSERTAR_SP(
        P_NOMBRE_BENEFICIO IN FIDE_BENEFICIO_TB.NOMBRE_BENEFICIO%TYPE,
        P_DESCRIPCION IN FIDE_BENEFICIO_TB.DESCRIPCION%TYPE,
        P_ID_CATEGORIA IN FIDE_BENEFICIO_TB.ID_CATEGORIA%TYPE,
        P_ID_ESTADO IN FIDE_BENEFICIO_TB.ID_ESTADO%TYPE
    );
    
    PROCEDURE FIDE_BENEFICIO_EDITAR_SP(
        P_ID_BENEFICIO IN FIDE_BENEFICIO_TB.ID_BENEFICIO%TYPE,
        P_NOMBRE_BENEFICIO IN FIDE_BENEFICIO_TB.NOMBRE_BENEFICIO%TYPE,
        P_DESCRIPCION IN FIDE_BENEFICIO_TB.DESCRIPCION%TYPE,
        P_ID_CATEGORIA IN FIDE_BENEFICIO_TB.ID_CATEGORIA%TYPE,
        P_ID_ESTADO IN FIDE_BENEFICIO_TB.ID_ESTADO%TYPE
    );
    
    PROCEDURE FIDE_BENEFICIO_ELIMINAR_SP(
        P_ID_BENEFICIO IN FIDE_BENEFICIO_TB.ID_BENEFICIO%TYPE
    );
    
    -- =============================================
    -- PROCEDIMIENTOS PARA FIDE_CATEGORIA_TB
    -- =============================================
    PROCEDURE FIDE_CATEGORIA_INSERTAR_SP(
        P_NOMBRE IN FIDE_CATEGORIA_TB.NOMBRE%TYPE,
        P_DESCRIPCION IN FIDE_CATEGORIA_TB.DESCRIPCION%TYPE,
        P_ID_ESTADO IN FIDE_CATEGORIA_TB.ID_ESTADO%TYPE
    );
    
    PROCEDURE FIDE_CATEGORIA_EDITAR_SP(
        P_ID_CATEGORIA IN FIDE_CATEGORIA_TB.ID_CATEGORIA%TYPE,
        P_NOMBRE IN FIDE_CATEGORIA_TB.NOMBRE%TYPE,
        P_DESCRIPCION IN FIDE_CATEGORIA_TB.DESCRIPCION%TYPE,
        P_ID_ESTADO IN FIDE_CATEGORIA_TB.ID_ESTADO%TYPE
    );
    
    PROCEDURE FIDE_CATEGORIA_ELIMINAR_SP(
        P_ID_CATEGORIA IN FIDE_CATEGORIA_TB.ID_CATEGORIA%TYPE
    );
    
    -- =============================================
    -- PROCEDIMIENTOS PARA FIDE_CORREO_ELECTRONICO_TB
    -- =============================================
    PROCEDURE FIDE_CORREO_INSERTAR_SP(
        P_CORREO_ELECTRONICO IN FIDE_CORREO_ELECTRONICO_TB.CORREO_ELECTRONICO%TYPE,
        P_ID_ESTADO IN FIDE_CORREO_ELECTRONICO_TB.ID_ESTADO%TYPE
    );
    
    PROCEDURE FIDE_CORREO_EDITAR_SP(
        P_ID_CORREO IN FIDE_CORREO_ELECTRONICO_TB.ID_CORREO%TYPE,
        P_CORREO_ELECTRONICO IN FIDE_CORREO_ELECTRONICO_TB.CORREO_ELECTRONICO%TYPE,
        P_ID_ESTADO IN FIDE_CORREO_ELECTRONICO_TB.ID_ESTADO%TYPE
    );
    
    PROCEDURE FIDE_CORREO_ELIMINAR_SP(
        P_ID_CORREO IN FIDE_CORREO_ELECTRONICO_TB.ID_CORREO%TYPE
    );
    
    -- =============================================
    -- PROCEDIMIENTOS PARA FIDE_CUENTAS_AHORRO_TB
    -- =============================================
    PROCEDURE FIDE_CUENTAS_AHORRO_INSERTAR_SP(
        P_ID_USUARIO IN FIDE_CUENTAS_AHORRO_TB.ID_USUARIO%TYPE,
        P_MONTO_APORTE IN FIDE_CUENTAS_AHORRO_TB.MONTO_APORTE%TYPE,
        P_FECHA_APERTURA IN FIDE_CUENTAS_AHORRO_TB.FECHA_APERTURA%TYPE,
        P_ID_TIPO_AHORRO IN FIDE_CUENTAS_AHORRO_TB.ID_TIPO_AHORRO%TYPE,
        P_SALDO_ACTUAL IN FIDE_CUENTAS_AHORRO_TB.SALDO_ACTUAL%TYPE,
        P_ID_ESTADO IN FIDE_CUENTAS_AHORRO_TB.ID_ESTADO%TYPE
    );
    
    PROCEDURE FIDE_CUENTAS_AHORRO_EDITAR_SP(
        P_ID_AHORRO IN FIDE_CUENTAS_AHORRO_TB.ID_AHORRO%TYPE,
        P_ID_USUARIO IN FIDE_CUENTAS_AHORRO_TB.ID_USUARIO%TYPE,
        P_MONTO_APORTE IN FIDE_CUENTAS_AHORRO_TB.MONTO_APORTE%TYPE,
        P_FECHA_APERTURA IN FIDE_CUENTAS_AHORRO_TB.FECHA_APERTURA%TYPE,
        P_ID_TIPO_AHORRO IN FIDE_CUENTAS_AHORRO_TB.ID_TIPO_AHORRO%TYPE,
        P_SALDO_ACTUAL IN FIDE_CUENTAS_AHORRO_TB.SALDO_ACTUAL%TYPE,
        P_ID_ESTADO IN FIDE_CUENTAS_AHORRO_TB.ID_ESTADO%TYPE
    );
    
    PROCEDURE FIDE_CUENTAS_AHORRO_ELIMINAR_SP(
        P_ID_AHORRO IN FIDE_CUENTAS_AHORRO_TB.ID_AHORRO%TYPE
    );
    
    -- =============================================
    -- PROCEDIMIENTOS PARA FIDE_DATOS_ASOCIADOS_TB
    -- =============================================
    PROCEDURE FIDE_DATOS_ASOCIADOS_INSERTAR_SP(
        P_ID_PUESTO_EMPRESA IN FIDE_DATOS_ASOCIADOS_TB.ID_PUESTO_EMPRESA%TYPE,
        P_FECHA_AFILIACION IN FIDE_DATOS_ASOCIADOS_TB.FECHA_AFILIACION%TYPE,
        P_APORTE_MENSUAL IN FIDE_DATOS_ASOCIADOS_TB.APORTE_MENSUAL%TYPE,
        P_ID_USUARIO IN FIDE_DATOS_ASOCIADOS_TB.ID_USUARIO%TYPE
    );
    
    PROCEDURE FIDE_DATOS_ASOCIADOS_EDITAR_SP(
        P_ID_DATOS_ASOCIADOS IN FIDE_DATOS_ASOCIADOS_TB.ID_DATOS_ASOCIADOS%TYPE,
        P_ID_PUESTO_EMPRESA IN FIDE_DATOS_ASOCIADOS_TB.ID_PUESTO_EMPRESA%TYPE,
        P_FECHA_AFILIACION IN FIDE_DATOS_ASOCIADOS_TB.FECHA_AFILIACION%TYPE,
        P_APORTE_MENSUAL IN FIDE_DATOS_ASOCIADOS_TB.APORTE_MENSUAL%TYPE,
        P_ID_USUARIO IN FIDE_DATOS_ASOCIADOS_TB.ID_USUARIO%TYPE
    );
    
    PROCEDURE FIDE_DATOS_ASOCIADOS_ELIMINAR_SP(
        P_ID_DATOS_ASOCIADOS IN FIDE_DATOS_ASOCIADOS_TB.ID_DATOS_ASOCIADOS%TYPE
    );
    
    -- =============================================
    -- PROCEDIMIENTOS PARA FIDE_DIRECCION_TB
    -- =============================================
    PROCEDURE FIDE_DIRECCION_INSERTAR_SP(
        P_PROVINCIA IN FIDE_DIRECCION_TB.PROVINCIA%TYPE,
        P_CANTON IN FIDE_DIRECCION_TB.CANTON%TYPE,
        P_DISTRITO IN FIDE_DIRECCION_TB.DISTRITO%TYPE,
        P_ID_ESTADO IN FIDE_DIRECCION_TB.ID_ESTADO%TYPE
    );
    
    PROCEDURE FIDE_DIRECCION_EDITAR_SP(
        P_ID_DIRECCION IN FIDE_DIRECCION_TB.ID_DIRECCION%TYPE,
        P_PROVINCIA IN FIDE_DIRECCION_TB.PROVINCIA%TYPE,
        P_CANTON IN FIDE_DIRECCION_TB.CANTON%TYPE,
        P_DISTRITO IN FIDE_DIRECCION_TB.DISTRITO%TYPE,
        P_ID_ESTADO IN FIDE_DIRECCION_TB.ID_ESTADO%TYPE
    );
    
    PROCEDURE FIDE_DIRECCION_ELIMINAR_SP(
        P_ID_DIRECCION IN FIDE_DIRECCION_TB.ID_DIRECCION%TYPE
    );
    
    -- =============================================
    -- PROCEDIMIENTOS PARA FIDE_ESTADO_TB
    -- =============================================
    PROCEDURE FIDE_ESTADO_INSERTAR_SP(
        P_NOMBRE IN FIDE_ESTADO_TB.NOMBRE%TYPE
    );
    
    PROCEDURE FIDE_ESTADO_EDITAR_SP(
        P_ID_ESTADO IN FIDE_ESTADO_TB.ID_ESTADO%TYPE,
        P_NOMBRE IN FIDE_ESTADO_TB.NOMBRE%TYPE
    );
    
    PROCEDURE FIDE_ESTADO_ELIMINAR_SP(
        P_ID_ESTADO IN FIDE_ESTADO_TB.ID_ESTADO%TYPE
    );
    
    -- =============================================
    -- PROCEDIMIENTOS PARA FIDE_INSCRIPCIONES_ACTIVIDAD_TB
    -- =============================================
    PROCEDURE FIDE_INSCRIPCIONES_ACTIVIDAD_INSERTAR_SP(
        P_ID_ACTIVIDAD IN FIDE_INSCRIPCIONES_ACTIVIDAD_TB.ID_ACTIVIDAD%TYPE,
        P_ID_USUARIO IN FIDE_INSCRIPCIONES_ACTIVIDAD_TB.ID_USUARIO%TYPE,
        P_FECHA_INSCRIPCION IN FIDE_INSCRIPCIONES_ACTIVIDAD_TB.FECHA_INSCRIPCION%TYPE,
        P_ASISTENCIA_CONFIRMADA IN FIDE_INSCRIPCIONES_ACTIVIDAD_TB.ASISTENCIA_CONFIRMADA%TYPE,
        P_ID_ESTADO IN FIDE_INSCRIPCIONES_ACTIVIDAD_TB.ID_ESTADO%TYPE
    );
    
    PROCEDURE FIDE_INSCRIPCIONES_ACTIVIDAD_EDITAR_SP(
        P_ID_INSCRIPCION IN FIDE_INSCRIPCIONES_ACTIVIDAD_TB.ID_INSCRIPCION%TYPE,
        P_ID_ACTIVIDAD IN FIDE_INSCRIPCIONES_ACTIVIDAD_TB.ID_ACTIVIDAD%TYPE,
        P_ID_USUARIO IN FIDE_INSCRIPCIONES_ACTIVIDAD_TB.ID_USUARIO%TYPE,
        P_FECHA_INSCRIPCION IN FIDE_INSCRIPCIONES_ACTIVIDAD_TB.FECHA_INSCRIPCION%TYPE,
        P_ASISTENCIA_CONFIRMADA IN FIDE_INSCRIPCIONES_ACTIVIDAD_TB.ASISTENCIA_CONFIRMADA%TYPE,
        P_ID_ESTADO IN FIDE_INSCRIPCIONES_ACTIVIDAD_TB.ID_ESTADO%TYPE
    );
    
    PROCEDURE FIDE_INSCRIPCIONES_ACTIVIDAD_ELIMINAR_SP(
        P_ID_INSCRIPCION IN FIDE_INSCRIPCIONES_ACTIVIDAD_TB.ID_INSCRIPCION%TYPE
    );
    
    -- =============================================
    -- PROCEDIMIENTOS PARA FIDE_LUGAR_EVENTO_TB
    -- =============================================
    PROCEDURE FIDE_LUGAR_EVENTO_INSERTAR_SP(
        P_NOMBRE_LUGAR IN FIDE_LUGAR_EVENTO_TB.NOMBRE_LUGAR%TYPE,
        P_ID_ESTADO IN FIDE_LUGAR_EVENTO_TB.ID_ESTADO%TYPE
    );
    
    PROCEDURE FIDE_LUGAR_EVENTO_EDITAR_SP(
        P_ID_LUGAR_EVENTO IN FIDE_LUGAR_EVENTO_TB.ID_LUGAR_EVENTO%TYPE,
        P_NOMBRE_LUGAR IN FIDE_LUGAR_EVENTO_TB.NOMBRE_LUGAR%TYPE,
        P_ID_ESTADO IN FIDE_LUGAR_EVENTO_TB.ID_ESTADO%TYPE
    );
    
    PROCEDURE FIDE_LUGAR_EVENTO_ELIMINAR_SP(
        P_ID_LUGAR_EVENTO IN FIDE_LUGAR_EVENTO_TB.ID_LUGAR_EVENTO%TYPE
    );
    
    -- =============================================
    -- PROCEDIMIENTOS PARA FIDE_MODULO_TB
    -- =============================================
    PROCEDURE FIDE_MODULO_INSERTAR_SP(
        P_NOMBRE IN FIDE_MODULO_TB.NOMBRE%TYPE,
        P_DESCRIPCION IN FIDE_MODULO_TB.DESCRIPCION%TYPE,
        P_ID_ESTADO IN FIDE_MODULO_TB.ID_ESTADO%TYPE
    );
    
    PROCEDURE FIDE_MODULO_EDITAR_SP(
        P_ID_MODULO IN FIDE_MODULO_TB.ID_MODULO%TYPE,
        P_NOMBRE IN FIDE_MODULO_TB.NOMBRE%TYPE,
        P_DESCRIPCION IN FIDE_MODULO_TB.DESCRIPCION%TYPE,
        P_ID_ESTADO IN FIDE_MODULO_TB.ID_ESTADO%TYPE
    );
    
    PROCEDURE FIDE_MODULO_ELIMINAR_SP(
        P_ID_MODULO IN FIDE_MODULO_TB.ID_MODULO%TYPE
    );
    
    -- =============================================
    -- PROCEDIMIENTOS PARA FIDE_MOVIMIENTOS_AHORRO_TB
    -- =============================================
    PROCEDURE FIDE_MOVIMIENTOS_AHORRO_INSERTAR_SP(
        P_ID_AHORRO IN FIDE_MOVIMIENTOS_AHORRO_TB.ID_AHORRO%TYPE,
        P_ID_TRANSACCION IN FIDE_MOVIMIENTOS_AHORRO_TB.ID_TRANSACCION%TYPE,
        P_MONTO IN FIDE_MOVIMIENTOS_AHORRO_TB.MONTO%TYPE,
        P_FECHA_DEPOSITO IN FIDE_MOVIMIENTOS_AHORRO_TB.FECHA_DEPOSITO%TYPE
    );
    
    PROCEDURE FIDE_MOVIMIENTOS_AHORRO_EDITAR_SP(
        P_ID_MOVIMIENTO IN FIDE_MOVIMIENTOS_AHORRO_TB.ID_MOVIMIENTO%TYPE,
        P_ID_AHORRO IN FIDE_MOVIMIENTOS_AHORRO_TB.ID_AHORRO%TYPE,
        P_ID_TRANSACCION IN FIDE_MOVIMIENTOS_AHORRO_TB.ID_TRANSACCION%TYPE,
        P_MONTO IN FIDE_MOVIMIENTOS_AHORRO_TB.MONTO%TYPE,
        P_FECHA_DEPOSITO IN FIDE_MOVIMIENTOS_AHORRO_TB.FECHA_DEPOSITO%TYPE
    );
    
    PROCEDURE FIDE_MOVIMIENTOS_AHORRO_ELIMINAR_SP(
        P_ID_MOVIMIENTO IN FIDE_MOVIMIENTOS_AHORRO_TB.ID_MOVIMIENTO%TYPE
    );
    
    -- =============================================
    -- PROCEDIMIENTOS PARA FIDE_NUMERO_TELEFONO_TB
    -- =============================================
    PROCEDURE FIDE_NUMERO_TELEFONO_INSERTAR_SP(
        P_NUMERO_TELEFONO IN FIDE_NUMERO_TELEFONO_TB.NUMERO_TELEFONO%TYPE,
        P_ID_ESTADO IN FIDE_NUMERO_TELEFONO_TB.ID_ESTADO%TYPE
    );
    
    PROCEDURE FIDE_NUMERO_TELEFONO_EDITAR_SP(
        P_ID_NUMERO IN FIDE_NUMERO_TELEFONO_TB.ID_NUMERO%TYPE,
        P_NUMERO_TELEFONO IN FIDE_NUMERO_TELEFONO_TB.NUMERO_TELEFONO%TYPE,
        P_ID_ESTADO IN FIDE_NUMERO_TELEFONO_TB.ID_ESTADO%TYPE
    );
    
    PROCEDURE FIDE_NUMERO_TELEFONO_ELIMINAR_SP(
        P_ID_NUMERO IN FIDE_NUMERO_TELEFONO_TB.ID_NUMERO%TYPE
    );
    
    -- =============================================
    -- PROCEDIMIENTOS PARA FIDE_PAGOS_PRESTAMOS_TB
    -- =============================================
    PROCEDURE FIDE_PAGOS_PRESTAMOS_INSERTAR_SP(
        P_ID_TRANSACCION IN FIDE_PAGOS_PRESTAMOS_TB.ID_TRANSACCION%TYPE,
        P_ID_PRESTAMO IN FIDE_PAGOS_PRESTAMOS_TB.ID_PRESTAMO%TYPE,
        P_MONTO_ABONADO IN FIDE_PAGOS_PRESTAMOS_TB.MONTO_ABONADO%TYPE,
        P_FECHA_PAGO IN FIDE_PAGOS_PRESTAMOS_TB.FECHA_PAGO%TYPE
    );
    
    PROCEDURE FIDE_PAGOS_PRESTAMOS_EDITAR_SP(
        P_ID_PAGO IN FIDE_PAGOS_PRESTAMOS_TB.ID_PAGO%TYPE,
        P_ID_TRANSACCION IN FIDE_PAGOS_PRESTAMOS_TB.ID_TRANSACCION%TYPE,
        P_ID_PRESTAMO IN FIDE_PAGOS_PRESTAMOS_TB.ID_PRESTAMO%TYPE,
        P_MONTO_ABONADO IN FIDE_PAGOS_PRESTAMOS_TB.MONTO_ABONADO%TYPE,
        P_FECHA_PAGO IN FIDE_PAGOS_PRESTAMOS_TB.FECHA_PAGO%TYPE
    );
    
    PROCEDURE FIDE_PAGOS_PRESTAMOS_ELIMINAR_SP(
        P_ID_PAGO IN FIDE_PAGOS_PRESTAMOS_TB.ID_PAGO%TYPE
    );
    
    -- =============================================
    -- PROCEDIMIENTOS PARA FIDE_PRESTAMO_TB
    -- =============================================
    PROCEDURE FIDE_PRESTAMO_INSERTAR_SP(
        P_ID_USUARIO IN FIDE_PRESTAMO_TB.ID_USUARIO%TYPE,
        P_MONTO_SOLICITADO IN FIDE_PRESTAMO_TB.MONTO_SOLICITADO%TYPE,
        P_FECHA_APROBACION IN FIDE_PRESTAMO_TB.FECHA_APROBACION%TYPE,
        P_SALDO_PENDIENTE IN FIDE_PRESTAMO_TB.SALDO_PENDIENTE%TYPE,
        P_ID_ESTADO IN FIDE_PRESTAMO_TB.ID_ESTADO%TYPE,
        P_TASA_INTERESES IN FIDE_PRESTAMO_TB.TASA_INTERESES%TYPE,
        P_PLAZO_MESES IN FIDE_PRESTAMO_TB.PLAZO_MESES%TYPE
    );
    
    PROCEDURE FIDE_PRESTAMO_EDITAR_SP(
        P_ID_PRESTAMO IN FIDE_PRESTAMO_TB.ID_PRESTAMO%TYPE,
        P_ID_USUARIO IN FIDE_PRESTAMO_TB.ID_USUARIO%TYPE,
        P_MONTO_SOLICITADO IN FIDE_PRESTAMO_TB.MONTO_SOLICITADO%TYPE,
        P_FECHA_APROBACION IN FIDE_PRESTAMO_TB.FECHA_APROBACION%TYPE,
        P_SALDO_PENDIENTE IN FIDE_PRESTAMO_TB.SALDO_PENDIENTE%TYPE,
        P_ID_ESTADO IN FIDE_PRESTAMO_TB.ID_ESTADO%TYPE,
        P_TASA_INTERESES IN FIDE_PRESTAMO_TB.TASA_INTERESES%TYPE,
        P_PLAZO_MESES IN FIDE_PRESTAMO_TB.PLAZO_MESES%TYPE
    );
    
    PROCEDURE FIDE_PRESTAMO_ELIMINAR_SP(
        P_ID_PRESTAMO IN FIDE_PRESTAMO_TB.ID_PRESTAMO%TYPE
    );
    
    -- =============================================
    -- PROCEDIMIENTOS PARA FIDE_PUESTO_EMPRESA_ASOCIADO_TB
    -- =============================================
    PROCEDURE FIDE_PUESTO_EMPRESA_ASOCIADO_INSERTAR_SP(
        P_PUESTO_EMPRESA IN FIDE_PUESTO_EMPRESA_ASOCIADO_TB.PUESTO_EMPRESA%TYPE,
        P_ID_ESTADO IN FIDE_PUESTO_EMPRESA_ASOCIADO_TB.ID_ESTADO%TYPE
    );
    
    PROCEDURE FIDE_PUESTO_EMPRESA_ASOCIADO_EDITAR_SP(
        P_ID_PUESTO_EMPRESA IN FIDE_PUESTO_EMPRESA_ASOCIADO_TB.ID_PUESTO_EMPRESA%TYPE,
        P_PUESTO_EMPRESA IN FIDE_PUESTO_EMPRESA_ASOCIADO_TB.PUESTO_EMPRESA%TYPE,
        P_ID_ESTADO IN FIDE_PUESTO_EMPRESA_ASOCIADO_TB.ID_ESTADO%TYPE
    );
    
    PROCEDURE FIDE_PUESTO_EMPRESA_ASOCIADO_ELIMINAR_SP(
        P_ID_PUESTO_EMPRESA IN FIDE_PUESTO_EMPRESA_ASOCIADO_TB.ID_PUESTO_EMPRESA%TYPE
    );
    
    -- =============================================
    -- PROCEDIMIENTOS PARA FIDE_REPORTES_TB
    -- =============================================
    PROCEDURE FIDE_REPORTES_INSERTAR_SP(
        P_ID_TIPO_REPORTE IN FIDE_REPORTES_TB.ID_TIPO_REPORTE%TYPE,
        P_FECHA_INICIO IN FIDE_REPORTES_TB.FECHA_INICIO%TYPE,
        P_FECHA_FINAL IN FIDE_REPORTES_TB.FECHA_FINAL%TYPE,
        P_ID_MODULO IN FIDE_REPORTES_TB.ID_MODULO%TYPE,
        P_TOTAL_REGISTROS IN FIDE_REPORTES_TB.TOTAL_REGISTROS%TYPE,
        P_RESUMEN_MONTOS IN FIDE_REPORTES_TB.RESUMEN_MONTOS%TYPE,
        P_FECHA_GENERACION IN FIDE_REPORTES_TB.FECHA_GENERACION%TYPE,
        P_ID_ESTADO IN FIDE_REPORTES_TB.ID_ESTADO%TYPE,
        P_ID_USUARIO IN FIDE_REPORTES_TB.ID_USUARIO%TYPE
    );
    
    PROCEDURE FIDE_REPORTES_EDITAR_SP(
        P_ID_REPORTE IN FIDE_REPORTES_TB.ID_REPORTE%TYPE,
        P_ID_TIPO_REPORTE IN FIDE_REPORTES_TB.ID_TIPO_REPORTE%TYPE,
        P_FECHA_INICIO IN FIDE_REPORTES_TB.FECHA_INICIO%TYPE,
        P_FECHA_FINAL IN FIDE_REPORTES_TB.FECHA_FINAL%TYPE,
        P_ID_MODULO IN FIDE_REPORTES_TB.ID_MODULO%TYPE,
        P_TOTAL_REGISTROS IN FIDE_REPORTES_TB.TOTAL_REGISTROS%TYPE,
        P_RESUMEN_MONTOS IN FIDE_REPORTES_TB.RESUMEN_MONTOS%TYPE,
        P_FECHA_GENERACION IN FIDE_REPORTES_TB.FECHA_GENERACION%TYPE,
        P_ID_ESTADO IN FIDE_REPORTES_TB.ID_ESTADO%TYPE,
        P_ID_USUARIO IN FIDE_REPORTES_TB.ID_USUARIO%TYPE
    );
    
    PROCEDURE FIDE_REPORTES_ELIMINAR_SP(
        P_ID_REPORTE IN FIDE_REPORTES_TB.ID_REPORTE%TYPE
    );
    
    -- =============================================
    -- PROCEDIMIENTOS PARA FIDE_RESULTADOS_REPORTE_TB
    -- =============================================
    PROCEDURE FIDE_RESULTADOS_REPORTE_INSERTAR_SP(
        P_ID_REPORTE IN FIDE_RESULTADOS_REPORTE_TB.ID_REPORTE%TYPE,
        P_METRICA_NOMBRE IN FIDE_RESULTADOS_REPORTE_TB.METRICA_NOMBRE%TYPE,
        P_METRICA_VALOR IN FIDE_RESULTADOS_REPORTE_TB.METRICA_VALOR%TYPE
    );
    
    PROCEDURE FIDE_RESULTADOS_REPORTE_EDITAR_SP(
        P_ID_RESULTADO IN FIDE_RESULTADOS_REPORTE_TB.ID_RESULTADO%TYPE,
        P_ID_REPORTE IN FIDE_RESULTADOS_REPORTE_TB.ID_REPORTE%TYPE,
        P_METRICA_NOMBRE IN FIDE_RESULTADOS_REPORTE_TB.METRICA_NOMBRE%TYPE,
        P_METRICA_VALOR IN FIDE_RESULTADOS_REPORTE_TB.METRICA_VALOR%TYPE
    );
    
    PROCEDURE FIDE_RESULTADOS_REPORTE_ELIMINAR_SP(
        P_ID_RESULTADO IN FIDE_RESULTADOS_REPORTE_TB.ID_RESULTADO%TYPE
    );
    
    -- =============================================
    -- PROCEDIMIENTOS PARA FIDE_ROL_TB
    -- =============================================
    PROCEDURE FIDE_ROL_INSERTAR_SP(
        P_NOMBRE_ROL IN FIDE_ROL_TB.NOMBRE_ROL%TYPE,
        P_ID_ESTADO IN FIDE_ROL_TB.ID_ESTADO%TYPE
    );
    
    PROCEDURE FIDE_ROL_EDITAR_SP(
        P_ID_ROL IN FIDE_ROL_TB.ID_ROL%TYPE,
        P_NOMBRE_ROL IN FIDE_ROL_TB.NOMBRE_ROL%TYPE,
        P_ID_ESTADO IN FIDE_ROL_TB.ID_ESTADO%TYPE
    );
    
    PROCEDURE FIDE_ROL_ELIMINAR_SP(
        P_ID_ROL IN FIDE_ROL_TB.ID_ROL%TYPE
    );
    
    -- =============================================
    -- PROCEDIMIENTOS PARA FIDE_SERVICIO_TB
    -- =============================================
    PROCEDURE FIDE_SERVICIO_INSERTAR_SP(
        P_NOMBRE_SERVICIO IN FIDE_SERVICIO_TB.NOMBRE_SERVICIO%TYPE,
        P_DESCRIPCION IN FIDE_SERVICIO_TB.DESCRIPCION%TYPE,
        P_VALOR_ESTIMADO IN FIDE_SERVICIO_TB.VALOR_ESTIMADO%TYPE,
        P_STOCK IN FIDE_SERVICIO_TB.STOCK%TYPE,
        P_ID_CATEGORIA IN FIDE_SERVICIO_TB.ID_CATEGORIA%TYPE,
        P_ID_ESTADO IN FIDE_SERVICIO_TB.ID_ESTADO%TYPE
    );
    
    PROCEDURE FIDE_SERVICIO_EDITAR_SP(
        P_ID_SERVICIO IN FIDE_SERVICIO_TB.ID_SERVICIO%TYPE,
        P_NOMBRE_SERVICIO IN FIDE_SERVICIO_TB.NOMBRE_SERVICIO%TYPE,
        P_DESCRIPCION IN FIDE_SERVICIO_TB.DESCRIPCION%TYPE,
        P_VALOR_ESTIMADO IN FIDE_SERVICIO_TB.VALOR_ESTIMADO%TYPE,
        P_STOCK IN FIDE_SERVICIO_TB.STOCK%TYPE,
        P_ID_CATEGORIA IN FIDE_SERVICIO_TB.ID_CATEGORIA%TYPE,
        P_ID_ESTADO IN FIDE_SERVICIO_TB.ID_ESTADO%TYPE
    );
    
    PROCEDURE FIDE_SERVICIO_ELIMINAR_SP(
        P_ID_SERVICIO IN FIDE_SERVICIO_TB.ID_SERVICIO%TYPE
    );
    
    -- =============================================
    -- PROCEDIMIENTOS PARA FIDE_TIPO_AHORRO_TB
    -- =============================================
    PROCEDURE FIDE_TIPO_AHORRO_INSERTAR_SP(
        P_NOMBRE IN FIDE_TIPO_AHORRO_TB.NOMBRE%TYPE,
        P_DESCRIPCION IN FIDE_TIPO_AHORRO_TB.DESCRIPCION%TYPE,
        P_ID_ESTADO IN FIDE_TIPO_AHORRO_TB.ID_ESTADO%TYPE
    );
    
    PROCEDURE FIDE_TIPO_AHORRO_EDITAR_SP(
        P_ID_TIPO_AHORRO IN FIDE_TIPO_AHORRO_TB.ID_TIPO_AHORRO%TYPE,
        P_NOMBRE IN FIDE_TIPO_AHORRO_TB.NOMBRE%TYPE,
        P_DESCRIPCION IN FIDE_TIPO_AHORRO_TB.DESCRIPCION%TYPE,
        P_ID_ESTADO IN FIDE_TIPO_AHORRO_TB.ID_ESTADO%TYPE
    );
    
    PROCEDURE FIDE_TIPO_AHORRO_ELIMINAR_SP(
        P_ID_TIPO_AHORRO IN FIDE_TIPO_AHORRO_TB.ID_TIPO_AHORRO%TYPE
    );
    
    -- =============================================
    -- PROCEDIMIENTOS PARA FIDE_TIPO_REPORTE_TB
    -- =============================================
    PROCEDURE FIDE_TIPO_REPORTE_INSERTAR_SP(
        P_NOMBRE IN FIDE_TIPO_REPORTE_TB.NOMBRE%TYPE,
        P_ID_ESTADO IN FIDE_TIPO_REPORTE_TB.ID_ESTADO%TYPE
    );
    
    PROCEDURE FIDE_TIPO_REPORTE_EDITAR_SP(
        P_ID_TIPO_REPORTE IN FIDE_TIPO_REPORTE_TB.ID_TIPO_REPORTE%TYPE,
        P_NOMBRE IN FIDE_TIPO_REPORTE_TB.NOMBRE%TYPE,
        P_ID_ESTADO IN FIDE_TIPO_REPORTE_TB.ID_ESTADO%TYPE
    );
    
    PROCEDURE FIDE_TIPO_REPORTE_ELIMINAR_SP(
        P_ID_TIPO_REPORTE IN FIDE_TIPO_REPORTE_TB.ID_TIPO_REPORTE%TYPE
    );
    
    -- =============================================
    -- PROCEDIMIENTOS PARA FIDE_TIPO_TRANSACCION_TB
    -- =============================================
    PROCEDURE FIDE_TIPO_TRANSACCION_INSERTAR_SP(
        P_NOMBRE IN FIDE_TIPO_TRANSACCION_TB.NOMBRE%TYPE,
        P_DESCRIPCION IN FIDE_TIPO_TRANSACCION_TB.DESCRIPCION%TYPE,
        P_ID_ESTADO IN FIDE_TIPO_TRANSACCION_TB.ID_ESTADO%TYPE
    );
    
    PROCEDURE FIDE_TIPO_TRANSACCION_EDITAR_SP(
        P_ID_TIPO_TRANSACCION IN FIDE_TIPO_TRANSACCION_TB.ID_TIPO_TRANSACCION%TYPE,
        P_NOMBRE IN FIDE_TIPO_TRANSACCION_TB.NOMBRE%TYPE,
        P_DESCRIPCION IN FIDE_TIPO_TRANSACCION_TB.DESCRIPCION%TYPE,
        P_ID_ESTADO IN FIDE_TIPO_TRANSACCION_TB.ID_ESTADO%TYPE
    );
    
    PROCEDURE FIDE_TIPO_TRANSACCION_ELIMINAR_SP(
        P_ID_TIPO_TRANSACCION IN FIDE_TIPO_TRANSACCION_TB.ID_TIPO_TRANSACCION%TYPE
    );
    
    -- =============================================
    -- PROCEDIMIENTOS PARA FIDE_TRANSACCION_TB
    -- =============================================
    PROCEDURE FIDE_TRANSACCION_INSERTAR_SP(
        P_FECHA_TRANSACCION IN FIDE_TRANSACCION_TB.FECHA_TRANSACCION%TYPE,
        P_ID_TIPO_TRANSACCION IN FIDE_TRANSACCION_TB.ID_TIPO_TRANSACCION%TYPE,
        P_MONTO_TOTAL IN FIDE_TRANSACCION_TB.MONTO_TOTAL%TYPE,
        P_ID_USUARIO IN FIDE_TRANSACCION_TB.ID_USUARIO%TYPE,
        P_ID_ESTADO IN FIDE_TRANSACCION_TB.ID_ESTADO%TYPE
    );
    
    PROCEDURE FIDE_TRANSACCION_EDITAR_SP(
        P_ID_TRANSACCION IN FIDE_TRANSACCION_TB.ID_TRANSACCION%TYPE,
        P_FECHA_TRANSACCION IN FIDE_TRANSACCION_TB.FECHA_TRANSACCION%TYPE,
        P_ID_TIPO_TRANSACCION IN FIDE_TRANSACCION_TB.ID_TIPO_TRANSACCION%TYPE,
        P_MONTO_TOTAL IN FIDE_TRANSACCION_TB.MONTO_TOTAL%TYPE,
        P_ID_USUARIO IN FIDE_TRANSACCION_TB.ID_USUARIO%TYPE,
        P_ID_ESTADO IN FIDE_TRANSACCION_TB.ID_ESTADO%TYPE
    );
    
    PROCEDURE FIDE_TRANSACCION_ELIMINAR_SP(
        P_ID_TRANSACCION IN FIDE_TRANSACCION_TB.ID_TRANSACCION%TYPE
    );
    
    -- =============================================
    -- PROCEDIMIENTOS PARA FIDE_USUARIOS_ROLES_TB
    -- =============================================
    PROCEDURE FIDE_USUARIOS_ROLES_INSERTAR_SP(
        P_ID_USUARIO IN FIDE_USUARIOS_ROLES_TB.ID_USUARIO%TYPE,
        P_ID_ROL IN FIDE_USUARIOS_ROLES_TB.ID_ROL%TYPE
    );
    
    PROCEDURE FIDE_USUARIOS_ROLES_EDITAR_SP(
        P_ID_USUARIO_OLD IN FIDE_USUARIOS_ROLES_TB.ID_USUARIO%TYPE,
        P_ID_ROL_OLD IN FIDE_USUARIOS_ROLES_TB.ID_ROL%TYPE,
        P_ID_USUARIO_NEW IN FIDE_USUARIOS_ROLES_TB.ID_USUARIO%TYPE,
        P_ID_ROL_NEW IN FIDE_USUARIOS_ROLES_TB.ID_ROL%TYPE
    );
    
    PROCEDURE FIDE_USUARIOS_ROLES_ELIMINAR_SP(
        P_ID_USUARIO IN FIDE_USUARIOS_ROLES_TB.ID_USUARIO%TYPE,
        P_ID_ROL IN FIDE_USUARIOS_ROLES_TB.ID_ROL%TYPE
    );
    
    -- =============================================
    -- PROCEDIMIENTOS PARA FIDE_DETALLE_TRANSACCION_TB
    -- =============================================
    PROCEDURE FIDE_DETALLE_TRANSACCION_INSERTAR_SP(
        P_ID_TRANSACCION IN FIDE_DETALLE_TRANSACCION_TB.ID_TRANSACCION%TYPE,
        P_CONCEPTO IN FIDE_DETALLE_TRANSACCION_TB.CONCEPTO%TYPE,
        P_SUB_TOTAL IN FIDE_DETALLE_TRANSACCION_TB.SUB_TOTAL%TYPE
    );
    
    PROCEDURE FIDE_DETALLE_TRANSACCION_EDITAR_SP(
        P_ID_DETALLE IN FIDE_DETALLE_TRANSACCION_TB.ID_DETALLE%TYPE,
        P_ID_TRANSACCION IN FIDE_DETALLE_TRANSACCION_TB.ID_TRANSACCION%TYPE,
        P_CONCEPTO IN FIDE_DETALLE_TRANSACCION_TB.CONCEPTO%TYPE,
        P_SUB_TOTAL IN FIDE_DETALLE_TRANSACCION_TB.SUB_TOTAL%TYPE
    );
    
    PROCEDURE FIDE_DETALLE_TRANSACCION_ELIMINAR_SP(
        P_ID_DETALLE IN FIDE_DETALLE_TRANSACCION_TB.ID_DETALLE%TYPE
    );

END ASEFIDE_PKG;
/


--------------------------------------------------------------------------------------
---------------------------------- BODY DEL PAQUETE ----------------------------------
--------------------------------------------------------------------------------------

CREATE OR REPLACE PACKAGE BODY ASEFIDE_PKG AS

    -- =============================================
    -- IMPLEMENTACIÓN FUNCIONES
    -- =============================================

    -- 1. Función Listar Usuarios
    FUNCTION FIDE_LISTAR_USUARIOS_FN RETURN NUMBER IS
        CURSOR CURSOR_USUARIOS IS
            SELECT ID_USUARIO, 
                   NOMBRE, 
                   APELLIDO_PATERNO, 
                   APELLIDO_MATERNO
            FROM FIDE_USUARIO_TB;
        V_CONTADOR NUMBER := 0;
    BEGIN
        FOR USUARIO IN CURSOR_USUARIOS
        LOOP
            V_CONTADOR := V_CONTADOR + 1;
            DBMS_OUTPUT.PUT_LINE(
                'ID: ' || USUARIO.ID_USUARIO || 
                ' - NOMBRE: ' || USUARIO.NOMBRE || ' ' || 
                USUARIO.APELLIDO_PATERNO || ' ' || 
                USUARIO.APELLIDO_MATERNO
            );
        END LOOP;
        RETURN V_CONTADOR;
    EXCEPTION
        WHEN NO_DATA_FOUND THEN
            DBMS_OUTPUT.PUT_LINE('NO SE ENCONTRARON DATOS');
            RETURN 0;
        WHEN TOO_MANY_ROWS THEN
            DBMS_OUTPUT.PUT_LINE('DATOS DUPLICADOS');
            RETURN -1;
        WHEN OTHERS THEN
            DBMS_OUTPUT.PUT_LINE('ERROR: ' || SQLERRM);
            RETURN -1;
    END FIDE_LISTAR_USUARIOS_FN;

    -- 2. Función Suma Total De Montos De Ahorro Del Sistema
    FUNCTION FIDE_SUMA_TOTAL_AHORROS_FN RETURN NUMBER IS
        CURSOR CURSOR_AHORROS IS
            SELECT SALDO_ACTUAL
            FROM FIDE_CUENTAS_AHORRO_TB;
        V_SUMA_TOTAL NUMBER := 0;
    BEGIN
        FOR AHORRO IN CURSOR_AHORROS
        LOOP
            V_SUMA_TOTAL := V_SUMA_TOTAL + AHORRO.SALDO_ACTUAL;
        END LOOP;
        DBMS_OUTPUT.PUT_LINE('TOTAL DE AHORROS DEL SISTEMA: ' || V_SUMA_TOTAL);
        RETURN V_SUMA_TOTAL;
    EXCEPTION
        WHEN NO_DATA_FOUND THEN
            DBMS_OUTPUT.PUT_LINE('NO SE ENCONTRARON DATOS');
            RETURN 0;
        WHEN TOO_MANY_ROWS THEN
            DBMS_OUTPUT.PUT_LINE('DATOS DUPLICADOS');
            RETURN -1;
        WHEN OTHERS THEN
            DBMS_OUTPUT.PUT_LINE('ERROR: ' || SQLERRM);
            RETURN -1;
    END FIDE_SUMA_TOTAL_AHORROS_FN;

    -- 3. Función Ordenar Usuarios Alfabéticamente.
    FUNCTION FIDE_ORDENAR_USUARIOS_ALFABETICO_FN 
RETURN SYS_REFCURSOR 
IS
    V_CURSOR SYS_REFCURSOR;
BEGIN
    OPEN V_CURSOR FOR
        SELECT 
            U.ID_USUARIO,
            U.NOMBRE || ' ' || U.APELLIDO_PATERNO || ' ' || U.APELLIDO_MATERNO AS NOMBRE_COMPLETO,
            U.NOMBRE_USUARIO,
            T.NUMERO_TELEFONO,
            C.CORREO_ELECTRONICO,
            D.DISTRITO,
            DA.APORTE_MENSUAL,
            E.NOMBRE AS ESTADO
        FROM FIDE_USUARIO_TB U
        LEFT JOIN FIDE_NUMERO_TELEFONO_TB T ON U.ID_NUMERO = T.ID_NUMERO
        LEFT JOIN FIDE_CORREO_ELECTRONICO_TB C ON U.ID_CORREO = C.ID_CORREO
        LEFT JOIN FIDE_DIRECCION_TB D ON U.ID_DIRECCION = D.ID_DIRECCION
        LEFT JOIN FIDE_DATOS_ASOCIADOS_TB DA ON U.ID_DATOS_ASOCIADOS = DA.ID_DATOS_ASOCIADOS
        LEFT JOIN FIDE_ESTADO_TB E ON U.ID_ESTADO = E.ID_ESTADO
        ORDER BY 
            U.NOMBRE ASC, 
            U.APELLIDO_PATERNO ASC, 
            U.APELLIDO_MATERNO ASC;

    RETURN V_CURSOR;

EXCEPTION
    WHEN OTHERS THEN
        RETURN NULL;
END FIDE_ORDENAR_USUARIOS_ALFABETICO_FN;

    -- 4. Función Ordenar Usuarios Por Fecha De Afiliación
    FUNCTION FIDE_ORDENAR_USUARIOS_FECHA_FN RETURN NUMBER IS
        CURSOR CURSOR_FECHA IS
            SELECT U.NOMBRE, 
                   U.APELLIDO_PATERNO, 
                   D.FECHA_AFILIACION
            FROM FIDE_USUARIO_TB U
            JOIN FIDE_DATOS_ASOCIADOS_TB D 
            ON U.ID_DATOS_ASOCIADOS = D.ID_DATOS_ASOCIADOS
            ORDER BY D.FECHA_AFILIACION ASC;
        V_CONTADOR NUMBER := 0;
    BEGIN
        FOR USUARIO IN CURSOR_FECHA
        LOOP
            V_CONTADOR := V_CONTADOR + 1;
            DBMS_OUTPUT.PUT_LINE(
                'USUARIO: ' || USUARIO.NOMBRE || ' ' || 
                USUARIO.APELLIDO_PATERNO || 
                ' - FECHA AFILIACION: ' || USUARIO.FECHA_AFILIACION
            );
        END LOOP;
        RETURN V_CONTADOR;
    EXCEPTION
        WHEN NO_DATA_FOUND THEN
            DBMS_OUTPUT.PUT_LINE('NO SE ENCONTRARON DATOS');
            RETURN 0;
        WHEN TOO_MANY_ROWS THEN
            DBMS_OUTPUT.PUT_LINE('DATOS DUPLICADOS');
            RETURN -1;
        WHEN OTHERS THEN
            DBMS_OUTPUT.PUT_LINE('ERROR: ' || SQLERRM);
            RETURN -1;
    END FIDE_ORDENAR_USUARIOS_FECHA_FN;

    -- 5. Función Top 10 Usuarios Con Más Ahorros
    FUNCTION FIDE_TOP10_MAS_AHORROS_FN RETURN NUMBER IS
        CURSOR CURSOR_MAS_AHORROS IS
            SELECT * FROM (
                SELECT U.NOMBRE, 
                       U.APELLIDO_PATERNO, 
                       SUM(A.SALDO_ACTUAL) AS TOTAL_AHORRO
                FROM FIDE_USUARIO_TB U
                JOIN FIDE_CUENTAS_AHORRO_TB A 
                ON U.ID_USUARIO = A.ID_USUARIO
                GROUP BY U.NOMBRE, 
                         U.APELLIDO_PATERNO
                ORDER BY TOTAL_AHORRO DESC
            )
            WHERE ROWNUM <= 10;
        V_CONTADOR NUMBER := 0;
    BEGIN
        FOR USUARIO IN CURSOR_MAS_AHORROS
        LOOP
            V_CONTADOR := V_CONTADOR + 1;
            DBMS_OUTPUT.PUT_LINE(
                'USUARIO: ' || USUARIO.NOMBRE || ' ' || 
                USUARIO.APELLIDO_PATERNO || 
                ' - TOTAL AHORROS: ' || USUARIO.TOTAL_AHORRO
            );
        END LOOP;
        RETURN V_CONTADOR;
    EXCEPTION
        WHEN NO_DATA_FOUND THEN
            DBMS_OUTPUT.PUT_LINE('NO SE ENCONTRARON DATOS');
            RETURN 0;
        WHEN TOO_MANY_ROWS THEN
            DBMS_OUTPUT.PUT_LINE('DATOS DUPLICADOS');
            RETURN -1;
        WHEN OTHERS THEN
            DBMS_OUTPUT.PUT_LINE('ERROR: ' || SQLERRM);
            RETURN -1;
    END FIDE_TOP10_MAS_AHORROS_FN;
    
-- 6. Función Top 10 Usuarios Con Menos Ahorros
    FUNCTION FIDE_TOP10_MENOS_AHORROS_FN RETURN NUMBER IS
        CURSOR CURSOR_MENOS_AHORROS IS
            SELECT * FROM (
                SELECT U.NOMBRE, 
                       U.APELLIDO_PATERNO, 
                       NVL(SUM(A.SALDO_ACTUAL), 0) AS TOTAL_AHORRO
                FROM FIDE_USUARIO_TB U
                LEFT JOIN FIDE_CUENTAS_AHORRO_TB A 
                ON U.ID_USUARIO = A.ID_USUARIO
                GROUP BY U.NOMBRE, 
                         U.APELLIDO_PATERNO
                ORDER BY TOTAL_AHORRO ASC
            )
            WHERE ROWNUM <= 10;
        V_CONTADOR NUMBER := 0;
    BEGIN
        FOR USUARIO IN CURSOR_MENOS_AHORROS
        LOOP
            V_CONTADOR := V_CONTADOR + 1;
            DBMS_OUTPUT.PUT_LINE(
                'USUARIO: ' || USUARIO.NOMBRE || ' ' || 
                USUARIO.APELLIDO_PATERNO || 
                ' - TOTAL AHORROS: ' || USUARIO.TOTAL_AHORRO
            );
        END LOOP;
        DBMS_OUTPUT.PUT_LINE('TOTAL USUARIOS LISTADOS: ' || V_CONTADOR);
        RETURN V_CONTADOR;
    EXCEPTION
        WHEN NO_DATA_FOUND THEN
            DBMS_OUTPUT.PUT_LINE('NO SE ENCONTRARON DATOS');
            RETURN 0;
        WHEN TOO_MANY_ROWS THEN
            DBMS_OUTPUT.PUT_LINE('DATOS DUPLICADOS');
            RETURN -1;
        WHEN OTHERS THEN
            DBMS_OUTPUT.PUT_LINE('ERROR: ' || SQLERRM);
            RETURN -1;
    END FIDE_TOP10_MENOS_AHORROS_FN;
    
    -- 7. Función Buscar Usuarios Por Nombre
    FUNCTION FIDE_BUSCAR_USUARIOS_NOMBRE_FN(
        P_NOMBRE_BUSCAR VARCHAR2
    ) RETURN NUMBER IS
        CURSOR CURSOR_BUSQUEDA IS
            SELECT ID_USUARIO,
                   NOMBRE,
                   APELLIDO_PATERNO,
                   APELLIDO_MATERNO,
                   NOMBRE_USUARIO
            FROM FIDE_USUARIO_TB
            WHERE UPPER(NOMBRE) LIKE '%' || UPPER(P_NOMBRE_BUSCAR) || '%'
               OR UPPER(APELLIDO_PATERNO) LIKE '%' || UPPER(P_NOMBRE_BUSCAR) || '%'
               OR UPPER(APELLIDO_MATERNO) LIKE '%' || UPPER(P_NOMBRE_BUSCAR) || '%'
            ORDER BY NOMBRE, APELLIDO_PATERNO;
        V_CONTADOR NUMBER := 0;
    BEGIN
        FOR USUARIO IN CURSOR_BUSQUEDA
        LOOP
            V_CONTADOR := V_CONTADOR + 1;
            DBMS_OUTPUT.PUT_LINE(
                'ID: ' || USUARIO.ID_USUARIO ||
                ' - NOMBRE: ' || USUARIO.NOMBRE || ' ' || 
                USUARIO.APELLIDO_PATERNO || ' ' || 
                NVL(USUARIO.APELLIDO_MATERNO, '') ||
                ' - USER: ' || USUARIO.NOMBRE_USUARIO
            );
        END LOOP;
        DBMS_OUTPUT.PUT_LINE('TOTAL USUARIOS ENCONTRADOS: ' || V_CONTADOR);
        RETURN V_CONTADOR;
    EXCEPTION
        WHEN NO_DATA_FOUND THEN
            DBMS_OUTPUT.PUT_LINE('NO SE ENCONTRARON USUARIOS CON: ' || P_NOMBRE_BUSCAR);
            RETURN 0;
        WHEN TOO_MANY_ROWS THEN
            DBMS_OUTPUT.PUT_LINE('DATOS DUPLICADOS');
            RETURN -1;
        WHEN OTHERS THEN
            DBMS_OUTPUT.PUT_LINE('ERROR: ' || SQLERRM);
            RETURN -1;
    END FIDE_BUSCAR_USUARIOS_NOMBRE_FN;
    
    -- 8. Función Cantidad De Usuarios Por Estado
    FUNCTION FIDE_USUARIOS_POR_ESTADO_FN RETURN NUMBER IS
        CURSOR CURSOR_ESTADOS IS
            SELECT E.NOMBRE AS NOMBRE_ESTADO,
                   COUNT(U.ID_USUARIO) AS CANTIDAD_USUARIOS
            FROM FIDE_ESTADO_TB E
            LEFT JOIN FIDE_USUARIO_TB U ON E.ID_ESTADO = U.ID_ESTADO
            WHERE E.NOMBRE IN ('ACTIVO', 'INACTIVO')
            GROUP BY E.NOMBRE
            ORDER BY E.NOMBRE;
        V_CONTADOR NUMBER := 0;
        V_TOTAL_ACTIVOS NUMBER := 0;
        V_TOTAL_INACTIVOS NUMBER := 0;
    BEGIN
        FOR ESTADO IN CURSOR_ESTADOS
        LOOP
            V_CONTADOR := V_CONTADOR + 1;
            
            IF ESTADO.NOMBRE_ESTADO = 'ACTIVO' THEN
                V_TOTAL_ACTIVOS := ESTADO.CANTIDAD_USUARIOS;
            ELSIF ESTADO.NOMBRE_ESTADO = 'INACTIVO' THEN
                V_TOTAL_INACTIVOS := ESTADO.CANTIDAD_USUARIOS;
            END IF;
            
            DBMS_OUTPUT.PUT_LINE(
                'ESTADO: ' || ESTADO.NOMBRE_ESTADO ||
                ' - CANTIDAD: ' || ESTADO.CANTIDAD_USUARIOS
            );
        END LOOP;
        
        DBMS_OUTPUT.PUT_LINE('TOTAL ACTIVOS: ' || V_TOTAL_ACTIVOS);
        DBMS_OUTPUT.PUT_LINE('TOTAL INACTIVOS: ' || V_TOTAL_INACTIVOS);
        DBMS_OUTPUT.PUT_LINE('TOTAL GENERAL: ' || (V_TOTAL_ACTIVOS + V_TOTAL_INACTIVOS));
        
        RETURN V_CONTADOR;
    EXCEPTION
        WHEN NO_DATA_FOUND THEN
            DBMS_OUTPUT.PUT_LINE('NO SE ENCONTRARON ESTADOS');
            RETURN 0;
        WHEN TOO_MANY_ROWS THEN
            DBMS_OUTPUT.PUT_LINE('DATOS DUPLICADOS');
            RETURN -1;
        WHEN OTHERS THEN
            DBMS_OUTPUT.PUT_LINE('ERROR: ' || SQLERRM);
            RETURN -1;
    END FIDE_USUARIOS_POR_ESTADO_FN;
    
    -- 9. Función Promedio De Montos De Ahorros
    FUNCTION FIDE_PROMEDIO_AHORROS_FN RETURN NUMBER IS
        CURSOR CURSOR_AHORROS IS
            SELECT SALDO_ACTUAL
            FROM FIDE_CUENTAS_AHORRO_TB
            WHERE ID_ESTADO = 1;
        V_SUMA NUMBER := 0;
        V_CONTADOR NUMBER := 0;
        V_PROMEDIO NUMBER := 0;
    BEGIN
        FOR AHORRO IN CURSOR_AHORROS
        LOOP
            V_SUMA := V_SUMA + NVL(AHORRO.SALDO_ACTUAL, 0);
            V_CONTADOR := V_CONTADOR + 1;
        END LOOP;
        
        IF V_CONTADOR > 0 THEN
            V_PROMEDIO := V_SUMA / V_CONTADOR;
            DBMS_OUTPUT.PUT_LINE('SUMA TOTAL AHORROS: ' || V_SUMA);
            DBMS_OUTPUT.PUT_LINE('CANTIDAD CUENTAS: ' || V_CONTADOR);
            DBMS_OUTPUT.PUT_LINE('PROMEDIO DE AHORROS: ' || V_PROMEDIO);
        ELSE
            DBMS_OUTPUT.PUT_LINE('NO HAY CUENTAS DE AHORRO ACTIVAS');
        END IF;
        
        RETURN V_PROMEDIO;
    EXCEPTION
        WHEN NO_DATA_FOUND THEN
            DBMS_OUTPUT.PUT_LINE('NO SE ENCONTRARON AHORROS');
            RETURN 0;
        WHEN ZERO_DIVIDE THEN
            DBMS_OUTPUT.PUT_LINE('NO HAY DATOS PARA CALCULAR PROMEDIO');
            RETURN 0;
        WHEN OTHERS THEN
            DBMS_OUTPUT.PUT_LINE('ERROR: ' || SQLERRM);
            RETURN -1;
    END FIDE_PROMEDIO_AHORROS_FN;
    
    -- 10. Función Usuarios Registrados En El Último Mes
    FUNCTION FIDE_USUARIOS_ULTIMO_MES_FN RETURN NUMBER IS
        CURSOR CURSOR_ULTIMO_MES IS
            SELECT U.NOMBRE,
                   U.APELLIDO_PATERNO,
                   U.APELLIDO_MATERNO,
                   D.FECHA_AFILIACION
            FROM FIDE_USUARIO_TB U
            JOIN FIDE_DATOS_ASOCIADOS_TB D 
            ON U.ID_DATOS_ASOCIADOS = D.ID_DATOS_ASOCIADOS
            WHERE D.FECHA_AFILIACION >= ADD_MONTHS(SYSDATE, -1)
            ORDER BY D.FECHA_AFILIACION DESC;
        V_CONTADOR NUMBER := 0;
    BEGIN
        FOR USUARIO IN CURSOR_ULTIMO_MES
        LOOP
            V_CONTADOR := V_CONTADOR + 1;
            DBMS_OUTPUT.PUT_LINE(
                'USUARIO: ' || USUARIO.NOMBRE || ' ' || 
                USUARIO.APELLIDO_PATERNO || ' ' || 
                NVL(USUARIO.APELLIDO_MATERNO, '') ||
                ' - FECHA: ' || TO_CHAR(USUARIO.FECHA_AFILIACION, 'DD/MM/YYYY')
            );
        END LOOP;
        
        DBMS_OUTPUT.PUT_LINE('TOTAL USUARIOS NUEVOS ÚLTIMO MES: ' || V_CONTADOR);
        RETURN V_CONTADOR;
    EXCEPTION
        WHEN NO_DATA_FOUND THEN
            DBMS_OUTPUT.PUT_LINE('NO HAY USUARIOS NUEVOS EN EL ÚLTIMO MES');
            RETURN 0;
        WHEN TOO_MANY_ROWS THEN
            DBMS_OUTPUT.PUT_LINE('DATOS DUPLICADOS');
            RETURN -1;
        WHEN OTHERS THEN
            DBMS_OUTPUT.PUT_LINE('ERROR: ' || SQLERRM);
            RETURN -1;
    END FIDE_USUARIOS_ULTIMO_MES_FN;

-- 11. Función Top 5 Usuarios Con Más transacciones

FUNCTION FIDE_TOP5_USUARIOS_TRANSACCIONES_FN
RETURN NUMBER
IS
CURSOR CURSOR_TOP IS
SELECT *
FROM (
    SELECT U.ID_USUARIO,
           U.NOMBRE,
           U.APELLIDO_PATERNO,
           COUNT(T.ID_TRANSACCION) TOTAL_TRANSACCIONES
    FROM FIDE_USUARIO_TB U
    JOIN FIDE_TRANSACCION_TB T
    ON U.ID_USUARIO = T.ID_USUARIO
    GROUP BY U.ID_USUARIO, U.NOMBRE, U.APELLIDO_PATERNO
    ORDER BY TOTAL_TRANSACCIONES DESC
)
WHERE ROWNUM <= 5;

V_CONTADOR NUMBER := 0;

BEGIN
FOR USUARIO IN CURSOR_TOP
LOOP

V_CONTADOR := V_CONTADOR + 1;

DBMS_OUTPUT.PUT_LINE(
'USUARIO: ' || USUARIO.NOMBRE || ' ' || USUARIO.APELLIDO_PATERNO ||
' - TRANSACCIONES: ' || USUARIO.TOTAL_TRANSACCIONES);

END LOOP;

RETURN V_CONTADOR;

EXCEPTION
WHEN NO_DATA_FOUND THEN
DBMS_OUTPUT.PUT_LINE('NO SE ENCONTRARON DATOS');
RETURN 0;
WHEN TOO_MANY_ROWS THEN
DBMS_OUTPUT.PUT_LINE('DATOS DUPLICADOS');
RETURN -1;
WHEN OTHERS THEN
DBMS_OUTPUT.PUT_LINE('ERROR: ' || SQLERRM);
RETURN -1;

END;
    
    
    -- 12. Función Cantidad transacciones por Usuario
    
    FUNCTION FIDE_CANTIDAD_TRANSACCIONES_USUARIO_FN(
P_ID_USUARIO NUMBER
)
RETURN NUMBER
IS
CURSOR CURSOR_TRANSACCIONES IS
SELECT *
FROM FIDE_TRANSACCION_TB
WHERE ID_USUARIO = P_ID_USUARIO;

V_CONTADOR NUMBER := 0;

BEGIN
FOR TRANS IN CURSOR_TRANSACCIONES
LOOP
V_CONTADOR := V_CONTADOR + 1;
END LOOP;

RETURN V_CONTADOR;

EXCEPTION

WHEN NO_DATA_FOUND THEN
DBMS_OUTPUT.PUT_LINE('USUARIO NO ENCONTRADO');
RETURN 0;
WHEN TOO_MANY_ROWS THEN
DBMS_OUTPUT.PUT_LINE('ERROR DE DATOS');
RETURN -1;
WHEN OTHERS THEN
DBMS_OUTPUT.PUT_LINE('ERROR: ' || SQLERRM);
RETURN -1;

END;
    
     -- 13. Función Usuarios con mayores ahorros
     
     FUNCTION FIDE_USUARIOS_MAYOR_AHORRO_FN(
P_MONTO NUMBER
)
RETURN NUMBER
IS
CURSOR CURSOR_AHORRO IS
SELECT U.NOMBRE,
       U.APELLIDO_PATERNO,
       A.SALDO_ACTUAL
FROM FIDE_USUARIO_TB U
JOIN FIDE_CUENTAS_AHORRO_TB A
ON U.ID_USUARIO = A.ID_USUARIO
WHERE A.SALDO_ACTUAL > P_MONTO;

V_CONTADOR NUMBER := 0;

BEGIN
FOR USUARIO IN CURSOR_AHORRO
LOOP

V_CONTADOR := V_CONTADOR + 1;

DBMS_OUTPUT.PUT_LINE(
USUARIO.NOMBRE || ' ' || USUARIO.APELLIDO_PATERNO ||
' - AHORRO: ' || USUARIO.SALDO_ACTUAL);

END LOOP;

RETURN V_CONTADOR;

EXCEPTION

WHEN NO_DATA_FOUND THEN
DBMS_OUTPUT.PUT_LINE('NO HAY RESULTADOS');
RETURN 0;
WHEN TOO_MANY_ROWS THEN
DBMS_OUTPUT.PUT_LINE('ERROR EN DATOS');
RETURN -1;
WHEN OTHERS THEN
DBMS_OUTPUT.PUT_LINE('ERROR: ' || SQLERRM);
RETURN -1;

END;
    
    
         -- 14. Función Historial de transacciones

FUNCTION FIDE_HISTORIAL_TRANSACCIONES_FN(
P_ID_USUARIO NUMBER
)
RETURN NUMBER
IS
CURSOR CURSOR_HISTORIAL IS
SELECT *
FROM FIDE_TRANSACCION_TB
WHERE ID_USUARIO = P_ID_USUARIO
ORDER BY FECHA_TRANSACCION;

V_CONTADOR NUMBER := 0;

BEGIN

FOR TRANS IN CURSOR_HISTORIAL
LOOP

V_CONTADOR := V_CONTADOR + 1;

DBMS_OUTPUT.PUT_LINE(
'TRANSACCION: ' || TRANS.ID_TRANSACCION ||
' - FECHA: ' || TRANS.FECHA_TRANSACCION ||
' - MONTO: ' || TRANS.MONTO_TOTAL);

END LOOP;

RETURN V_CONTADOR;

EXCEPTION
WHEN NO_DATA_FOUND THEN
DBMS_OUTPUT.PUT_LINE('NO HAY TRANSACCIONES');
RETURN 0;
WHEN TOO_MANY_ROWS THEN
DBMS_OUTPUT.PUT_LINE('ERROR EN DATOS');
RETURN -1;
WHEN OTHERS THEN
DBMS_OUTPUT.PUT_LINE('ERROR: ' || SQLERRM);
RETURN -1;

END;

         -- 15. Función Reporte de Ahorros de Usuario
         
FUNCTION FIDE_REPORTE_AHORROS_USUARIO_FN(
P_ID_USUARIO NUMBER
)
RETURN NUMBER
IS
CURSOR CURSOR_REPORTE IS
SELECT *
FROM FIDE_CUENTAS_AHORRO_TB
WHERE ID_USUARIO = P_ID_USUARIO;

V_CONTADOR NUMBER := 0;

BEGIN
FOR AHORRO IN CURSOR_REPORTE
LOOP

V_CONTADOR := V_CONTADOR + 1;

DBMS_OUTPUT.PUT_LINE(
'CUENTA: ' || AHORRO.ID_AHORRO ||
' - MONTO APORTE: ' || AHORRO.MONTO_APORTE ||
' - SALDO ACTUAL: ' || AHORRO.SALDO_ACTUAL);

END LOOP;

RETURN V_CONTADOR;

EXCEPTION
WHEN NO_DATA_FOUND THEN
DBMS_OUTPUT.PUT_LINE('NO EXISTEN AHORROS');
RETURN 0;
WHEN TOO_MANY_ROWS THEN
DBMS_OUTPUT.PUT_LINE('ERROR EN DATOS');
RETURN -1;
WHEN OTHERS THEN
DBMS_OUTPUT.PUT_LINE('ERROR: ' || SQLERRM);
RETURN -1;

END;


    -- =============================================
    -- IMPLEMENTACIÓN PARA FIDE_USUARIO_TB
    -- =============================================
    
    PROCEDURE FIDE_USUARIOS_INSERTAR_SP(
        P_IDENTIFICACION IN FIDE_USUARIO_TB.IDENTIFICACION%TYPE,
        P_NOMBRE IN FIDE_USUARIO_TB.NOMBRE%TYPE,
        P_APELLIDO_PATERNO IN FIDE_USUARIO_TB.APELLIDO_PATERNO%TYPE,
        P_APELLIDO_MATERNO IN FIDE_USUARIO_TB.APELLIDO_MATERNO%TYPE,
        P_ID_NUMERO IN FIDE_USUARIO_TB.ID_NUMERO%TYPE,
        P_ID_DATOS_ASOCIADOS IN FIDE_USUARIO_TB.ID_DATOS_ASOCIADOS%TYPE,
        P_ID_ESTADO IN FIDE_USUARIO_TB.ID_ESTADO%TYPE,
        P_ID_DIRECCION IN FIDE_USUARIO_TB.ID_DIRECCION%TYPE,
        P_NOMBRE_USUARIO IN FIDE_USUARIO_TB.NOMBRE_USUARIO%TYPE,
        P_CONTRASENIA IN FIDE_USUARIO_TB.CONTRASENIA%TYPE,
        P_ID_CORREO IN FIDE_USUARIO_TB.ID_CORREO%TYPE
    ) IS
    BEGIN
        INSERT INTO FIDE_USUARIO_TB(
            IDENTIFICACION, NOMBRE, APELLIDO_PATERNO, APELLIDO_MATERNO,
            ID_NUMERO, ID_DATOS_ASOCIADOS, ID_ESTADO, ID_DIRECCION,
            NOMBRE_USUARIO, CONTRASENIA, ID_CORREO
        ) VALUES (
            P_IDENTIFICACION, P_NOMBRE, P_APELLIDO_PATERNO, P_APELLIDO_MATERNO,
            P_ID_NUMERO, P_ID_DATOS_ASOCIADOS, P_ID_ESTADO, P_ID_DIRECCION,
            P_NOMBRE_USUARIO, P_CONTRASENIA, P_ID_CORREO
        );
        COMMIT;
        DBMS_OUTPUT.PUT_LINE('Registro insertado correctamente en FIDE_USUARIO_TB.');
    EXCEPTION
        WHEN DUP_VAL_ON_INDEX THEN
            ROLLBACK;
            DBMS_OUTPUT.PUT_LINE('Error: El usuario con identificación ' || P_IDENTIFICACION || ' ya existe.');
        WHEN VALUE_ERROR THEN
            ROLLBACK;
            DBMS_OUTPUT.PUT_LINE('Error: Formato de dato incorrecto o valor nulo en la inserción de usuario.');
        WHEN OTHERS THEN
            ROLLBACK;
            DBMS_OUTPUT.PUT_LINE('Error inesperado (' || SQLCODE || '): ' || SQLERRM);
    END FIDE_USUARIOS_INSERTAR_SP;
    
    PROCEDURE FIDE_USUARIOS_EDITAR_SP(
        P_ID_USUARIO IN FIDE_USUARIO_TB.ID_USUARIO%TYPE,
        P_IDENTIFICACION IN FIDE_USUARIO_TB.IDENTIFICACION%TYPE,
        P_NOMBRE IN FIDE_USUARIO_TB.NOMBRE%TYPE,
        P_APELLIDO_PATERNO IN FIDE_USUARIO_TB.APELLIDO_PATERNO%TYPE,
        P_APELLIDO_MATERNO IN FIDE_USUARIO_TB.APELLIDO_MATERNO%TYPE,
        P_ID_NUMERO IN FIDE_USUARIO_TB.ID_NUMERO%TYPE,
        P_ID_DATOS_ASOCIADOS IN FIDE_USUARIO_TB.ID_DATOS_ASOCIADOS%TYPE,
        P_ID_ESTADO IN FIDE_USUARIO_TB.ID_ESTADO%TYPE,
        P_ID_DIRECCION IN FIDE_USUARIO_TB.ID_DIRECCION%TYPE,
        P_NOMBRE_USUARIO IN FIDE_USUARIO_TB.NOMBRE_USUARIO%TYPE,
        P_CONTRASENIA IN FIDE_USUARIO_TB.CONTRASENIA%TYPE,
        P_ID_CORREO IN FIDE_USUARIO_TB.ID_CORREO%TYPE
    ) IS
    BEGIN
        UPDATE FIDE_USUARIO_TB
        SET IDENTIFICACION = P_IDENTIFICACION,
            NOMBRE = P_NOMBRE,
            APELLIDO_PATERNO = P_APELLIDO_PATERNO,
            APELLIDO_MATERNO = P_APELLIDO_MATERNO,
            ID_NUMERO = P_ID_NUMERO,
            ID_DATOS_ASOCIADOS = P_ID_DATOS_ASOCIADOS,
            ID_ESTADO = P_ID_ESTADO,
            ID_DIRECCION = P_ID_DIRECCION,
            NOMBRE_USUARIO = P_NOMBRE_USUARIO,
            CONTRASENIA = P_CONTRASENIA,
            ID_CORREO = P_ID_CORREO
        WHERE ID_USUARIO = P_ID_USUARIO;
        
        IF SQL%ROWCOUNT = 0 THEN
            DBMS_OUTPUT.PUT_LINE('Advertencia: No se encontró el usuario con ID ' || P_ID_USUARIO);
        ELSE
            COMMIT;
            DBMS_OUTPUT.PUT_LINE('Usuario actualizado exitosamente.');
        END IF;
    EXCEPTION
        WHEN DUP_VAL_ON_INDEX THEN
            ROLLBACK;
            DBMS_OUTPUT.PUT_LINE('Error: La identificación ' || P_IDENTIFICACION || ' ya está en uso por otro usuario.');
        WHEN VALUE_ERROR THEN
            ROLLBACK;
            DBMS_OUTPUT.PUT_LINE('Error: Formato de dato incorrecto o valor nulo en la actualización.');
        WHEN OTHERS THEN
            ROLLBACK;
            DBMS_OUTPUT.PUT_LINE('Error inesperado al actualizar (' || SQLCODE || '): ' || SQLERRM);
    END FIDE_USUARIOS_EDITAR_SP;
    
    PROCEDURE FIDE_USUARIOS_ELIMINAR_SP(
        P_ID_USUARIO IN FIDE_USUARIO_TB.ID_USUARIO%TYPE
    ) IS
        V_ESTADO_INACTIVO CONSTANT NUMBER := 2;
    BEGIN
        UPDATE FIDE_USUARIO_TB
        SET ID_ESTADO = V_ESTADO_INACTIVO
        WHERE ID_USUARIO = P_ID_USUARIO;
        
        IF SQL%ROWCOUNT = 0 THEN
            DBMS_OUTPUT.PUT_LINE('Advertencia: No se encontró el usuario con ID ' || P_ID_USUARIO);
        ELSE
            COMMIT;
            DBMS_OUTPUT.PUT_LINE('Usuario eliminado exitosamente.');
        END IF;
    EXCEPTION
        WHEN VALUE_ERROR THEN
            ROLLBACK;
            DBMS_OUTPUT.PUT_LINE('Error: Valor incorrecto en la eliminación.');
        WHEN OTHERS THEN
            ROLLBACK;
            DBMS_OUTPUT.PUT_LINE('Error inesperado al eliminar (' || SQLCODE || '): ' || SQLERRM);
    END FIDE_USUARIOS_ELIMINAR_SP;
    
    -- =============================================
    -- IMPLEMENTACIÓN PARA FIDE_ACTIVIDAD_TB
    -- =============================================
    
    PROCEDURE FIDE_ACTIVIDAD_INSERTAR_SP(
        P_NOMBRE IN FIDE_ACTIVIDAD_TB.NOMBRE%TYPE,
        P_DESCRIPCION IN FIDE_ACTIVIDAD_TB.DESCRIPCION%TYPE,
        P_FECHA_EVENTO IN FIDE_ACTIVIDAD_TB.FECHA_EVENTO%TYPE,
        P_CUPO_TOTAL IN FIDE_ACTIVIDAD_TB.CUPO_TOTAL%TYPE,
        P_ID_ESTADO IN FIDE_ACTIVIDAD_TB.ID_ESTADO%TYPE,
        P_ID_USUARIO IN FIDE_ACTIVIDAD_TB.ID_USUARIO%TYPE,
        P_ID_LUGAR_EVENTO IN FIDE_ACTIVIDAD_TB.ID_LUGAR_EVENTO%TYPE
    ) IS
    BEGIN
        INSERT INTO FIDE_ACTIVIDAD_TB(
            NOMBRE, DESCRIPCION, FECHA_EVENTO, CUPO_TOTAL,
            ID_ESTADO, ID_USUARIO, ID_LUGAR_EVENTO
        ) VALUES (
            P_NOMBRE, P_DESCRIPCION, P_FECHA_EVENTO, P_CUPO_TOTAL,
            P_ID_ESTADO, P_ID_USUARIO, P_ID_LUGAR_EVENTO
        );
        COMMIT;
        DBMS_OUTPUT.PUT_LINE('Registro insertado correctamente en FIDE_ACTIVIDAD_TB.');
    EXCEPTION
        WHEN DUP_VAL_ON_INDEX THEN
            ROLLBACK;
            DBMS_OUTPUT.PUT_LINE('Error: Ya existe una actividad con esos datos.');
        WHEN VALUE_ERROR THEN
            ROLLBACK;
            DBMS_OUTPUT.PUT_LINE('Error: Formato de dato incorrecto o valor nulo en la actividad.');
        WHEN OTHERS THEN
            ROLLBACK;
            DBMS_OUTPUT.PUT_LINE('Error inesperado (' || SQLCODE || '): ' || SQLERRM);
    END FIDE_ACTIVIDAD_INSERTAR_SP;
    
    PROCEDURE FIDE_ACTIVIDAD_EDITAR_SP(
        P_ID_ACTIVIDAD IN FIDE_ACTIVIDAD_TB.ID_ACTIVIDAD%TYPE,
        P_NOMBRE IN FIDE_ACTIVIDAD_TB.NOMBRE%TYPE,
        P_DESCRIPCION IN FIDE_ACTIVIDAD_TB.DESCRIPCION%TYPE,
        P_FECHA_EVENTO IN FIDE_ACTIVIDAD_TB.FECHA_EVENTO%TYPE,
        P_CUPO_TOTAL IN FIDE_ACTIVIDAD_TB.CUPO_TOTAL%TYPE,
        P_ID_ESTADO IN FIDE_ACTIVIDAD_TB.ID_ESTADO%TYPE,
        P_ID_USUARIO IN FIDE_ACTIVIDAD_TB.ID_USUARIO%TYPE,
        P_ID_LUGAR_EVENTO IN FIDE_ACTIVIDAD_TB.ID_LUGAR_EVENTO%TYPE
    ) IS
    BEGIN
        UPDATE FIDE_ACTIVIDAD_TB
        SET NOMBRE = P_NOMBRE,
            DESCRIPCION = P_DESCRIPCION,
            FECHA_EVENTO = P_FECHA_EVENTO,
            CUPO_TOTAL = P_CUPO_TOTAL,
            ID_ESTADO = P_ID_ESTADO,
            ID_USUARIO = P_ID_USUARIO,
            ID_LUGAR_EVENTO = P_ID_LUGAR_EVENTO
        WHERE ID_ACTIVIDAD = P_ID_ACTIVIDAD;
        
        IF SQL%ROWCOUNT = 0 THEN
            DBMS_OUTPUT.PUT_LINE('Advertencia: No se encontró la actividad con ID ' || P_ID_ACTIVIDAD);
        ELSE
            COMMIT;
            DBMS_OUTPUT.PUT_LINE('Actividad actualizada exitosamente.');
        END IF;
    EXCEPTION
        WHEN DUP_VAL_ON_INDEX THEN
            ROLLBACK;
            DBMS_OUTPUT.PUT_LINE('Error: Ya existe una actividad con ese nombre.');
        WHEN VALUE_ERROR THEN
            ROLLBACK;
            DBMS_OUTPUT.PUT_LINE('Error: Formato de dato incorrecto o valor nulo en la actualización.');
        WHEN OTHERS THEN
            ROLLBACK;
            DBMS_OUTPUT.PUT_LINE('Error inesperado al actualizar (' || SQLCODE || '): ' || SQLERRM);
    END FIDE_ACTIVIDAD_EDITAR_SP;
    
    PROCEDURE FIDE_ACTIVIDAD_ELIMINAR_SP(
        P_ID_ACTIVIDAD IN FIDE_ACTIVIDAD_TB.ID_ACTIVIDAD%TYPE
    ) IS
        V_ESTADO_INACTIVO CONSTANT NUMBER := 2;
    BEGIN
        UPDATE FIDE_ACTIVIDAD_TB
        SET ID_ESTADO = V_ESTADO_INACTIVO
        WHERE ID_ACTIVIDAD = P_ID_ACTIVIDAD;
        
        IF SQL%ROWCOUNT = 0 THEN
            DBMS_OUTPUT.PUT_LINE('Advertencia: No se encontró la actividad con ID ' || P_ID_ACTIVIDAD);
        ELSE
            COMMIT;
            DBMS_OUTPUT.PUT_LINE('Actividad eliminada exitosamente.');
        END IF;
    EXCEPTION
        WHEN VALUE_ERROR THEN
            ROLLBACK;
            DBMS_OUTPUT.PUT_LINE('Error: Valor incorrecto en la eliminación.');
        WHEN OTHERS THEN
            ROLLBACK;
            DBMS_OUTPUT.PUT_LINE('Error inesperado al eliminar (' || SQLCODE || '): ' || SQLERRM);
    END FIDE_ACTIVIDAD_ELIMINAR_SP;
    
    -- =============================================
    -- IMPLEMENTACIÓN PARA FIDE_BENEFICIO_TB
    -- =============================================
    
    PROCEDURE FIDE_BENEFICIO_INSERTAR_SP(
        P_NOMBRE_BENEFICIO IN FIDE_BENEFICIO_TB.NOMBRE_BENEFICIO%TYPE,
        P_DESCRIPCION IN FIDE_BENEFICIO_TB.DESCRIPCION%TYPE,
        P_ID_CATEGORIA IN FIDE_BENEFICIO_TB.ID_CATEGORIA%TYPE,
        P_ID_ESTADO IN FIDE_BENEFICIO_TB.ID_ESTADO%TYPE
    ) IS
    BEGIN
        INSERT INTO FIDE_BENEFICIO_TB(
            NOMBRE_BENEFICIO, DESCRIPCION, ID_CATEGORIA, ID_ESTADO
        ) VALUES (
            P_NOMBRE_BENEFICIO, P_DESCRIPCION, P_ID_CATEGORIA, P_ID_ESTADO
        );
        COMMIT;
        DBMS_OUTPUT.PUT_LINE('Registro insertado correctamente en FIDE_BENEFICIO_TB.');
    EXCEPTION
        WHEN DUP_VAL_ON_INDEX THEN
            ROLLBACK;
            DBMS_OUTPUT.PUT_LINE('Error: El beneficio ' || P_NOMBRE_BENEFICIO || ' ya existe.');
        WHEN VALUE_ERROR THEN
            ROLLBACK;
            DBMS_OUTPUT.PUT_LINE('Error: Formato de dato incorrecto o valor nulo en beneficio.');
        WHEN OTHERS THEN
            ROLLBACK;
            DBMS_OUTPUT.PUT_LINE('Error inesperado (' || SQLCODE || '): ' || SQLERRM);
    END FIDE_BENEFICIO_INSERTAR_SP;
    
    PROCEDURE FIDE_BENEFICIO_EDITAR_SP(
        P_ID_BENEFICIO IN FIDE_BENEFICIO_TB.ID_BENEFICIO%TYPE,
        P_NOMBRE_BENEFICIO IN FIDE_BENEFICIO_TB.NOMBRE_BENEFICIO%TYPE,
        P_DESCRIPCION IN FIDE_BENEFICIO_TB.DESCRIPCION%TYPE,
        P_ID_CATEGORIA IN FIDE_BENEFICIO_TB.ID_CATEGORIA%TYPE,
        P_ID_ESTADO IN FIDE_BENEFICIO_TB.ID_ESTADO%TYPE
    ) IS
    BEGIN
        UPDATE FIDE_BENEFICIO_TB
        SET NOMBRE_BENEFICIO = P_NOMBRE_BENEFICIO,
            DESCRIPCION = P_DESCRIPCION,
            ID_CATEGORIA = P_ID_CATEGORIA,
            ID_ESTADO = P_ID_ESTADO
        WHERE ID_BENEFICIO = P_ID_BENEFICIO;
        
        IF SQL%ROWCOUNT = 0 THEN
            DBMS_OUTPUT.PUT_LINE('Advertencia: No se encontró el beneficio con ID ' || P_ID_BENEFICIO);
        ELSE
            COMMIT;
            DBMS_OUTPUT.PUT_LINE('Beneficio actualizado exitosamente.');
        END IF;
    EXCEPTION
        WHEN DUP_VAL_ON_INDEX THEN
            ROLLBACK;
            DBMS_OUTPUT.PUT_LINE('Error: El nombre del beneficio ya existe.');
        WHEN VALUE_ERROR THEN
            ROLLBACK;
            DBMS_OUTPUT.PUT_LINE('Error: Formato de dato incorrecto o valor nulo en la actualización.');
        WHEN OTHERS THEN
            ROLLBACK;
            DBMS_OUTPUT.PUT_LINE('Error inesperado al actualizar (' || SQLCODE || '): ' || SQLERRM);
    END FIDE_BENEFICIO_EDITAR_SP;
    
    PROCEDURE FIDE_BENEFICIO_ELIMINAR_SP(
        P_ID_BENEFICIO IN FIDE_BENEFICIO_TB.ID_BENEFICIO%TYPE
    ) IS
        V_ESTADO_INACTIVO CONSTANT NUMBER := 2;
    BEGIN
        UPDATE FIDE_BENEFICIO_TB
        SET ID_ESTADO = V_ESTADO_INACTIVO
        WHERE ID_BENEFICIO = P_ID_BENEFICIO;
        
        IF SQL%ROWCOUNT = 0 THEN
            DBMS_OUTPUT.PUT_LINE('Advertencia: No se encontró el beneficio con ID ' || P_ID_BENEFICIO);
        ELSE
            COMMIT;
            DBMS_OUTPUT.PUT_LINE('Beneficio eliminado exitosamente.');
        END IF;
    EXCEPTION
        WHEN VALUE_ERROR THEN
            ROLLBACK;
            DBMS_OUTPUT.PUT_LINE('Error: Valor incorrecto en la eliminación.');
        WHEN OTHERS THEN
            ROLLBACK;
            DBMS_OUTPUT.PUT_LINE('Error inesperado al eliminar (' || SQLCODE || '): ' || SQLERRM);
    END FIDE_BENEFICIO_ELIMINAR_SP;
    
    -- =============================================
    -- IMPLEMENTACIÓN PARA FIDE_CATEGORIA_TB
    -- =============================================
    
    PROCEDURE FIDE_CATEGORIA_INSERTAR_SP(
        P_NOMBRE IN FIDE_CATEGORIA_TB.NOMBRE%TYPE,
        P_DESCRIPCION IN FIDE_CATEGORIA_TB.DESCRIPCION%TYPE,
        P_ID_ESTADO IN FIDE_CATEGORIA_TB.ID_ESTADO%TYPE
    ) IS
    BEGIN
        INSERT INTO FIDE_CATEGORIA_TB(NOMBRE, DESCRIPCION, ID_ESTADO)
        VALUES (P_NOMBRE, P_DESCRIPCION, P_ID_ESTADO);
        COMMIT;
        DBMS_OUTPUT.PUT_LINE('Registro insertado correctamente en FIDE_CATEGORIA_TB.');
    EXCEPTION
        WHEN DUP_VAL_ON_INDEX THEN
            ROLLBACK;
            DBMS_OUTPUT.PUT_LINE('Error: La categoría ' || P_NOMBRE || ' ya existe.');
        WHEN VALUE_ERROR THEN
            ROLLBACK;
            DBMS_OUTPUT.PUT_LINE('Error: Formato de dato incorrecto o valor nulo en categoría.');
        WHEN OTHERS THEN
            ROLLBACK;
            DBMS_OUTPUT.PUT_LINE('Error inesperado (' || SQLCODE || '): ' || SQLERRM);
    END FIDE_CATEGORIA_INSERTAR_SP;
    
    PROCEDURE FIDE_CATEGORIA_EDITAR_SP(
        P_ID_CATEGORIA IN FIDE_CATEGORIA_TB.ID_CATEGORIA%TYPE,
        P_NOMBRE IN FIDE_CATEGORIA_TB.NOMBRE%TYPE,
        P_DESCRIPCION IN FIDE_CATEGORIA_TB.DESCRIPCION%TYPE,
        P_ID_ESTADO IN FIDE_CATEGORIA_TB.ID_ESTADO%TYPE
    ) IS
    BEGIN
        UPDATE FIDE_CATEGORIA_TB
        SET NOMBRE = P_NOMBRE,
            DESCRIPCION = P_DESCRIPCION,
            ID_ESTADO = P_ID_ESTADO
        WHERE ID_CATEGORIA = P_ID_CATEGORIA;
        
        IF SQL%ROWCOUNT = 0 THEN
            DBMS_OUTPUT.PUT_LINE('Advertencia: No se encontró la categoría con ID ' || P_ID_CATEGORIA);
        ELSE
            COMMIT;
            DBMS_OUTPUT.PUT_LINE('Categoría actualizada exitosamente.');
        END IF;
    EXCEPTION
        WHEN DUP_VAL_ON_INDEX THEN
            ROLLBACK;
            DBMS_OUTPUT.PUT_LINE('Error: El nombre de la categoría ya existe.');
        WHEN VALUE_ERROR THEN
            ROLLBACK;
            DBMS_OUTPUT.PUT_LINE('Error: Formato de dato incorrecto o valor nulo en la actualización.');
        WHEN OTHERS THEN
            ROLLBACK;
            DBMS_OUTPUT.PUT_LINE('Error inesperado al actualizar (' || SQLCODE || '): ' || SQLERRM);
    END FIDE_CATEGORIA_EDITAR_SP;
    
    PROCEDURE FIDE_CATEGORIA_ELIMINAR_SP(
        P_ID_CATEGORIA IN FIDE_CATEGORIA_TB.ID_CATEGORIA%TYPE
    ) IS
        V_ESTADO_INACTIVO CONSTANT NUMBER := 2;
    BEGIN
        UPDATE FIDE_CATEGORIA_TB
        SET ID_ESTADO = V_ESTADO_INACTIVO
        WHERE ID_CATEGORIA = P_ID_CATEGORIA;
        
        IF SQL%ROWCOUNT = 0 THEN
            DBMS_OUTPUT.PUT_LINE('Advertencia: No se encontró la categoría con ID ' || P_ID_CATEGORIA);
        ELSE
            COMMIT;
            DBMS_OUTPUT.PUT_LINE('Categoría eliminada exitosamente.');
        END IF;
    EXCEPTION
        WHEN VALUE_ERROR THEN
            ROLLBACK;
            DBMS_OUTPUT.PUT_LINE('Error: Valor incorrecto en la eliminación.');
        WHEN OTHERS THEN
            ROLLBACK;
            DBMS_OUTPUT.PUT_LINE('Error inesperado al eliminar (' || SQLCODE || '): ' || SQLERRM);
    END FIDE_CATEGORIA_ELIMINAR_SP;
    
    -- =============================================
    -- IMPLEMENTACIÓN PARA FIDE_CORREO_ELECTRONICO_TB
    -- =============================================
    
    PROCEDURE FIDE_CORREO_INSERTAR_SP(
        P_CORREO_ELECTRONICO IN FIDE_CORREO_ELECTRONICO_TB.CORREO_ELECTRONICO%TYPE,
        P_ID_ESTADO IN FIDE_CORREO_ELECTRONICO_TB.ID_ESTADO%TYPE
    ) IS
    BEGIN
        INSERT INTO FIDE_CORREO_ELECTRONICO_TB(CORREO_ELECTRONICO, ID_ESTADO)
        VALUES (P_CORREO_ELECTRONICO, P_ID_ESTADO);
        COMMIT;
        DBMS_OUTPUT.PUT_LINE('Registro insertado correctamente en FIDE_CORREO_ELECTRONICO_TB.');
    EXCEPTION
        WHEN DUP_VAL_ON_INDEX THEN
            ROLLBACK;
            DBMS_OUTPUT.PUT_LINE('Error: El correo ' || P_CORREO_ELECTRONICO || ' ya existe.');
        WHEN VALUE_ERROR THEN
            ROLLBACK;
            DBMS_OUTPUT.PUT_LINE('Error: Formato de correo incorrecto o valor nulo.');
        WHEN OTHERS THEN
            ROLLBACK;
            DBMS_OUTPUT.PUT_LINE('Error inesperado (' || SQLCODE || '): ' || SQLERRM);
    END FIDE_CORREO_INSERTAR_SP;
    
    PROCEDURE FIDE_CORREO_EDITAR_SP(
        P_ID_CORREO IN FIDE_CORREO_ELECTRONICO_TB.ID_CORREO%TYPE,
        P_CORREO_ELECTRONICO IN FIDE_CORREO_ELECTRONICO_TB.CORREO_ELECTRONICO%TYPE,
        P_ID_ESTADO IN FIDE_CORREO_ELECTRONICO_TB.ID_ESTADO%TYPE
    ) IS
    BEGIN
        UPDATE FIDE_CORREO_ELECTRONICO_TB
        SET CORREO_ELECTRONICO = P_CORREO_ELECTRONICO,
            ID_ESTADO = P_ID_ESTADO
        WHERE ID_CORREO = P_ID_CORREO;
        
        IF SQL%ROWCOUNT = 0 THEN
            DBMS_OUTPUT.PUT_LINE('Advertencia: No se encontró el correo con ID ' || P_ID_CORREO);
        ELSE
            COMMIT;
            DBMS_OUTPUT.PUT_LINE('Correo actualizado exitosamente.');
        END IF;
    EXCEPTION
        WHEN DUP_VAL_ON_INDEX THEN
            ROLLBACK;
            DBMS_OUTPUT.PUT_LINE('Error: El correo ' || P_CORREO_ELECTRONICO || ' ya está registrado.');
        WHEN VALUE_ERROR THEN
            ROLLBACK;
            DBMS_OUTPUT.PUT_LINE('Error: Formato de dato incorrecto o valor nulo en la actualización.');
        WHEN OTHERS THEN
            ROLLBACK;
            DBMS_OUTPUT.PUT_LINE('Error inesperado al actualizar (' || SQLCODE || '): ' || SQLERRM);
    END FIDE_CORREO_EDITAR_SP;
    
    PROCEDURE FIDE_CORREO_ELIMINAR_SP(
        P_ID_CORREO IN FIDE_CORREO_ELECTRONICO_TB.ID_CORREO%TYPE
    ) IS
        V_ESTADO_INACTIVO CONSTANT NUMBER := 2;
    BEGIN
        UPDATE FIDE_CORREO_ELECTRONICO_TB
        SET ID_ESTADO = V_ESTADO_INACTIVO
        WHERE ID_CORREO = P_ID_CORREO;
        
        IF SQL%ROWCOUNT = 0 THEN
            DBMS_OUTPUT.PUT_LINE('Advertencia: No se encontró el correo con ID ' || P_ID_CORREO);
        ELSE
            COMMIT;
            DBMS_OUTPUT.PUT_LINE('Correo eliminado exitosamente.');
        END IF;
    EXCEPTION
        WHEN VALUE_ERROR THEN
            ROLLBACK;
            DBMS_OUTPUT.PUT_LINE('Error: Valor incorrecto en la eliminación.');
        WHEN OTHERS THEN
            ROLLBACK;
            DBMS_OUTPUT.PUT_LINE('Error inesperado al eliminar (' || SQLCODE || '): ' || SQLERRM);
    END FIDE_CORREO_ELIMINAR_SP;
    
    -- =============================================
    -- IMPLEMENTACIÓN PARA FIDE_CUENTAS_AHORRO_TB
    -- =============================================
    
    PROCEDURE FIDE_CUENTAS_AHORRO_INSERTAR_SP(
        P_ID_USUARIO IN FIDE_CUENTAS_AHORRO_TB.ID_USUARIO%TYPE,
        P_MONTO_APORTE IN FIDE_CUENTAS_AHORRO_TB.MONTO_APORTE%TYPE,
        P_FECHA_APERTURA IN FIDE_CUENTAS_AHORRO_TB.FECHA_APERTURA%TYPE,
        P_ID_TIPO_AHORRO IN FIDE_CUENTAS_AHORRO_TB.ID_TIPO_AHORRO%TYPE,
        P_SALDO_ACTUAL IN FIDE_CUENTAS_AHORRO_TB.SALDO_ACTUAL%TYPE,
        P_ID_ESTADO IN FIDE_CUENTAS_AHORRO_TB.ID_ESTADO%TYPE
    ) IS
    BEGIN
        INSERT INTO FIDE_CUENTAS_AHORRO_TB(
            ID_USUARIO, MONTO_APORTE, FECHA_APERTURA, 
            ID_TIPO_AHORRO, SALDO_ACTUAL, ID_ESTADO
        ) VALUES (
            P_ID_USUARIO, P_MONTO_APORTE, P_FECHA_APERTURA,
            P_ID_TIPO_AHORRO, P_SALDO_ACTUAL, P_ID_ESTADO
        );
        COMMIT;
        DBMS_OUTPUT.PUT_LINE('Registro insertado correctamente en FIDE_CUENTAS_AHORRO_TB.');
    EXCEPTION
        WHEN DUP_VAL_ON_INDEX THEN
            ROLLBACK;
            DBMS_OUTPUT.PUT_LINE('Error: La cuenta de ahorro ya existe.');
        WHEN VALUE_ERROR THEN
            ROLLBACK;
            DBMS_OUTPUT.PUT_LINE('Error: Formato de dato incorrecto o valor nulo en cuenta de ahorro.');
        WHEN OTHERS THEN
            ROLLBACK;
            DBMS_OUTPUT.PUT_LINE('Error inesperado (' || SQLCODE || '): ' || SQLERRM);
    END FIDE_CUENTAS_AHORRO_INSERTAR_SP;
    
    PROCEDURE FIDE_CUENTAS_AHORRO_EDITAR_SP(
        P_ID_AHORRO IN FIDE_CUENTAS_AHORRO_TB.ID_AHORRO%TYPE,
        P_ID_USUARIO IN FIDE_CUENTAS_AHORRO_TB.ID_USUARIO%TYPE,
        P_MONTO_APORTE IN FIDE_CUENTAS_AHORRO_TB.MONTO_APORTE%TYPE,
        P_FECHA_APERTURA IN FIDE_CUENTAS_AHORRO_TB.FECHA_APERTURA%TYPE,
        P_ID_TIPO_AHORRO IN FIDE_CUENTAS_AHORRO_TB.ID_TIPO_AHORRO%TYPE,
        P_SALDO_ACTUAL IN FIDE_CUENTAS_AHORRO_TB.SALDO_ACTUAL%TYPE,
        P_ID_ESTADO IN FIDE_CUENTAS_AHORRO_TB.ID_ESTADO%TYPE
    ) IS
    BEGIN
        UPDATE FIDE_CUENTAS_AHORRO_TB
        SET ID_USUARIO = P_ID_USUARIO,
            MONTO_APORTE = P_MONTO_APORTE,
            FECHA_APERTURA = P_FECHA_APERTURA,
            ID_TIPO_AHORRO = P_ID_TIPO_AHORRO,
            SALDO_ACTUAL = P_SALDO_ACTUAL,
            ID_ESTADO = P_ID_ESTADO
        WHERE ID_AHORRO = P_ID_AHORRO;
        
        IF SQL%ROWCOUNT = 0 THEN
            DBMS_OUTPUT.PUT_LINE('Advertencia: No se encontró la cuenta de ahorro con ID ' || P_ID_AHORRO);
        ELSE
            COMMIT;
            DBMS_OUTPUT.PUT_LINE('Cuenta de ahorro actualizada exitosamente.');
        END IF;
    EXCEPTION
        WHEN VALUE_ERROR THEN
            ROLLBACK;
            DBMS_OUTPUT.PUT_LINE('Error: Formato de dato incorrecto o valor nulo en la actualización.');
        WHEN OTHERS THEN
            ROLLBACK;
            DBMS_OUTPUT.PUT_LINE('Error inesperado al actualizar (' || SQLCODE || '): ' || SQLERRM);
    END FIDE_CUENTAS_AHORRO_EDITAR_SP;
    
    PROCEDURE FIDE_CUENTAS_AHORRO_ELIMINAR_SP(
        P_ID_AHORRO IN FIDE_CUENTAS_AHORRO_TB.ID_AHORRO%TYPE
    ) IS
        V_ESTADO_INACTIVO CONSTANT NUMBER := 2;
    BEGIN
        UPDATE FIDE_CUENTAS_AHORRO_TB
        SET ID_ESTADO = V_ESTADO_INACTIVO
        WHERE ID_AHORRO = P_ID_AHORRO;
        
        IF SQL%ROWCOUNT = 0 THEN
            DBMS_OUTPUT.PUT_LINE('Advertencia: No se encontró la cuenta de ahorro con ID ' || P_ID_AHORRO);
        ELSE
            COMMIT;
            DBMS_OUTPUT.PUT_LINE('Cuenta de ahorro eliminada exitosamente.');
        END IF;
    EXCEPTION
        WHEN VALUE_ERROR THEN
            ROLLBACK;
            DBMS_OUTPUT.PUT_LINE('Error: Valor incorrecto en la eliminación.');
        WHEN OTHERS THEN
            ROLLBACK;
            DBMS_OUTPUT.PUT_LINE('Error inesperado al eliminar (' || SQLCODE || '): ' || SQLERRM);
    END FIDE_CUENTAS_AHORRO_ELIMINAR_SP;
    
    -- =============================================
    -- IMPLEMENTACIÓN PARA FIDE_DATOS_ASOCIADOS_TB
    -- =============================================
    
    PROCEDURE FIDE_DATOS_ASOCIADOS_INSERTAR_SP(
        P_ID_PUESTO_EMPRESA IN FIDE_DATOS_ASOCIADOS_TB.ID_PUESTO_EMPRESA%TYPE,
        P_FECHA_AFILIACION IN FIDE_DATOS_ASOCIADOS_TB.FECHA_AFILIACION%TYPE,
        P_APORTE_MENSUAL IN FIDE_DATOS_ASOCIADOS_TB.APORTE_MENSUAL%TYPE,
        P_ID_USUARIO IN FIDE_DATOS_ASOCIADOS_TB.ID_USUARIO%TYPE
    ) IS
    BEGIN
        INSERT INTO FIDE_DATOS_ASOCIADOS_TB(
            ID_PUESTO_EMPRESA, FECHA_AFILIACION, APORTE_MENSUAL, ID_USUARIO
        ) VALUES (
            P_ID_PUESTO_EMPRESA, P_FECHA_AFILIACION, P_APORTE_MENSUAL, P_ID_USUARIO
        );
        COMMIT;
        DBMS_OUTPUT.PUT_LINE('Registro insertado correctamente en FIDE_DATOS_ASOCIADOS_TB.');
    EXCEPTION
        WHEN DUP_VAL_ON_INDEX THEN
            ROLLBACK;
            DBMS_OUTPUT.PUT_LINE('Error: Los datos asociados ya existen.');
        WHEN VALUE_ERROR THEN
            ROLLBACK;
            DBMS_OUTPUT.PUT_LINE('Error: Formato de dato incorrecto o valor nulo en datos asociados.');
        WHEN OTHERS THEN
            ROLLBACK;
            DBMS_OUTPUT.PUT_LINE('Error inesperado (' || SQLCODE || '): ' || SQLERRM);
    END FIDE_DATOS_ASOCIADOS_INSERTAR_SP;
    
    PROCEDURE FIDE_DATOS_ASOCIADOS_EDITAR_SP(
        P_ID_DATOS_ASOCIADOS IN FIDE_DATOS_ASOCIADOS_TB.ID_DATOS_ASOCIADOS%TYPE,
        P_ID_PUESTO_EMPRESA IN FIDE_DATOS_ASOCIADOS_TB.ID_PUESTO_EMPRESA%TYPE,
        P_FECHA_AFILIACION IN FIDE_DATOS_ASOCIADOS_TB.FECHA_AFILIACION%TYPE,
        P_APORTE_MENSUAL IN FIDE_DATOS_ASOCIADOS_TB.APORTE_MENSUAL%TYPE,
        P_ID_USUARIO IN FIDE_DATOS_ASOCIADOS_TB.ID_USUARIO%TYPE
    ) IS
    BEGIN
        UPDATE FIDE_DATOS_ASOCIADOS_TB
        SET ID_PUESTO_EMPRESA = P_ID_PUESTO_EMPRESA,
            FECHA_AFILIACION = P_FECHA_AFILIACION,
            APORTE_MENSUAL = P_APORTE_MENSUAL,
            ID_USUARIO = P_ID_USUARIO
        WHERE ID_DATOS_ASOCIADOS = P_ID_DATOS_ASOCIADOS;
        
        IF SQL%ROWCOUNT = 0 THEN
            DBMS_OUTPUT.PUT_LINE('Advertencia: No se encontraron datos asociados con ID ' || P_ID_DATOS_ASOCIADOS);
        ELSE
            COMMIT;
            DBMS_OUTPUT.PUT_LINE('Datos asociados actualizados exitosamente.');
        END IF;
    EXCEPTION
        WHEN VALUE_ERROR THEN
            ROLLBACK;
            DBMS_OUTPUT.PUT_LINE('Error: Formato de dato incorrecto o valor nulo en la actualización.');
        WHEN OTHERS THEN
            ROLLBACK;
            DBMS_OUTPUT.PUT_LINE('Error inesperado al actualizar (' || SQLCODE || '): ' || SQLERRM);
    END FIDE_DATOS_ASOCIADOS_EDITAR_SP;
    
    PROCEDURE FIDE_DATOS_ASOCIADOS_ELIMINAR_SP(
        P_ID_DATOS_ASOCIADOS IN FIDE_DATOS_ASOCIADOS_TB.ID_DATOS_ASOCIADOS%TYPE
    ) IS
    BEGIN
        DELETE FROM FIDE_DATOS_ASOCIADOS_TB
        WHERE ID_DATOS_ASOCIADOS = P_ID_DATOS_ASOCIADOS;
        
        IF SQL%ROWCOUNT = 0 THEN
            DBMS_OUTPUT.PUT_LINE('Advertencia: No se encontraron datos asociados con ID ' || P_ID_DATOS_ASOCIADOS);
        ELSE
            COMMIT;
            DBMS_OUTPUT.PUT_LINE('Datos asociados eliminados físicamente.');
        END IF;
    EXCEPTION
        WHEN VALUE_ERROR THEN
            ROLLBACK;
            DBMS_OUTPUT.PUT_LINE('Error: Valor incorrecto en la eliminación.');
        WHEN OTHERS THEN
            ROLLBACK;
            DBMS_OUTPUT.PUT_LINE('Error inesperado al eliminar (' || SQLCODE || '): ' || SQLERRM);
    END FIDE_DATOS_ASOCIADOS_ELIMINAR_SP;
    
    -- =============================================
    -- IMPLEMENTACIÓN PARA FIDE_DIRECCION_TB
    -- =============================================
    
    PROCEDURE FIDE_DIRECCION_INSERTAR_SP(
        P_PROVINCIA IN FIDE_DIRECCION_TB.PROVINCIA%TYPE,
        P_CANTON IN FIDE_DIRECCION_TB.CANTON%TYPE,
        P_DISTRITO IN FIDE_DIRECCION_TB.DISTRITO%TYPE,
        P_ID_ESTADO IN FIDE_DIRECCION_TB.ID_ESTADO%TYPE
    ) IS
    BEGIN
        INSERT INTO FIDE_DIRECCION_TB(PROVINCIA, CANTON, DISTRITO, ID_ESTADO)
        VALUES (P_PROVINCIA, P_CANTON, P_DISTRITO, P_ID_ESTADO);
        COMMIT;
        DBMS_OUTPUT.PUT_LINE('Registro insertado correctamente en FIDE_DIRECCION_TB.');
    EXCEPTION
        WHEN DUP_VAL_ON_INDEX THEN
            ROLLBACK;
            DBMS_OUTPUT.PUT_LINE('Error: La dirección ya existe.');
        WHEN VALUE_ERROR THEN
            ROLLBACK;
            DBMS_OUTPUT.PUT_LINE('Error: Formato de dato incorrecto o valor nulo en dirección.');
        WHEN OTHERS THEN
            ROLLBACK;
            DBMS_OUTPUT.PUT_LINE('Error inesperado (' || SQLCODE || '): ' || SQLERRM);
    END FIDE_DIRECCION_INSERTAR_SP;
    
    PROCEDURE FIDE_DIRECCION_EDITAR_SP(
        P_ID_DIRECCION IN FIDE_DIRECCION_TB.ID_DIRECCION%TYPE,
        P_PROVINCIA IN FIDE_DIRECCION_TB.PROVINCIA%TYPE,
        P_CANTON IN FIDE_DIRECCION_TB.CANTON%TYPE,
        P_DISTRITO IN FIDE_DIRECCION_TB.DISTRITO%TYPE,
        P_ID_ESTADO IN FIDE_DIRECCION_TB.ID_ESTADO%TYPE
    ) IS
    BEGIN
        UPDATE FIDE_DIRECCION_TB
        SET PROVINCIA = P_PROVINCIA,
            CANTON = P_CANTON,
            DISTRITO = P_DISTRITO,
            ID_ESTADO = P_ID_ESTADO
        WHERE ID_DIRECCION = P_ID_DIRECCION;
        
        IF SQL%ROWCOUNT = 0 THEN
            DBMS_OUTPUT.PUT_LINE('Advertencia: No se encontró la dirección con ID ' || P_ID_DIRECCION);
        ELSE
            COMMIT;
            DBMS_OUTPUT.PUT_LINE('Dirección actualizada exitosamente.');
        END IF;
    EXCEPTION
        WHEN DUP_VAL_ON_INDEX THEN
            ROLLBACK;
            DBMS_OUTPUT.PUT_LINE('Error: Ya existe una dirección con esos datos.');
        WHEN VALUE_ERROR THEN
            ROLLBACK;
            DBMS_OUTPUT.PUT_LINE('Error: Formato de dato incorrecto o valor nulo en la actualización.');
        WHEN OTHERS THEN
            ROLLBACK;
            DBMS_OUTPUT.PUT_LINE('Error inesperado al actualizar (' || SQLCODE || '): ' || SQLERRM);
    END FIDE_DIRECCION_EDITAR_SP;
    
    PROCEDURE FIDE_DIRECCION_ELIMINAR_SP(
        P_ID_DIRECCION IN FIDE_DIRECCION_TB.ID_DIRECCION%TYPE
    ) IS
        V_ESTADO_INACTIVO CONSTANT NUMBER := 2;
    BEGIN
        UPDATE FIDE_DIRECCION_TB
        SET ID_ESTADO = V_ESTADO_INACTIVO
        WHERE ID_DIRECCION = P_ID_DIRECCION;
        
        IF SQL%ROWCOUNT = 0 THEN
            DBMS_OUTPUT.PUT_LINE('Advertencia: No se encontró la dirección con ID ' || P_ID_DIRECCION);
        ELSE
            COMMIT;
            DBMS_OUTPUT.PUT_LINE('Dirección eliminada exitosamente.');
        END IF;
    EXCEPTION
        WHEN VALUE_ERROR THEN
            ROLLBACK;
            DBMS_OUTPUT.PUT_LINE('Error: Valor incorrecto en la eliminación.');
        WHEN OTHERS THEN
            ROLLBACK;
            DBMS_OUTPUT.PUT_LINE('Error inesperado al eliminar (' || SQLCODE || '): ' || SQLERRM);
    END FIDE_DIRECCION_ELIMINAR_SP;
    
    -- =============================================
    -- IMPLEMENTACIÓN PARA FIDE_ESTADO_TB
    -- =============================================
    
    PROCEDURE FIDE_ESTADO_INSERTAR_SP(
        P_NOMBRE IN FIDE_ESTADO_TB.NOMBRE%TYPE
    ) IS
    BEGIN
        INSERT INTO FIDE_ESTADO_TB(NOMBRE)
        VALUES (P_NOMBRE);
        COMMIT;
        DBMS_OUTPUT.PUT_LINE('Registro insertado correctamente en FIDE_ESTADO_TB.');
    EXCEPTION
        WHEN DUP_VAL_ON_INDEX THEN
            ROLLBACK;
            DBMS_OUTPUT.PUT_LINE('Error: El estado ' || P_NOMBRE || ' ya existe.');
        WHEN VALUE_ERROR THEN
            ROLLBACK;
            DBMS_OUTPUT.PUT_LINE('Error: Formato de dato incorrecto o valor nulo en estado.');
        WHEN OTHERS THEN
            ROLLBACK;
            DBMS_OUTPUT.PUT_LINE('Error inesperado (' || SQLCODE || '): ' || SQLERRM);
    END FIDE_ESTADO_INSERTAR_SP;
    
    PROCEDURE FIDE_ESTADO_EDITAR_SP(
        P_ID_ESTADO IN FIDE_ESTADO_TB.ID_ESTADO%TYPE,
        P_NOMBRE IN FIDE_ESTADO_TB.NOMBRE%TYPE
    ) IS
    BEGIN
        UPDATE FIDE_ESTADO_TB
        SET NOMBRE = P_NOMBRE
        WHERE ID_ESTADO = P_ID_ESTADO;
        
        IF SQL%ROWCOUNT = 0 THEN
            DBMS_OUTPUT.PUT_LINE('Advertencia: No se encontró el estado con ID ' || P_ID_ESTADO);
        ELSE
            COMMIT;
            DBMS_OUTPUT.PUT_LINE('Estado actualizado exitosamente.');
        END IF;
    EXCEPTION
        WHEN DUP_VAL_ON_INDEX THEN
            ROLLBACK;
            DBMS_OUTPUT.PUT_LINE('Error: El nombre del estado ya existe.');
        WHEN VALUE_ERROR THEN
            ROLLBACK;
            DBMS_OUTPUT.PUT_LINE('Error: Formato de dato incorrecto o valor nulo en la actualización.');
        WHEN OTHERS THEN
            ROLLBACK;
            DBMS_OUTPUT.PUT_LINE('Error inesperado al actualizar (' || SQLCODE || '): ' || SQLERRM);
    END FIDE_ESTADO_EDITAR_SP;
    
    PROCEDURE FIDE_ESTADO_ELIMINAR_SP(
        P_ID_ESTADO IN FIDE_ESTADO_TB.ID_ESTADO%TYPE
    ) IS
    BEGIN
        DELETE FROM FIDE_ESTADO_TB
        WHERE ID_ESTADO = P_ID_ESTADO;
        
        IF SQL%ROWCOUNT = 0 THEN
            DBMS_OUTPUT.PUT_LINE('Advertencia: No se encontró el estado con ID ' || P_ID_ESTADO);
        ELSE
            COMMIT;
            DBMS_OUTPUT.PUT_LINE('Estado eliminado físicamente.');
        END IF;
    EXCEPTION
        WHEN VALUE_ERROR THEN
            ROLLBACK;
            DBMS_OUTPUT.PUT_LINE('Error: Valor incorrecto en la eliminación.');
        WHEN OTHERS THEN
            ROLLBACK;
            DBMS_OUTPUT.PUT_LINE('Error inesperado al eliminar (' || SQLCODE || '): ' || SQLERRM);
    END FIDE_ESTADO_ELIMINAR_SP;
    
    -- =============================================
    -- IMPLEMENTACIÓN PARA FIDE_INSCRIPCIONES_ACTIVIDAD_TB
    -- =============================================
    
    PROCEDURE FIDE_INSCRIPCIONES_ACTIVIDAD_INSERTAR_SP(
        P_ID_ACTIVIDAD IN FIDE_INSCRIPCIONES_ACTIVIDAD_TB.ID_ACTIVIDAD%TYPE,
        P_ID_USUARIO IN FIDE_INSCRIPCIONES_ACTIVIDAD_TB.ID_USUARIO%TYPE,
        P_FECHA_INSCRIPCION IN FIDE_INSCRIPCIONES_ACTIVIDAD_TB.FECHA_INSCRIPCION%TYPE,
        P_ASISTENCIA_CONFIRMADA IN FIDE_INSCRIPCIONES_ACTIVIDAD_TB.ASISTENCIA_CONFIRMADA%TYPE,
        P_ID_ESTADO IN FIDE_INSCRIPCIONES_ACTIVIDAD_TB.ID_ESTADO%TYPE
    ) IS
    BEGIN
        INSERT INTO FIDE_INSCRIPCIONES_ACTIVIDAD_TB(
            ID_ACTIVIDAD, ID_USUARIO, FECHA_INSCRIPCION, ASISTENCIA_CONFIRMADA, ID_ESTADO
        ) VALUES (
            P_ID_ACTIVIDAD, P_ID_USUARIO, P_FECHA_INSCRIPCION, P_ASISTENCIA_CONFIRMADA, P_ID_ESTADO
        );
        COMMIT;
        DBMS_OUTPUT.PUT_LINE('Registro insertado correctamente en FIDE_INSCRIPCIONES_ACTIVIDAD_TB.');
    EXCEPTION
        WHEN DUP_VAL_ON_INDEX THEN
            ROLLBACK;
            DBMS_OUTPUT.PUT_LINE('Error: El usuario ya está inscrito en esta actividad.');
        WHEN VALUE_ERROR THEN
            ROLLBACK;
            DBMS_OUTPUT.PUT_LINE('Error: Formato de dato incorrecto o valor nulo en inscripción.');
        WHEN OTHERS THEN
            ROLLBACK;
            DBMS_OUTPUT.PUT_LINE('Error inesperado (' || SQLCODE || '): ' || SQLERRM);
    END FIDE_INSCRIPCIONES_ACTIVIDAD_INSERTAR_SP;
    
    PROCEDURE FIDE_INSCRIPCIONES_ACTIVIDAD_EDITAR_SP(
        P_ID_INSCRIPCION IN FIDE_INSCRIPCIONES_ACTIVIDAD_TB.ID_INSCRIPCION%TYPE,
        P_ID_ACTIVIDAD IN FIDE_INSCRIPCIONES_ACTIVIDAD_TB.ID_ACTIVIDAD%TYPE,
        P_ID_USUARIO IN FIDE_INSCRIPCIONES_ACTIVIDAD_TB.ID_USUARIO%TYPE,
        P_FECHA_INSCRIPCION IN FIDE_INSCRIPCIONES_ACTIVIDAD_TB.FECHA_INSCRIPCION%TYPE,
        P_ASISTENCIA_CONFIRMADA IN FIDE_INSCRIPCIONES_ACTIVIDAD_TB.ASISTENCIA_CONFIRMADA%TYPE,
        P_ID_ESTADO IN FIDE_INSCRIPCIONES_ACTIVIDAD_TB.ID_ESTADO%TYPE
    ) IS
    BEGIN
        UPDATE FIDE_INSCRIPCIONES_ACTIVIDAD_TB
        SET ID_ACTIVIDAD = P_ID_ACTIVIDAD,
            ID_USUARIO = P_ID_USUARIO,
            FECHA_INSCRIPCION = P_FECHA_INSCRIPCION,
            ASISTENCIA_CONFIRMADA = P_ASISTENCIA_CONFIRMADA,
            ID_ESTADO = P_ID_ESTADO
        WHERE ID_INSCRIPCION = P_ID_INSCRIPCION;
        
        IF SQL%ROWCOUNT = 0 THEN
            DBMS_OUTPUT.PUT_LINE('Advertencia: No se encontró la inscripción con ID ' || P_ID_INSCRIPCION);
        ELSE
            COMMIT;
            DBMS_OUTPUT.PUT_LINE('Inscripción actualizada exitosamente.');
        END IF;
    EXCEPTION
        WHEN DUP_VAL_ON_INDEX THEN
            ROLLBACK;
            DBMS_OUTPUT.PUT_LINE('Error: El usuario ya está inscrito en esta actividad.');
        WHEN VALUE_ERROR THEN
            ROLLBACK;
            DBMS_OUTPUT.PUT_LINE('Error: Formato de dato incorrecto o valor nulo en la actualización.');
        WHEN OTHERS THEN
            ROLLBACK;
            DBMS_OUTPUT.PUT_LINE('Error inesperado al actualizar (' || SQLCODE || '): ' || SQLERRM);
    END FIDE_INSCRIPCIONES_ACTIVIDAD_EDITAR_SP;
    
    PROCEDURE FIDE_INSCRIPCIONES_ACTIVIDAD_ELIMINAR_SP(
        P_ID_INSCRIPCION IN FIDE_INSCRIPCIONES_ACTIVIDAD_TB.ID_INSCRIPCION%TYPE
    ) IS
        V_ESTADO_INACTIVO CONSTANT NUMBER := 2;
    BEGIN
        UPDATE FIDE_INSCRIPCIONES_ACTIVIDAD_TB
        SET ID_ESTADO = V_ESTADO_INACTIVO
        WHERE ID_INSCRIPCION = P_ID_INSCRIPCION;
        
        IF SQL%ROWCOUNT = 0 THEN
            DBMS_OUTPUT.PUT_LINE('Advertencia: No se encontró la inscripción con ID ' || P_ID_INSCRIPCION);
        ELSE
            COMMIT;
            DBMS_OUTPUT.PUT_LINE('Inscripción eliminada exitosamente.');
        END IF;
    EXCEPTION
        WHEN VALUE_ERROR THEN
            ROLLBACK;
            DBMS_OUTPUT.PUT_LINE('Error: Valor incorrecto en la eliminación.');
        WHEN OTHERS THEN
            ROLLBACK;
            DBMS_OUTPUT.PUT_LINE('Error inesperado al eliminar (' || SQLCODE || '): ' || SQLERRM);
    END FIDE_INSCRIPCIONES_ACTIVIDAD_ELIMINAR_SP;
    
    -- =============================================
    -- IMPLEMENTACIÓN PARA FIDE_LUGAR_EVENTO_TB
    -- =============================================
    
    PROCEDURE FIDE_LUGAR_EVENTO_INSERTAR_SP(
        P_NOMBRE_LUGAR IN FIDE_LUGAR_EVENTO_TB.NOMBRE_LUGAR%TYPE,
        P_ID_ESTADO IN FIDE_LUGAR_EVENTO_TB.ID_ESTADO%TYPE
    ) IS
    BEGIN
        INSERT INTO FIDE_LUGAR_EVENTO_TB(NOMBRE_LUGAR, ID_ESTADO)
        VALUES (P_NOMBRE_LUGAR, P_ID_ESTADO);
        COMMIT;
        DBMS_OUTPUT.PUT_LINE('Registro insertado correctamente en FIDE_LUGAR_EVENTO_TB.');
    EXCEPTION
        WHEN DUP_VAL_ON_INDEX THEN
            ROLLBACK;
            DBMS_OUTPUT.PUT_LINE('Error: El lugar de evento ' || P_NOMBRE_LUGAR || ' ya existe.');
        WHEN VALUE_ERROR THEN
            ROLLBACK;
            DBMS_OUTPUT.PUT_LINE('Error: Formato de dato incorrecto o valor nulo en lugar de evento.');
        WHEN OTHERS THEN
            ROLLBACK;
            DBMS_OUTPUT.PUT_LINE('Error inesperado (' || SQLCODE || '): ' || SQLERRM);
    END FIDE_LUGAR_EVENTO_INSERTAR_SP;
    
    PROCEDURE FIDE_LUGAR_EVENTO_EDITAR_SP(
        P_ID_LUGAR_EVENTO IN FIDE_LUGAR_EVENTO_TB.ID_LUGAR_EVENTO%TYPE,
        P_NOMBRE_LUGAR IN FIDE_LUGAR_EVENTO_TB.NOMBRE_LUGAR%TYPE,
        P_ID_ESTADO IN FIDE_LUGAR_EVENTO_TB.ID_ESTADO%TYPE
    ) IS
    BEGIN
        UPDATE FIDE_LUGAR_EVENTO_TB
        SET NOMBRE_LUGAR = P_NOMBRE_LUGAR,
            ID_ESTADO = P_ID_ESTADO
        WHERE ID_LUGAR_EVENTO = P_ID_LUGAR_EVENTO;
        
        IF SQL%ROWCOUNT = 0 THEN
            DBMS_OUTPUT.PUT_LINE('Advertencia: No se encontró el lugar de evento con ID ' || P_ID_LUGAR_EVENTO);
        ELSE
            COMMIT;
            DBMS_OUTPUT.PUT_LINE('Lugar de evento actualizado exitosamente.');
        END IF;
    EXCEPTION
        WHEN DUP_VAL_ON_INDEX THEN
            ROLLBACK;
            DBMS_OUTPUT.PUT_LINE('Error: El nombre del lugar ya existe.');
        WHEN VALUE_ERROR THEN
            ROLLBACK;
            DBMS_OUTPUT.PUT_LINE('Error: Formato de dato incorrecto o valor nulo en la actualización.');
        WHEN OTHERS THEN
            ROLLBACK;
            DBMS_OUTPUT.PUT_LINE('Error inesperado al actualizar (' || SQLCODE || '): ' || SQLERRM);
    END FIDE_LUGAR_EVENTO_EDITAR_SP;
    
    PROCEDURE FIDE_LUGAR_EVENTO_ELIMINAR_SP(
        P_ID_LUGAR_EVENTO IN FIDE_LUGAR_EVENTO_TB.ID_LUGAR_EVENTO%TYPE
    ) IS
        V_ESTADO_INACTIVO CONSTANT NUMBER := 2;
    BEGIN
        UPDATE FIDE_LUGAR_EVENTO_TB
        SET ID_ESTADO = V_ESTADO_INACTIVO
        WHERE ID_LUGAR_EVENTO = P_ID_LUGAR_EVENTO;
        
        IF SQL%ROWCOUNT = 0 THEN
            DBMS_OUTPUT.PUT_LINE('Advertencia: No se encontró el lugar de evento con ID ' || P_ID_LUGAR_EVENTO);
        ELSE
            COMMIT;
            DBMS_OUTPUT.PUT_LINE('Lugar de evento eliminado exitosamente.');
        END IF;
    EXCEPTION
        WHEN VALUE_ERROR THEN
            ROLLBACK;
            DBMS_OUTPUT.PUT_LINE('Error: Valor incorrecto en la eliminación.');
        WHEN OTHERS THEN
            ROLLBACK;
            DBMS_OUTPUT.PUT_LINE('Error inesperado al eliminar (' || SQLCODE || '): ' || SQLERRM);
    END FIDE_LUGAR_EVENTO_ELIMINAR_SP;
    
    -- =============================================
    -- IMPLEMENTACIÓN PARA FIDE_MODULO_TB
    -- =============================================
    
    PROCEDURE FIDE_MODULO_INSERTAR_SP(
        P_NOMBRE IN FIDE_MODULO_TB.NOMBRE%TYPE,
        P_DESCRIPCION IN FIDE_MODULO_TB.DESCRIPCION%TYPE,
        P_ID_ESTADO IN FIDE_MODULO_TB.ID_ESTADO%TYPE
    ) IS
    BEGIN
        INSERT INTO FIDE_MODULO_TB(NOMBRE, DESCRIPCION, ID_ESTADO)
        VALUES (P_NOMBRE, P_DESCRIPCION, P_ID_ESTADO);
        COMMIT;
        DBMS_OUTPUT.PUT_LINE('Registro insertado correctamente en FIDE_MODULO_TB.');
    EXCEPTION
        WHEN DUP_VAL_ON_INDEX THEN
            ROLLBACK;
            DBMS_OUTPUT.PUT_LINE('Error: El módulo ' || P_NOMBRE || ' ya existe.');
        WHEN VALUE_ERROR THEN
            ROLLBACK;
            DBMS_OUTPUT.PUT_LINE('Error: Formato de dato incorrecto o valor nulo en módulo.');
        WHEN OTHERS THEN
            ROLLBACK;
            DBMS_OUTPUT.PUT_LINE('Error inesperado (' || SQLCODE || '): ' || SQLERRM);
    END FIDE_MODULO_INSERTAR_SP;
    
    PROCEDURE FIDE_MODULO_EDITAR_SP(
        P_ID_MODULO IN FIDE_MODULO_TB.ID_MODULO%TYPE,
        P_NOMBRE IN FIDE_MODULO_TB.NOMBRE%TYPE,
        P_DESCRIPCION IN FIDE_MODULO_TB.DESCRIPCION%TYPE,
        P_ID_ESTADO IN FIDE_MODULO_TB.ID_ESTADO%TYPE
    ) IS
    BEGIN
        UPDATE FIDE_MODULO_TB
        SET NOMBRE = P_NOMBRE,
            DESCRIPCION = P_DESCRIPCION,
            ID_ESTADO = P_ID_ESTADO
        WHERE ID_MODULO = P_ID_MODULO;
        
        IF SQL%ROWCOUNT = 0 THEN
            DBMS_OUTPUT.PUT_LINE('Advertencia: No se encontró el módulo con ID ' || P_ID_MODULO);
        ELSE
            COMMIT;
            DBMS_OUTPUT.PUT_LINE('Módulo actualizado exitosamente.');
        END IF;
    EXCEPTION
        WHEN DUP_VAL_ON_INDEX THEN
            ROLLBACK;
            DBMS_OUTPUT.PUT_LINE('Error: El nombre del módulo ya existe.');
        WHEN VALUE_ERROR THEN
            ROLLBACK;
            DBMS_OUTPUT.PUT_LINE('Error: Formato de dato incorrecto o valor nulo en la actualización.');
        WHEN OTHERS THEN
            ROLLBACK;
            DBMS_OUTPUT.PUT_LINE('Error inesperado al actualizar (' || SQLCODE || '): ' || SQLERRM);
    END FIDE_MODULO_EDITAR_SP;
    
    PROCEDURE FIDE_MODULO_ELIMINAR_SP(
        P_ID_MODULO IN FIDE_MODULO_TB.ID_MODULO%TYPE
    ) IS
        V_ESTADO_INACTIVO CONSTANT NUMBER := 2;
    BEGIN
        UPDATE FIDE_MODULO_TB
        SET ID_ESTADO = V_ESTADO_INACTIVO
        WHERE ID_MODULO = P_ID_MODULO;
        
        IF SQL%ROWCOUNT = 0 THEN
            DBMS_OUTPUT.PUT_LINE('Advertencia: No se encontró el módulo con ID ' || P_ID_MODULO);
        ELSE
            COMMIT;
            DBMS_OUTPUT.PUT_LINE('Módulo eliminado exitosamente.');
        END IF;
    EXCEPTION
        WHEN VALUE_ERROR THEN
            ROLLBACK;
            DBMS_OUTPUT.PUT_LINE('Error: Valor incorrecto en la eliminación.');
        WHEN OTHERS THEN
            ROLLBACK;
            DBMS_OUTPUT.PUT_LINE('Error inesperado al eliminar (' || SQLCODE || '): ' || SQLERRM);
    END FIDE_MODULO_ELIMINAR_SP;
    
    -- =============================================
    -- IMPLEMENTACIÓN PARA FIDE_MOVIMIENTOS_AHORRO_TB
    -- =============================================
    
    PROCEDURE FIDE_MOVIMIENTOS_AHORRO_INSERTAR_SP(
        P_ID_AHORRO IN FIDE_MOVIMIENTOS_AHORRO_TB.ID_AHORRO%TYPE,
        P_ID_TRANSACCION IN FIDE_MOVIMIENTOS_AHORRO_TB.ID_TRANSACCION%TYPE,
        P_MONTO IN FIDE_MOVIMIENTOS_AHORRO_TB.MONTO%TYPE,
        P_FECHA_DEPOSITO IN FIDE_MOVIMIENTOS_AHORRO_TB.FECHA_DEPOSITO%TYPE
    ) IS
    BEGIN
        INSERT INTO FIDE_MOVIMIENTOS_AHORRO_TB(
            ID_AHORRO, ID_TRANSACCION, MONTO, FECHA_DEPOSITO
        ) VALUES (
            P_ID_AHORRO, P_ID_TRANSACCION, P_MONTO, P_FECHA_DEPOSITO
        );
        COMMIT;
        DBMS_OUTPUT.PUT_LINE('Registro insertado correctamente en FIDE_MOVIMIENTOS_AHORRO_TB.');
    EXCEPTION
        WHEN DUP_VAL_ON_INDEX THEN
            ROLLBACK;
            DBMS_OUTPUT.PUT_LINE('Error: El movimiento de ahorro ya existe.');
        WHEN VALUE_ERROR THEN
            ROLLBACK;
            DBMS_OUTPUT.PUT_LINE('Error: Formato de dato incorrecto o valor nulo en movimiento de ahorro.');
        WHEN OTHERS THEN
            ROLLBACK;
            DBMS_OUTPUT.PUT_LINE('Error inesperado (' || SQLCODE || '): ' || SQLERRM);
    END FIDE_MOVIMIENTOS_AHORRO_INSERTAR_SP;
    
    PROCEDURE FIDE_MOVIMIENTOS_AHORRO_EDITAR_SP(
        P_ID_MOVIMIENTO IN FIDE_MOVIMIENTOS_AHORRO_TB.ID_MOVIMIENTO%TYPE,
        P_ID_AHORRO IN FIDE_MOVIMIENTOS_AHORRO_TB.ID_AHORRO%TYPE,
        P_ID_TRANSACCION IN FIDE_MOVIMIENTOS_AHORRO_TB.ID_TRANSACCION%TYPE,
        P_MONTO IN FIDE_MOVIMIENTOS_AHORRO_TB.MONTO%TYPE,
        P_FECHA_DEPOSITO IN FIDE_MOVIMIENTOS_AHORRO_TB.FECHA_DEPOSITO%TYPE
    ) IS
    BEGIN
        UPDATE FIDE_MOVIMIENTOS_AHORRO_TB
        SET ID_AHORRO = P_ID_AHORRO,
            ID_TRANSACCION = P_ID_TRANSACCION,
            MONTO = P_MONTO,
            FECHA_DEPOSITO = P_FECHA_DEPOSITO
        WHERE ID_MOVIMIENTO = P_ID_MOVIMIENTO;
        
        IF SQL%ROWCOUNT = 0 THEN
            DBMS_OUTPUT.PUT_LINE('Advertencia: No se encontró el movimiento con ID ' || P_ID_MOVIMIENTO);
        ELSE
            COMMIT;
            DBMS_OUTPUT.PUT_LINE('Movimiento de ahorro actualizado exitosamente.');
        END IF;
    EXCEPTION
        WHEN VALUE_ERROR THEN
            ROLLBACK;
            DBMS_OUTPUT.PUT_LINE('Error: Formato de dato incorrecto o valor nulo en la actualización.');
        WHEN OTHERS THEN
            ROLLBACK;
            DBMS_OUTPUT.PUT_LINE('Error inesperado al actualizar (' || SQLCODE || '): ' || SQLERRM);
    END FIDE_MOVIMIENTOS_AHORRO_EDITAR_SP;
    
    PROCEDURE FIDE_MOVIMIENTOS_AHORRO_ELIMINAR_SP(
        P_ID_MOVIMIENTO IN FIDE_MOVIMIENTOS_AHORRO_TB.ID_MOVIMIENTO%TYPE
    ) IS
    BEGIN
        DELETE FROM FIDE_MOVIMIENTOS_AHORRO_TB
        WHERE ID_MOVIMIENTO = P_ID_MOVIMIENTO;
        
        IF SQL%ROWCOUNT = 0 THEN
            DBMS_OUTPUT.PUT_LINE('Advertencia: No se encontró el movimiento con ID ' || P_ID_MOVIMIENTO);
        ELSE
            COMMIT;
            DBMS_OUTPUT.PUT_LINE('Movimiento de ahorro eliminado físicamente.');
        END IF;
    EXCEPTION
        WHEN VALUE_ERROR THEN
            ROLLBACK;
            DBMS_OUTPUT.PUT_LINE('Error: Valor incorrecto en la eliminación.');
        WHEN OTHERS THEN
            ROLLBACK;
            DBMS_OUTPUT.PUT_LINE('Error inesperado al eliminar (' || SQLCODE || '): ' || SQLERRM);
    END FIDE_MOVIMIENTOS_AHORRO_ELIMINAR_SP;
    
    -- =============================================
    -- IMPLEMENTACIÓN PARA FIDE_NUMERO_TELEFONO_TB
    -- =============================================
    
    PROCEDURE FIDE_NUMERO_TELEFONO_INSERTAR_SP(
        P_NUMERO_TELEFONO IN FIDE_NUMERO_TELEFONO_TB.NUMERO_TELEFONO%TYPE,
        P_ID_ESTADO IN FIDE_NUMERO_TELEFONO_TB.ID_ESTADO%TYPE
    ) IS
    BEGIN
        INSERT INTO FIDE_NUMERO_TELEFONO_TB(NUMERO_TELEFONO, ID_ESTADO)
        VALUES (P_NUMERO_TELEFONO, P_ID_ESTADO);
        COMMIT;
        DBMS_OUTPUT.PUT_LINE('Registro insertado correctamente en FIDE_NUMERO_TELEFONO_TB.');
    EXCEPTION
        WHEN DUP_VAL_ON_INDEX THEN
            ROLLBACK;
            DBMS_OUTPUT.PUT_LINE('Error: El número de teléfono ' || P_NUMERO_TELEFONO || ' ya existe.');
        WHEN VALUE_ERROR THEN
            ROLLBACK;
            DBMS_OUTPUT.PUT_LINE('Error: Formato de número telefónico incorrecto o valor nulo.');
        WHEN OTHERS THEN
            ROLLBACK;
            DBMS_OUTPUT.PUT_LINE('Error inesperado (' || SQLCODE || '): ' || SQLERRM);
    END FIDE_NUMERO_TELEFONO_INSERTAR_SP;
    
    PROCEDURE FIDE_NUMERO_TELEFONO_EDITAR_SP(
        P_ID_NUMERO IN FIDE_NUMERO_TELEFONO_TB.ID_NUMERO%TYPE,
        P_NUMERO_TELEFONO IN FIDE_NUMERO_TELEFONO_TB.NUMERO_TELEFONO%TYPE,
        P_ID_ESTADO IN FIDE_NUMERO_TELEFONO_TB.ID_ESTADO%TYPE
    ) IS
    BEGIN
        UPDATE FIDE_NUMERO_TELEFONO_TB
        SET NUMERO_TELEFONO = P_NUMERO_TELEFONO,
            ID_ESTADO = P_ID_ESTADO
        WHERE ID_NUMERO = P_ID_NUMERO;
        
        IF SQL%ROWCOUNT = 0 THEN
            DBMS_OUTPUT.PUT_LINE('Advertencia: No se encontró el número con ID ' || P_ID_NUMERO);
        ELSE
            COMMIT;
            DBMS_OUTPUT.PUT_LINE('Número de teléfono actualizado exitosamente.');
        END IF;
    EXCEPTION
        WHEN DUP_VAL_ON_INDEX THEN
            ROLLBACK;
            DBMS_OUTPUT.PUT_LINE('Error: El número de teléfono ya existe.');
        WHEN VALUE_ERROR THEN
            ROLLBACK;
            DBMS_OUTPUT.PUT_LINE('Error: Formato de dato incorrecto o valor nulo en la actualización.');
        WHEN OTHERS THEN
            ROLLBACK;
            DBMS_OUTPUT.PUT_LINE('Error inesperado al actualizar (' || SQLCODE || '): ' || SQLERRM);
    END FIDE_NUMERO_TELEFONO_EDITAR_SP;
    
    PROCEDURE FIDE_NUMERO_TELEFONO_ELIMINAR_SP(
        P_ID_NUMERO IN FIDE_NUMERO_TELEFONO_TB.ID_NUMERO%TYPE
    ) IS
        V_ESTADO_INACTIVO CONSTANT NUMBER := 2;
    BEGIN
        UPDATE FIDE_NUMERO_TELEFONO_TB
        SET ID_ESTADO = V_ESTADO_INACTIVO
        WHERE ID_NUMERO = P_ID_NUMERO;
        
        IF SQL%ROWCOUNT = 0 THEN
            DBMS_OUTPUT.PUT_LINE('Advertencia: No se encontró el número con ID ' || P_ID_NUMERO);
        ELSE
            COMMIT;
            DBMS_OUTPUT.PUT_LINE('Número de teléfono eliminado exitosamente.');
        END IF;
    EXCEPTION
        WHEN VALUE_ERROR THEN
            ROLLBACK;
            DBMS_OUTPUT.PUT_LINE('Error: Valor incorrecto en la eliminación.');
        WHEN OTHERS THEN
            ROLLBACK;
            DBMS_OUTPUT.PUT_LINE('Error inesperado al eliminar (' || SQLCODE || '): ' || SQLERRM);
    END FIDE_NUMERO_TELEFONO_ELIMINAR_SP;
    
    -- =============================================
    -- IMPLEMENTACIÓN PARA FIDE_PAGOS_PRESTAMOS_TB
    -- =============================================
    
    PROCEDURE FIDE_PAGOS_PRESTAMOS_INSERTAR_SP(
        P_ID_TRANSACCION IN FIDE_PAGOS_PRESTAMOS_TB.ID_TRANSACCION%TYPE,
        P_ID_PRESTAMO IN FIDE_PAGOS_PRESTAMOS_TB.ID_PRESTAMO%TYPE,
        P_MONTO_ABONADO IN FIDE_PAGOS_PRESTAMOS_TB.MONTO_ABONADO%TYPE,
        P_FECHA_PAGO IN FIDE_PAGOS_PRESTAMOS_TB.FECHA_PAGO%TYPE
    ) IS
    BEGIN
        INSERT INTO FIDE_PAGOS_PRESTAMOS_TB(
            ID_TRANSACCION, ID_PRESTAMO, MONTO_ABONADO, FECHA_PAGO
        ) VALUES (
            P_ID_TRANSACCION, P_ID_PRESTAMO, P_MONTO_ABONADO, P_FECHA_PAGO
        );
        COMMIT;
        DBMS_OUTPUT.PUT_LINE('Registro insertado correctamente en FIDE_PAGOS_PRESTAMOS_TB.');
    EXCEPTION
        WHEN DUP_VAL_ON_INDEX THEN
            ROLLBACK;
            DBMS_OUTPUT.PUT_LINE('Error: El pago de préstamo ya existe.');
        WHEN VALUE_ERROR THEN
            ROLLBACK;
            DBMS_OUTPUT.PUT_LINE('Error: Formato de dato incorrecto o valor nulo en pago de préstamo.');
        WHEN OTHERS THEN
            ROLLBACK;
            DBMS_OUTPUT.PUT_LINE('Error inesperado (' || SQLCODE || '): ' || SQLERRM);
    END FIDE_PAGOS_PRESTAMOS_INSERTAR_SP;
    
    PROCEDURE FIDE_PAGOS_PRESTAMOS_EDITAR_SP(
        P_ID_PAGO IN FIDE_PAGOS_PRESTAMOS_TB.ID_PAGO%TYPE,
        P_ID_TRANSACCION IN FIDE_PAGOS_PRESTAMOS_TB.ID_TRANSACCION%TYPE,
        P_ID_PRESTAMO IN FIDE_PAGOS_PRESTAMOS_TB.ID_PRESTAMO%TYPE,
        P_MONTO_ABONADO IN FIDE_PAGOS_PRESTAMOS_TB.MONTO_ABONADO%TYPE,
        P_FECHA_PAGO IN FIDE_PAGOS_PRESTAMOS_TB.FECHA_PAGO%TYPE
    ) IS
    BEGIN
        UPDATE FIDE_PAGOS_PRESTAMOS_TB
        SET ID_TRANSACCION = P_ID_TRANSACCION,
            ID_PRESTAMO = P_ID_PRESTAMO,
            MONTO_ABONADO = P_MONTO_ABONADO,
            FECHA_PAGO = P_FECHA_PAGO
        WHERE ID_PAGO = P_ID_PAGO;
        
        IF SQL%ROWCOUNT = 0 THEN
            DBMS_OUTPUT.PUT_LINE('Advertencia: No se encontró el pago con ID ' || P_ID_PAGO);
        ELSE
            COMMIT;
            DBMS_OUTPUT.PUT_LINE('Pago de préstamo actualizado exitosamente.');
        END IF;
    EXCEPTION
        WHEN VALUE_ERROR THEN
            ROLLBACK;
            DBMS_OUTPUT.PUT_LINE('Error: Formato de dato incorrecto o valor nulo en la actualización.');
        WHEN OTHERS THEN
            ROLLBACK;
            DBMS_OUTPUT.PUT_LINE('Error inesperado al actualizar (' || SQLCODE || '): ' || SQLERRM);
    END FIDE_PAGOS_PRESTAMOS_EDITAR_SP;
    
    PROCEDURE FIDE_PAGOS_PRESTAMOS_ELIMINAR_SP(
        P_ID_PAGO IN FIDE_PAGOS_PRESTAMOS_TB.ID_PAGO%TYPE
    ) IS
    BEGIN
        DELETE FROM FIDE_PAGOS_PRESTAMOS_TB
        WHERE ID_PAGO = P_ID_PAGO;
        
        IF SQL%ROWCOUNT = 0 THEN
            DBMS_OUTPUT.PUT_LINE('Advertencia: No se encontró el pago con ID ' || P_ID_PAGO);
        ELSE
            COMMIT;
            DBMS_OUTPUT.PUT_LINE('Pago de préstamo eliminado físicamente.');
        END IF;
    EXCEPTION
        WHEN VALUE_ERROR THEN
            ROLLBACK;
            DBMS_OUTPUT.PUT_LINE('Error: Valor incorrecto en la eliminación.');
        WHEN OTHERS THEN
            ROLLBACK;
            DBMS_OUTPUT.PUT_LINE('Error inesperado al eliminar (' || SQLCODE || '): ' || SQLERRM);
    END FIDE_PAGOS_PRESTAMOS_ELIMINAR_SP;
    
    -- =============================================
    -- IMPLEMENTACIÓN PARA FIDE_PRESTAMO_TB
    -- =============================================
    
    PROCEDURE FIDE_PRESTAMO_INSERTAR_SP(
        P_ID_USUARIO IN FIDE_PRESTAMO_TB.ID_USUARIO%TYPE,
        P_MONTO_SOLICITADO IN FIDE_PRESTAMO_TB.MONTO_SOLICITADO%TYPE,
        P_FECHA_APROBACION IN FIDE_PRESTAMO_TB.FECHA_APROBACION%TYPE,
        P_SALDO_PENDIENTE IN FIDE_PRESTAMO_TB.SALDO_PENDIENTE%TYPE,
        P_ID_ESTADO IN FIDE_PRESTAMO_TB.ID_ESTADO%TYPE,
        P_TASA_INTERESES IN FIDE_PRESTAMO_TB.TASA_INTERESES%TYPE,
        P_PLAZO_MESES IN FIDE_PRESTAMO_TB.PLAZO_MESES%TYPE
    ) IS
    BEGIN
        INSERT INTO FIDE_PRESTAMO_TB(
            ID_USUARIO, MONTO_SOLICITADO, FECHA_APROBACION, SALDO_PENDIENTE,
            ID_ESTADO, TASA_INTERESES, PLAZO_MESES
        ) VALUES (
            P_ID_USUARIO, P_MONTO_SOLICITADO, P_FECHA_APROBACION, P_SALDO_PENDIENTE,
            P_ID_ESTADO, P_TASA_INTERESES, P_PLAZO_MESES
        );
        COMMIT;
        DBMS_OUTPUT.PUT_LINE('Registro insertado correctamente en FIDE_PRESTAMO_TB.');
    EXCEPTION
        WHEN DUP_VAL_ON_INDEX THEN
            ROLLBACK;
            DBMS_OUTPUT.PUT_LINE('Error: El préstamo ya existe.');
        WHEN VALUE_ERROR THEN
            ROLLBACK;
            DBMS_OUTPUT.PUT_LINE('Error: Formato de dato incorrecto o valor nulo en préstamo.');
        WHEN OTHERS THEN
            ROLLBACK;
            DBMS_OUTPUT.PUT_LINE('Error inesperado (' || SQLCODE || '): ' || SQLERRM);
    END FIDE_PRESTAMO_INSERTAR_SP;
    
    PROCEDURE FIDE_PRESTAMO_EDITAR_SP(
        P_ID_PRESTAMO IN FIDE_PRESTAMO_TB.ID_PRESTAMO%TYPE,
        P_ID_USUARIO IN FIDE_PRESTAMO_TB.ID_USUARIO%TYPE,
        P_MONTO_SOLICITADO IN FIDE_PRESTAMO_TB.MONTO_SOLICITADO%TYPE,
        P_FECHA_APROBACION IN FIDE_PRESTAMO_TB.FECHA_APROBACION%TYPE,
        P_SALDO_PENDIENTE IN FIDE_PRESTAMO_TB.SALDO_PENDIENTE%TYPE,
        P_ID_ESTADO IN FIDE_PRESTAMO_TB.ID_ESTADO%TYPE,
        P_TASA_INTERESES IN FIDE_PRESTAMO_TB.TASA_INTERESES%TYPE,
        P_PLAZO_MESES IN FIDE_PRESTAMO_TB.PLAZO_MESES%TYPE
    ) IS
    BEGIN
        UPDATE FIDE_PRESTAMO_TB
        SET ID_USUARIO = P_ID_USUARIO,
            MONTO_SOLICITADO = P_MONTO_SOLICITADO,
            FECHA_APROBACION = P_FECHA_APROBACION,
            SALDO_PENDIENTE = P_SALDO_PENDIENTE,
            ID_ESTADO = P_ID_ESTADO,
            TASA_INTERESES = P_TASA_INTERESES,
            PLAZO_MESES = P_PLAZO_MESES
        WHERE ID_PRESTAMO = P_ID_PRESTAMO;
        
        IF SQL%ROWCOUNT = 0 THEN
            DBMS_OUTPUT.PUT_LINE('Advertencia: No se encontró el préstamo con ID ' || P_ID_PRESTAMO);
        ELSE
            COMMIT;
            DBMS_OUTPUT.PUT_LINE('Préstamo actualizado exitosamente.');
        END IF;
    EXCEPTION
        WHEN VALUE_ERROR THEN
            ROLLBACK;
            DBMS_OUTPUT.PUT_LINE('Error: Formato de dato incorrecto o valor nulo en la actualización.');
        WHEN OTHERS THEN
            ROLLBACK;
            DBMS_OUTPUT.PUT_LINE('Error inesperado al actualizar (' || SQLCODE || '): ' || SQLERRM);
    END FIDE_PRESTAMO_EDITAR_SP;
    
    PROCEDURE FIDE_PRESTAMO_ELIMINAR_SP(
        P_ID_PRESTAMO IN FIDE_PRESTAMO_TB.ID_PRESTAMO%TYPE
    ) IS
        V_ESTADO_INACTIVO CONSTANT NUMBER := 2;
    BEGIN
        UPDATE FIDE_PRESTAMO_TB
        SET ID_ESTADO = V_ESTADO_INACTIVO
        WHERE ID_PRESTAMO = P_ID_PRESTAMO;
        
        IF SQL%ROWCOUNT = 0 THEN
            DBMS_OUTPUT.PUT_LINE('Advertencia: No se encontró el préstamo con ID ' || P_ID_PRESTAMO);
        ELSE
            COMMIT;
            DBMS_OUTPUT.PUT_LINE('Préstamo eliminado exitosamente.');
        END IF;
    EXCEPTION
        WHEN VALUE_ERROR THEN
            ROLLBACK;
            DBMS_OUTPUT.PUT_LINE('Error: Valor incorrecto en la eliminación.');
        WHEN OTHERS THEN
            ROLLBACK;
            DBMS_OUTPUT.PUT_LINE('Error inesperado al eliminar (' || SQLCODE || '): ' || SQLERRM);
    END FIDE_PRESTAMO_ELIMINAR_SP;
    
    -- =============================================
    -- IMPLEMENTACIÓN PARA FIDE_PUESTO_EMPRESA_ASOCIADO_TB
    -- =============================================
    
    PROCEDURE FIDE_PUESTO_EMPRESA_ASOCIADO_INSERTAR_SP(
        P_PUESTO_EMPRESA IN FIDE_PUESTO_EMPRESA_ASOCIADO_TB.PUESTO_EMPRESA%TYPE,
        P_ID_ESTADO IN FIDE_PUESTO_EMPRESA_ASOCIADO_TB.ID_ESTADO%TYPE
    ) IS
    BEGIN
        INSERT INTO FIDE_PUESTO_EMPRESA_ASOCIADO_TB(PUESTO_EMPRESA, ID_ESTADO)
        VALUES (P_PUESTO_EMPRESA, P_ID_ESTADO);
        COMMIT;
        DBMS_OUTPUT.PUT_LINE('Registro insertado correctamente en FIDE_PUESTO_EMPRESA_ASOCIADO_TB.');
    EXCEPTION
        WHEN DUP_VAL_ON_INDEX THEN
            ROLLBACK;
            DBMS_OUTPUT.PUT_LINE('Error: El puesto ' || P_PUESTO_EMPRESA || ' ya existe.');
        WHEN VALUE_ERROR THEN
            ROLLBACK;
            DBMS_OUTPUT.PUT_LINE('Error: Formato de dato incorrecto o valor nulo en puesto de empresa.');
        WHEN OTHERS THEN
            ROLLBACK;
            DBMS_OUTPUT.PUT_LINE('Error inesperado (' || SQLCODE || '): ' || SQLERRM);
    END FIDE_PUESTO_EMPRESA_ASOCIADO_INSERTAR_SP;
    
    PROCEDURE FIDE_PUESTO_EMPRESA_ASOCIADO_EDITAR_SP(
        P_ID_PUESTO_EMPRESA IN FIDE_PUESTO_EMPRESA_ASOCIADO_TB.ID_PUESTO_EMPRESA%TYPE,
        P_PUESTO_EMPRESA IN FIDE_PUESTO_EMPRESA_ASOCIADO_TB.PUESTO_EMPRESA%TYPE,
        P_ID_ESTADO IN FIDE_PUESTO_EMPRESA_ASOCIADO_TB.ID_ESTADO%TYPE
    ) IS
    BEGIN
        UPDATE FIDE_PUESTO_EMPRESA_ASOCIADO_TB
        SET PUESTO_EMPRESA = P_PUESTO_EMPRESA,
            ID_ESTADO = P_ID_ESTADO
        WHERE ID_PUESTO_EMPRESA = P_ID_PUESTO_EMPRESA;
        
        IF SQL%ROWCOUNT = 0 THEN
            DBMS_OUTPUT.PUT_LINE('Advertencia: No se encontró el puesto con ID ' || P_ID_PUESTO_EMPRESA);
        ELSE
            COMMIT;
            DBMS_OUTPUT.PUT_LINE('Puesto de empresa actualizado exitosamente.');
        END IF;
    EXCEPTION
        WHEN DUP_VAL_ON_INDEX THEN
            ROLLBACK;
            DBMS_OUTPUT.PUT_LINE('Error: El nombre del puesto ya existe.');
        WHEN VALUE_ERROR THEN
            ROLLBACK;
            DBMS_OUTPUT.PUT_LINE('Error: Formato de dato incorrecto o valor nulo en la actualización.');
        WHEN OTHERS THEN
            ROLLBACK;
            DBMS_OUTPUT.PUT_LINE('Error inesperado al actualizar (' || SQLCODE || '): ' || SQLERRM);
    END FIDE_PUESTO_EMPRESA_ASOCIADO_EDITAR_SP;
    
    PROCEDURE FIDE_PUESTO_EMPRESA_ASOCIADO_ELIMINAR_SP(
        P_ID_PUESTO_EMPRESA IN FIDE_PUESTO_EMPRESA_ASOCIADO_TB.ID_PUESTO_EMPRESA%TYPE
    ) IS
        V_ESTADO_INACTIVO CONSTANT NUMBER := 2;
    BEGIN
        UPDATE FIDE_PUESTO_EMPRESA_ASOCIADO_TB
        SET ID_ESTADO = V_ESTADO_INACTIVO
        WHERE ID_PUESTO_EMPRESA = P_ID_PUESTO_EMPRESA;
        
        IF SQL%ROWCOUNT = 0 THEN
            DBMS_OUTPUT.PUT_LINE('Advertencia: No se encontró el puesto con ID ' || P_ID_PUESTO_EMPRESA);
        ELSE
            COMMIT;
            DBMS_OUTPUT.PUT_LINE('Puesto de empresa eliminado exitosamente.');
        END IF;
    EXCEPTION
        WHEN VALUE_ERROR THEN
            ROLLBACK;
            DBMS_OUTPUT.PUT_LINE('Error: Valor incorrecto en la eliminación.');
        WHEN OTHERS THEN
            ROLLBACK;
            DBMS_OUTPUT.PUT_LINE('Error inesperado al eliminar (' || SQLCODE || '): ' || SQLERRM);
    END FIDE_PUESTO_EMPRESA_ASOCIADO_ELIMINAR_SP;
    
    -- =============================================
    -- IMPLEMENTACIÓN PARA FIDE_REPORTES_TB
    -- =============================================
    
    PROCEDURE FIDE_REPORTES_INSERTAR_SP(
        P_ID_TIPO_REPORTE IN FIDE_REPORTES_TB.ID_TIPO_REPORTE%TYPE,
        P_FECHA_INICIO IN FIDE_REPORTES_TB.FECHA_INICIO%TYPE,
        P_FECHA_FINAL IN FIDE_REPORTES_TB.FECHA_FINAL%TYPE,
        P_ID_MODULO IN FIDE_REPORTES_TB.ID_MODULO%TYPE,
        P_TOTAL_REGISTROS IN FIDE_REPORTES_TB.TOTAL_REGISTROS%TYPE,
        P_RESUMEN_MONTOS IN FIDE_REPORTES_TB.RESUMEN_MONTOS%TYPE,
        P_FECHA_GENERACION IN FIDE_REPORTES_TB.FECHA_GENERACION%TYPE,
        P_ID_ESTADO IN FIDE_REPORTES_TB.ID_ESTADO%TYPE,
        P_ID_USUARIO IN FIDE_REPORTES_TB.ID_USUARIO%TYPE
    ) IS
    BEGIN
        INSERT INTO FIDE_REPORTES_TB(
            ID_TIPO_REPORTE, FECHA_INICIO, FECHA_FINAL, ID_MODULO,
            TOTAL_REGISTROS, RESUMEN_MONTOS, FECHA_GENERACION, ID_ESTADO, ID_USUARIO
        ) VALUES (
            P_ID_TIPO_REPORTE, P_FECHA_INICIO, P_FECHA_FINAL, P_ID_MODULO,
            P_TOTAL_REGISTROS, P_RESUMEN_MONTOS, P_FECHA_GENERACION, P_ID_ESTADO, P_ID_USUARIO
        );
        COMMIT;
        DBMS_OUTPUT.PUT_LINE('Registro insertado correctamente en FIDE_REPORTES_TB.');
    EXCEPTION
        WHEN DUP_VAL_ON_INDEX THEN
            ROLLBACK;
            DBMS_OUTPUT.PUT_LINE('Error: El reporte ya existe.');
        WHEN VALUE_ERROR THEN
            ROLLBACK;
            DBMS_OUTPUT.PUT_LINE('Error: Formato de dato incorrecto o valor nulo en reporte.');
        WHEN OTHERS THEN
            ROLLBACK;
            DBMS_OUTPUT.PUT_LINE('Error inesperado (' || SQLCODE || '): ' || SQLERRM);
    END FIDE_REPORTES_INSERTAR_SP;
    
    PROCEDURE FIDE_REPORTES_EDITAR_SP(
        P_ID_REPORTE IN FIDE_REPORTES_TB.ID_REPORTE%TYPE,
        P_ID_TIPO_REPORTE IN FIDE_REPORTES_TB.ID_TIPO_REPORTE%TYPE,
        P_FECHA_INICIO IN FIDE_REPORTES_TB.FECHA_INICIO%TYPE,
        P_FECHA_FINAL IN FIDE_REPORTES_TB.FECHA_FINAL%TYPE,
        P_ID_MODULO IN FIDE_REPORTES_TB.ID_MODULO%TYPE,
        P_TOTAL_REGISTROS IN FIDE_REPORTES_TB.TOTAL_REGISTROS%TYPE,
        P_RESUMEN_MONTOS IN FIDE_REPORTES_TB.RESUMEN_MONTOS%TYPE,
        P_FECHA_GENERACION IN FIDE_REPORTES_TB.FECHA_GENERACION%TYPE,
        P_ID_ESTADO IN FIDE_REPORTES_TB.ID_ESTADO%TYPE,
        P_ID_USUARIO IN FIDE_REPORTES_TB.ID_USUARIO%TYPE
    ) IS
    BEGIN
        UPDATE FIDE_REPORTES_TB
        SET ID_TIPO_REPORTE = P_ID_TIPO_REPORTE,
            FECHA_INICIO = P_FECHA_INICIO,
            FECHA_FINAL = P_FECHA_FINAL,
            ID_MODULO = P_ID_MODULO,
            TOTAL_REGISTROS = P_TOTAL_REGISTROS,
            RESUMEN_MONTOS = P_RESUMEN_MONTOS,
            FECHA_GENERACION = P_FECHA_GENERACION,
            ID_ESTADO = P_ID_ESTADO,
            ID_USUARIO = P_ID_USUARIO
        WHERE ID_REPORTE = P_ID_REPORTE;
        
        IF SQL%ROWCOUNT = 0 THEN
            DBMS_OUTPUT.PUT_LINE('Advertencia: No se encontró el reporte con ID ' || P_ID_REPORTE);
        ELSE
            COMMIT;
            DBMS_OUTPUT.PUT_LINE('Reporte actualizado exitosamente.');
        END IF;
    EXCEPTION
        WHEN VALUE_ERROR THEN
            ROLLBACK;
            DBMS_OUTPUT.PUT_LINE('Error: Formato de dato incorrecto o valor nulo en la actualización.');
        WHEN OTHERS THEN
            ROLLBACK;
            DBMS_OUTPUT.PUT_LINE('Error inesperado al actualizar (' || SQLCODE || '): ' || SQLERRM);
    END FIDE_REPORTES_EDITAR_SP;
    
    PROCEDURE FIDE_REPORTES_ELIMINAR_SP(
        P_ID_REPORTE IN FIDE_REPORTES_TB.ID_REPORTE%TYPE
    ) IS
        V_ESTADO_INACTIVO CONSTANT NUMBER := 2;
    BEGIN
        UPDATE FIDE_REPORTES_TB
        SET ID_ESTADO = V_ESTADO_INACTIVO
        WHERE ID_REPORTE = P_ID_REPORTE;
        
        IF SQL%ROWCOUNT = 0 THEN
            DBMS_OUTPUT.PUT_LINE('Advertencia: No se encontró el reporte con ID ' || P_ID_REPORTE);
        ELSE
            COMMIT;
            DBMS_OUTPUT.PUT_LINE('Reporte eliminado exitosamente.');
        END IF;
    EXCEPTION
        WHEN VALUE_ERROR THEN
            ROLLBACK;
            DBMS_OUTPUT.PUT_LINE('Error: Valor incorrecto en la eliminación.');
        WHEN OTHERS THEN
            ROLLBACK;
            DBMS_OUTPUT.PUT_LINE('Error inesperado al eliminar (' || SQLCODE || '): ' || SQLERRM);
    END FIDE_REPORTES_ELIMINAR_SP;
    
    -- =============================================
    -- IMPLEMENTACIÓN PARA FIDE_RESULTADOS_REPORTE_TB
    -- =============================================
    
    PROCEDURE FIDE_RESULTADOS_REPORTE_INSERTAR_SP(
        P_ID_REPORTE IN FIDE_RESULTADOS_REPORTE_TB.ID_REPORTE%TYPE,
        P_METRICA_NOMBRE IN FIDE_RESULTADOS_REPORTE_TB.METRICA_NOMBRE%TYPE,
        P_METRICA_VALOR IN FIDE_RESULTADOS_REPORTE_TB.METRICA_VALOR%TYPE
    ) IS
    BEGIN
        INSERT INTO FIDE_RESULTADOS_REPORTE_TB(ID_REPORTE, METRICA_NOMBRE, METRICA_VALOR)
        VALUES (P_ID_REPORTE, P_METRICA_NOMBRE, P_METRICA_VALOR);
        COMMIT;
        DBMS_OUTPUT.PUT_LINE('Registro insertado correctamente en FIDE_RESULTADOS_REPORTE_TB.');
    EXCEPTION
        WHEN DUP_VAL_ON_INDEX THEN
            ROLLBACK;
            DBMS_OUTPUT.PUT_LINE('Error: El resultado de reporte ya existe.');
        WHEN VALUE_ERROR THEN
            ROLLBACK;
            DBMS_OUTPUT.PUT_LINE('Error: Formato de dato incorrecto o valor nulo en resultado de reporte.');
        WHEN OTHERS THEN
            ROLLBACK;
            DBMS_OUTPUT.PUT_LINE('Error inesperado (' || SQLCODE || '): ' || SQLERRM);
    END FIDE_RESULTADOS_REPORTE_INSERTAR_SP;
    
    PROCEDURE FIDE_RESULTADOS_REPORTE_EDITAR_SP(
        P_ID_RESULTADO IN FIDE_RESULTADOS_REPORTE_TB.ID_RESULTADO%TYPE,
        P_ID_REPORTE IN FIDE_RESULTADOS_REPORTE_TB.ID_REPORTE%TYPE,
        P_METRICA_NOMBRE IN FIDE_RESULTADOS_REPORTE_TB.METRICA_NOMBRE%TYPE,
        P_METRICA_VALOR IN FIDE_RESULTADOS_REPORTE_TB.METRICA_VALOR%TYPE
    ) IS
    BEGIN
        UPDATE FIDE_RESULTADOS_REPORTE_TB
        SET ID_REPORTE = P_ID_REPORTE,
            METRICA_NOMBRE = P_METRICA_NOMBRE,
            METRICA_VALOR = P_METRICA_VALOR
        WHERE ID_RESULTADO = P_ID_RESULTADO;
        
        IF SQL%ROWCOUNT = 0 THEN
            DBMS_OUTPUT.PUT_LINE('Advertencia: No se encontró el resultado con ID ' || P_ID_RESULTADO);
        ELSE
            COMMIT;
            DBMS_OUTPUT.PUT_LINE('Resultado de reporte actualizado exitosamente.');
        END IF;
    EXCEPTION
        WHEN VALUE_ERROR THEN
            ROLLBACK;
            DBMS_OUTPUT.PUT_LINE('Error: Formato de dato incorrecto o valor nulo en la actualización.');
        WHEN OTHERS THEN
            ROLLBACK;
            DBMS_OUTPUT.PUT_LINE('Error inesperado al actualizar (' || SQLCODE || '): ' || SQLERRM);
    END FIDE_RESULTADOS_REPORTE_EDITAR_SP;
    
    PROCEDURE FIDE_RESULTADOS_REPORTE_ELIMINAR_SP(
        P_ID_RESULTADO IN FIDE_RESULTADOS_REPORTE_TB.ID_RESULTADO%TYPE
    ) IS
    BEGIN
        DELETE FROM FIDE_RESULTADOS_REPORTE_TB
        WHERE ID_RESULTADO = P_ID_RESULTADO;
        
        IF SQL%ROWCOUNT = 0 THEN
            DBMS_OUTPUT.PUT_LINE('Advertencia: No se encontró el resultado con ID ' || P_ID_RESULTADO);
        ELSE
            COMMIT;
            DBMS_OUTPUT.PUT_LINE('Resultado de reporte eliminado físicamente.');
        END IF;
    EXCEPTION
        WHEN VALUE_ERROR THEN
            ROLLBACK;
            DBMS_OUTPUT.PUT_LINE('Error: Valor incorrecto en la eliminación.');
        WHEN OTHERS THEN
            ROLLBACK;
            DBMS_OUTPUT.PUT_LINE('Error inesperado al eliminar (' || SQLCODE || '): ' || SQLERRM);
    END FIDE_RESULTADOS_REPORTE_ELIMINAR_SP;
    
    -- =============================================
    -- IMPLEMENTACIÓN PARA FIDE_ROL_TB
    -- =============================================
    
    PROCEDURE FIDE_ROL_INSERTAR_SP(
        P_NOMBRE_ROL IN FIDE_ROL_TB.NOMBRE_ROL%TYPE,
        P_ID_ESTADO IN FIDE_ROL_TB.ID_ESTADO%TYPE
    ) IS
    BEGIN
        INSERT INTO FIDE_ROL_TB(NOMBRE_ROL, ID_ESTADO)
        VALUES (P_NOMBRE_ROL, P_ID_ESTADO);
        COMMIT;
        DBMS_OUTPUT.PUT_LINE('Registro insertado correctamente en FIDE_ROL_TB.');
    EXCEPTION
        WHEN DUP_VAL_ON_INDEX THEN
            ROLLBACK;
            DBMS_OUTPUT.PUT_LINE('Error: El rol ' || P_NOMBRE_ROL || ' ya existe.');
        WHEN VALUE_ERROR THEN
            ROLLBACK;
            DBMS_OUTPUT.PUT_LINE('Error: Formato de dato incorrecto o valor nulo en rol.');
        WHEN OTHERS THEN
            ROLLBACK;
            DBMS_OUTPUT.PUT_LINE('Error inesperado (' || SQLCODE || '): ' || SQLERRM);
    END FIDE_ROL_INSERTAR_SP;
    
    PROCEDURE FIDE_ROL_EDITAR_SP(
        P_ID_ROL IN FIDE_ROL_TB.ID_ROL%TYPE,
        P_NOMBRE_ROL IN FIDE_ROL_TB.NOMBRE_ROL%TYPE,
        P_ID_ESTADO IN FIDE_ROL_TB.ID_ESTADO%TYPE
    ) IS
    BEGIN
        UPDATE FIDE_ROL_TB
        SET NOMBRE_ROL = P_NOMBRE_ROL,
            ID_ESTADO = P_ID_ESTADO
        WHERE ID_ROL = P_ID_ROL;
        
        IF SQL%ROWCOUNT = 0 THEN
            DBMS_OUTPUT.PUT_LINE('Advertencia: No se encontró el rol con ID ' || P_ID_ROL);
        ELSE
            COMMIT;
            DBMS_OUTPUT.PUT_LINE('Rol actualizado exitosamente.');
        END IF;
    EXCEPTION
        WHEN DUP_VAL_ON_INDEX THEN
            ROLLBACK;
            DBMS_OUTPUT.PUT_LINE('Error: El nombre del rol ya existe.');
        WHEN VALUE_ERROR THEN
            ROLLBACK;
            DBMS_OUTPUT.PUT_LINE('Error: Formato de dato incorrecto o valor nulo en la actualización.');
        WHEN OTHERS THEN
            ROLLBACK;
            DBMS_OUTPUT.PUT_LINE('Error inesperado al actualizar (' || SQLCODE || '): ' || SQLERRM);
    END FIDE_ROL_EDITAR_SP;
    
    PROCEDURE FIDE_ROL_ELIMINAR_SP(
        P_ID_ROL IN FIDE_ROL_TB.ID_ROL%TYPE
    ) IS
        V_ESTADO_INACTIVO CONSTANT NUMBER := 2;
    BEGIN
        UPDATE FIDE_ROL_TB
        SET ID_ESTADO = V_ESTADO_INACTIVO
        WHERE ID_ROL = P_ID_ROL;
        
        IF SQL%ROWCOUNT = 0 THEN
            DBMS_OUTPUT.PUT_LINE('Advertencia: No se encontró el rol con ID ' || P_ID_ROL);
        ELSE
            COMMIT;
            DBMS_OUTPUT.PUT_LINE('Rol eliminado exitosamente.');
        END IF;
    EXCEPTION
        WHEN VALUE_ERROR THEN
            ROLLBACK;
            DBMS_OUTPUT.PUT_LINE('Error: Valor incorrecto en la eliminación.');
        WHEN OTHERS THEN
            ROLLBACK;
            DBMS_OUTPUT.PUT_LINE('Error inesperado al eliminar (' || SQLCODE || '): ' || SQLERRM);
    END FIDE_ROL_ELIMINAR_SP;
    
    -- =============================================
    -- IMPLEMENTACIÓN PARA FIDE_SERVICIO_TB
    -- =============================================
    
    PROCEDURE FIDE_SERVICIO_INSERTAR_SP(
        P_NOMBRE_SERVICIO IN FIDE_SERVICIO_TB.NOMBRE_SERVICIO%TYPE,
        P_DESCRIPCION IN FIDE_SERVICIO_TB.DESCRIPCION%TYPE,
        P_VALOR_ESTIMADO IN FIDE_SERVICIO_TB.VALOR_ESTIMADO%TYPE,
        P_STOCK IN FIDE_SERVICIO_TB.STOCK%TYPE,
        P_ID_CATEGORIA IN FIDE_SERVICIO_TB.ID_CATEGORIA%TYPE,
        P_ID_ESTADO IN FIDE_SERVICIO_TB.ID_ESTADO%TYPE
    ) IS
    BEGIN
        INSERT INTO FIDE_SERVICIO_TB(
            NOMBRE_SERVICIO, DESCRIPCION, VALOR_ESTIMADO, STOCK, ID_CATEGORIA, ID_ESTADO
        ) VALUES (
            P_NOMBRE_SERVICIO, P_DESCRIPCION, P_VALOR_ESTIMADO, P_STOCK, P_ID_CATEGORIA, P_ID_ESTADO
        );
        COMMIT;
        DBMS_OUTPUT.PUT_LINE('Registro insertado correctamente en FIDE_SERVICIO_TB.');
    EXCEPTION
        WHEN DUP_VAL_ON_INDEX THEN
            ROLLBACK;
            DBMS_OUTPUT.PUT_LINE('Error: El servicio ' || P_NOMBRE_SERVICIO || ' ya existe.');
        WHEN VALUE_ERROR THEN
            ROLLBACK;
            DBMS_OUTPUT.PUT_LINE('Error: Formato de dato incorrecto o valor nulo en servicio.');
        WHEN OTHERS THEN
            ROLLBACK;
            DBMS_OUTPUT.PUT_LINE('Error inesperado (' || SQLCODE || '): ' || SQLERRM);
    END FIDE_SERVICIO_INSERTAR_SP;
    
    PROCEDURE FIDE_SERVICIO_EDITAR_SP(
        P_ID_SERVICIO IN FIDE_SERVICIO_TB.ID_SERVICIO%TYPE,
        P_NOMBRE_SERVICIO IN FIDE_SERVICIO_TB.NOMBRE_SERVICIO%TYPE,
        P_DESCRIPCION IN FIDE_SERVICIO_TB.DESCRIPCION%TYPE,
        P_VALOR_ESTIMADO IN FIDE_SERVICIO_TB.VALOR_ESTIMADO%TYPE,
        P_STOCK IN FIDE_SERVICIO_TB.STOCK%TYPE,
        P_ID_CATEGORIA IN FIDE_SERVICIO_TB.ID_CATEGORIA%TYPE,
        P_ID_ESTADO IN FIDE_SERVICIO_TB.ID_ESTADO%TYPE
    ) IS
    BEGIN
        UPDATE FIDE_SERVICIO_TB
        SET NOMBRE_SERVICIO = P_NOMBRE_SERVICIO,
            DESCRIPCION = P_DESCRIPCION,
            VALOR_ESTIMADO = P_VALOR_ESTIMADO,
            STOCK = P_STOCK,
            ID_CATEGORIA = P_ID_CATEGORIA,
            ID_ESTADO = P_ID_ESTADO
        WHERE ID_SERVICIO = P_ID_SERVICIO;
        
        IF SQL%ROWCOUNT = 0 THEN
            DBMS_OUTPUT.PUT_LINE('Advertencia: No se encontró el servicio con ID ' || P_ID_SERVICIO);
        ELSE
            COMMIT;
            DBMS_OUTPUT.PUT_LINE('Servicio actualizado exitosamente.');
        END IF;
    EXCEPTION
        WHEN DUP_VAL_ON_INDEX THEN
            ROLLBACK;
            DBMS_OUTPUT.PUT_LINE('Error: El nombre del servicio ya existe.');
        WHEN VALUE_ERROR THEN
            ROLLBACK;
            DBMS_OUTPUT.PUT_LINE('Error: Formato de dato incorrecto o valor nulo en la actualización.');
        WHEN OTHERS THEN
            ROLLBACK;
            DBMS_OUTPUT.PUT_LINE('Error inesperado al actualizar (' || SQLCODE || '): ' || SQLERRM);
    END FIDE_SERVICIO_EDITAR_SP;
    
    PROCEDURE FIDE_SERVICIO_ELIMINAR_SP(
        P_ID_SERVICIO IN FIDE_SERVICIO_TB.ID_SERVICIO%TYPE
    ) IS
        V_ESTADO_INACTIVO CONSTANT NUMBER := 2;
    BEGIN
        UPDATE FIDE_SERVICIO_TB
        SET ID_ESTADO = V_ESTADO_INACTIVO
        WHERE ID_SERVICIO = P_ID_SERVICIO;
        
        IF SQL%ROWCOUNT = 0 THEN
            DBMS_OUTPUT.PUT_LINE('Advertencia: No se encontró el servicio con ID ' || P_ID_SERVICIO);
        ELSE
            COMMIT;
            DBMS_OUTPUT.PUT_LINE('Servicio eliminado exitosamente.');
        END IF;
    EXCEPTION
        WHEN VALUE_ERROR THEN
            ROLLBACK;
            DBMS_OUTPUT.PUT_LINE('Error: Valor incorrecto en la eliminación.');
        WHEN OTHERS THEN
            ROLLBACK;
            DBMS_OUTPUT.PUT_LINE('Error inesperado al eliminar (' || SQLCODE || '): ' || SQLERRM);
    END FIDE_SERVICIO_ELIMINAR_SP;
    
    -- =============================================
    -- IMPLEMENTACIÓN PARA FIDE_TIPO_AHORRO_TB
    -- =============================================
    
    PROCEDURE FIDE_TIPO_AHORRO_INSERTAR_SP(
        P_NOMBRE IN FIDE_TIPO_AHORRO_TB.NOMBRE%TYPE,
        P_DESCRIPCION IN FIDE_TIPO_AHORRO_TB.DESCRIPCION%TYPE,
        P_ID_ESTADO IN FIDE_TIPO_AHORRO_TB.ID_ESTADO%TYPE
    ) IS
    BEGIN
        INSERT INTO FIDE_TIPO_AHORRO_TB(NOMBRE, DESCRIPCION, ID_ESTADO)
        VALUES (P_NOMBRE, P_DESCRIPCION, P_ID_ESTADO);
        COMMIT;
        DBMS_OUTPUT.PUT_LINE('Registro insertado correctamente en FIDE_TIPO_AHORRO_TB.');
    EXCEPTION
        WHEN DUP_VAL_ON_INDEX THEN
            ROLLBACK;
            DBMS_OUTPUT.PUT_LINE('Error: El tipo de ahorro ' || P_NOMBRE || ' ya existe.');
        WHEN VALUE_ERROR THEN
            ROLLBACK;
            DBMS_OUTPUT.PUT_LINE('Error: Formato de dato incorrecto o valor nulo en tipo de ahorro.');
        WHEN OTHERS THEN
            ROLLBACK;
            DBMS_OUTPUT.PUT_LINE('Error inesperado (' || SQLCODE || '): ' || SQLERRM);
    END FIDE_TIPO_AHORRO_INSERTAR_SP;
    
    PROCEDURE FIDE_TIPO_AHORRO_EDITAR_SP(
        P_ID_TIPO_AHORRO IN FIDE_TIPO_AHORRO_TB.ID_TIPO_AHORRO%TYPE,
        P_NOMBRE IN FIDE_TIPO_AHORRO_TB.NOMBRE%TYPE,
        P_DESCRIPCION IN FIDE_TIPO_AHORRO_TB.DESCRIPCION%TYPE,
        P_ID_ESTADO IN FIDE_TIPO_AHORRO_TB.ID_ESTADO%TYPE
    ) IS
    BEGIN
        UPDATE FIDE_TIPO_AHORRO_TB
        SET NOMBRE = P_NOMBRE,
            DESCRIPCION = P_DESCRIPCION,
            ID_ESTADO = P_ID_ESTADO
        WHERE ID_TIPO_AHORRO = P_ID_TIPO_AHORRO;
        
        IF SQL%ROWCOUNT = 0 THEN
            DBMS_OUTPUT.PUT_LINE('Advertencia: No se encontró el tipo de ahorro con ID ' || P_ID_TIPO_AHORRO);
        ELSE
            COMMIT;
            DBMS_OUTPUT.PUT_LINE('Tipo de ahorro actualizado exitosamente.');
        END IF;
    EXCEPTION
        WHEN DUP_VAL_ON_INDEX THEN
            ROLLBACK;
            DBMS_OUTPUT.PUT_LINE('Error: El nombre del tipo de ahorro ya existe.');
        WHEN VALUE_ERROR THEN
            ROLLBACK;
            DBMS_OUTPUT.PUT_LINE('Error: Formato de dato incorrecto o valor nulo en la actualización.');
        WHEN OTHERS THEN
            ROLLBACK;
            DBMS_OUTPUT.PUT_LINE('Error inesperado al actualizar (' || SQLCODE || '): ' || SQLERRM);
    END FIDE_TIPO_AHORRO_EDITAR_SP;
    
    PROCEDURE FIDE_TIPO_AHORRO_ELIMINAR_SP(
        P_ID_TIPO_AHORRO IN FIDE_TIPO_AHORRO_TB.ID_TIPO_AHORRO%TYPE
    ) IS
        V_ESTADO_INACTIVO CONSTANT NUMBER := 2;
    BEGIN
        UPDATE FIDE_TIPO_AHORRO_TB
        SET ID_ESTADO = V_ESTADO_INACTIVO
        WHERE ID_TIPO_AHORRO = P_ID_TIPO_AHORRO;
        
        IF SQL%ROWCOUNT = 0 THEN
            DBMS_OUTPUT.PUT_LINE('Advertencia: No se encontró el tipo de ahorro con ID ' || P_ID_TIPO_AHORRO);
        ELSE
            COMMIT;
            DBMS_OUTPUT.PUT_LINE('Tipo de ahorro eliminado exitosamente.');
        END IF;
    EXCEPTION
        WHEN VALUE_ERROR THEN
            ROLLBACK;
            DBMS_OUTPUT.PUT_LINE('Error: Valor incorrecto en la eliminación.');
        WHEN OTHERS THEN
            ROLLBACK;
            DBMS_OUTPUT.PUT_LINE('Error inesperado al eliminar (' || SQLCODE || '): ' || SQLERRM);
    END FIDE_TIPO_AHORRO_ELIMINAR_SP;
    
    -- =============================================
    -- IMPLEMENTACIÓN PARA FIDE_TIPO_REPORTE_TB
    -- =============================================
    
    PROCEDURE FIDE_TIPO_REPORTE_INSERTAR_SP(
        P_NOMBRE IN FIDE_TIPO_REPORTE_TB.NOMBRE%TYPE,
        P_ID_ESTADO IN FIDE_TIPO_REPORTE_TB.ID_ESTADO%TYPE
    ) IS
    BEGIN
        INSERT INTO FIDE_TIPO_REPORTE_TB(NOMBRE, ID_ESTADO)
        VALUES (P_NOMBRE, P_ID_ESTADO);
        COMMIT;
        DBMS_OUTPUT.PUT_LINE('Registro insertado correctamente en FIDE_TIPO_REPORTE_TB.');
    EXCEPTION
        WHEN DUP_VAL_ON_INDEX THEN
            ROLLBACK;
            DBMS_OUTPUT.PUT_LINE('Error: El tipo de reporte ' || P_NOMBRE || ' ya existe.');
        WHEN VALUE_ERROR THEN
            ROLLBACK;
            DBMS_OUTPUT.PUT_LINE('Error: Formato de dato incorrecto o valor nulo en tipo de reporte.');
        WHEN OTHERS THEN
            ROLLBACK;
            DBMS_OUTPUT.PUT_LINE('Error inesperado (' || SQLCODE || '): ' || SQLERRM);
    END FIDE_TIPO_REPORTE_INSERTAR_SP;
    
    PROCEDURE FIDE_TIPO_REPORTE_EDITAR_SP(
        P_ID_TIPO_REPORTE IN FIDE_TIPO_REPORTE_TB.ID_TIPO_REPORTE%TYPE,
        P_NOMBRE IN FIDE_TIPO_REPORTE_TB.NOMBRE%TYPE,
        P_ID_ESTADO IN FIDE_TIPO_REPORTE_TB.ID_ESTADO%TYPE
    ) IS
    BEGIN
        UPDATE FIDE_TIPO_REPORTE_TB
        SET NOMBRE = P_NOMBRE,
            ID_ESTADO = P_ID_ESTADO
        WHERE ID_TIPO_REPORTE = P_ID_TIPO_REPORTE;
        
        IF SQL%ROWCOUNT = 0 THEN
            DBMS_OUTPUT.PUT_LINE('Advertencia: No se encontró el tipo de reporte con ID ' || P_ID_TIPO_REPORTE);
        ELSE
            COMMIT;
            DBMS_OUTPUT.PUT_LINE('Tipo de reporte actualizado exitosamente.');
        END IF;
    EXCEPTION
        WHEN DUP_VAL_ON_INDEX THEN
            ROLLBACK;
            DBMS_OUTPUT.PUT_LINE('Error: El nombre del tipo de reporte ya existe.');
        WHEN VALUE_ERROR THEN
            ROLLBACK;
            DBMS_OUTPUT.PUT_LINE('Error: Formato de dato incorrecto o valor nulo en la actualización.');
        WHEN OTHERS THEN
            ROLLBACK;
            DBMS_OUTPUT.PUT_LINE('Error inesperado al actualizar (' || SQLCODE || '): ' || SQLERRM);
    END FIDE_TIPO_REPORTE_EDITAR_SP;
    
    PROCEDURE FIDE_TIPO_REPORTE_ELIMINAR_SP(
        P_ID_TIPO_REPORTE IN FIDE_TIPO_REPORTE_TB.ID_TIPO_REPORTE%TYPE
    ) IS
        V_ESTADO_INACTIVO CONSTANT NUMBER := 2;
    BEGIN
        UPDATE FIDE_TIPO_REPORTE_TB
        SET ID_ESTADO = V_ESTADO_INACTIVO
        WHERE ID_TIPO_REPORTE = P_ID_TIPO_REPORTE;
        
        IF SQL%ROWCOUNT = 0 THEN
            DBMS_OUTPUT.PUT_LINE('Advertencia: No se encontró el tipo de reporte con ID ' || P_ID_TIPO_REPORTE);
        ELSE
            COMMIT;
            DBMS_OUTPUT.PUT_LINE('Tipo de reporte eliminado exitosamente.');
        END IF;
    EXCEPTION
        WHEN VALUE_ERROR THEN
            ROLLBACK;
            DBMS_OUTPUT.PUT_LINE('Error: Valor incorrecto en la eliminación.');
        WHEN OTHERS THEN
            ROLLBACK;
            DBMS_OUTPUT.PUT_LINE('Error inesperado al eliminar (' || SQLCODE || '): ' || SQLERRM);
    END FIDE_TIPO_REPORTE_ELIMINAR_SP;
    
    -- =============================================
    -- IMPLEMENTACIÓN PARA FIDE_TIPO_TRANSACCION_TB
    -- =============================================
    
    PROCEDURE FIDE_TIPO_TRANSACCION_INSERTAR_SP(
        P_NOMBRE IN FIDE_TIPO_TRANSACCION_TB.NOMBRE%TYPE,
        P_DESCRIPCION IN FIDE_TIPO_TRANSACCION_TB.DESCRIPCION%TYPE,
        P_ID_ESTADO IN FIDE_TIPO_TRANSACCION_TB.ID_ESTADO%TYPE
    ) IS
    BEGIN
        INSERT INTO FIDE_TIPO_TRANSACCION_TB(NOMBRE, DESCRIPCION, ID_ESTADO)
        VALUES (P_NOMBRE, P_DESCRIPCION, P_ID_ESTADO);
        COMMIT;
        DBMS_OUTPUT.PUT_LINE('Registro insertado correctamente en FIDE_TIPO_TRANSACCION_TB.');
    EXCEPTION
        WHEN DUP_VAL_ON_INDEX THEN
            ROLLBACK;
            DBMS_OUTPUT.PUT_LINE('Error: El tipo de transacción ' || P_NOMBRE || ' ya existe.');
        WHEN VALUE_ERROR THEN
            ROLLBACK;
            DBMS_OUTPUT.PUT_LINE('Error: Formato de dato incorrecto o valor nulo en tipo de transacción.');
        WHEN OTHERS THEN
            ROLLBACK;
            DBMS_OUTPUT.PUT_LINE('Error inesperado (' || SQLCODE || '): ' || SQLERRM);
    END FIDE_TIPO_TRANSACCION_INSERTAR_SP;
    
    PROCEDURE FIDE_TIPO_TRANSACCION_EDITAR_SP(
        P_ID_TIPO_TRANSACCION IN FIDE_TIPO_TRANSACCION_TB.ID_TIPO_TRANSACCION%TYPE,
        P_NOMBRE IN FIDE_TIPO_TRANSACCION_TB.NOMBRE%TYPE,
        P_DESCRIPCION IN FIDE_TIPO_TRANSACCION_TB.DESCRIPCION%TYPE,
        P_ID_ESTADO IN FIDE_TIPO_TRANSACCION_TB.ID_ESTADO%TYPE
    ) IS
    BEGIN
        UPDATE FIDE_TIPO_TRANSACCION_TB
        SET NOMBRE = P_NOMBRE,
            DESCRIPCION = P_DESCRIPCION,
            ID_ESTADO = P_ID_ESTADO
        WHERE ID_TIPO_TRANSACCION = P_ID_TIPO_TRANSACCION;
        
        IF SQL%ROWCOUNT = 0 THEN
            DBMS_OUTPUT.PUT_LINE('Advertencia: No se encontró el tipo de transacción con ID ' || P_ID_TIPO_TRANSACCION);
        ELSE
            COMMIT;
            DBMS_OUTPUT.PUT_LINE('Tipo de transacción actualizado exitosamente.');
        END IF;
    EXCEPTION
        WHEN DUP_VAL_ON_INDEX THEN
            ROLLBACK;
            DBMS_OUTPUT.PUT_LINE('Error: El nombre del tipo de transacción ya existe.');
        WHEN VALUE_ERROR THEN
            ROLLBACK;
            DBMS_OUTPUT.PUT_LINE('Error: Formato de dato incorrecto o valor nulo en la actualización.');
        WHEN OTHERS THEN
            ROLLBACK;
            DBMS_OUTPUT.PUT_LINE('Error inesperado al actualizar (' || SQLCODE || '): ' || SQLERRM);
    END FIDE_TIPO_TRANSACCION_EDITAR_SP;
    
    PROCEDURE FIDE_TIPO_TRANSACCION_ELIMINAR_SP(
        P_ID_TIPO_TRANSACCION IN FIDE_TIPO_TRANSACCION_TB.ID_TIPO_TRANSACCION%TYPE
    ) IS
        V_ESTADO_INACTIVO CONSTANT NUMBER := 2;
    BEGIN
        UPDATE FIDE_TIPO_TRANSACCION_TB
        SET ID_ESTADO = V_ESTADO_INACTIVO
        WHERE ID_TIPO_TRANSACCION = P_ID_TIPO_TRANSACCION;
        
        IF SQL%ROWCOUNT = 0 THEN
            DBMS_OUTPUT.PUT_LINE('Advertencia: No se encontró el tipo de transacción con ID ' || P_ID_TIPO_TRANSACCION);
        ELSE
            COMMIT;
            DBMS_OUTPUT.PUT_LINE('Tipo de transacción eliminado exitosamente.');
        END IF;
    EXCEPTION
        WHEN VALUE_ERROR THEN
            ROLLBACK;
            DBMS_OUTPUT.PUT_LINE('Error: Valor incorrecto en la eliminación.');
        WHEN OTHERS THEN
            ROLLBACK;
            DBMS_OUTPUT.PUT_LINE('Error inesperado al eliminar (' || SQLCODE || '): ' || SQLERRM);
    END FIDE_TIPO_TRANSACCION_ELIMINAR_SP;
    
    -- =============================================
    -- IMPLEMENTACIÓN PARA FIDE_TRANSACCION_TB
    -- =============================================
    
    PROCEDURE FIDE_TRANSACCION_INSERTAR_SP(
        P_FECHA_TRANSACCION IN FIDE_TRANSACCION_TB.FECHA_TRANSACCION%TYPE,
        P_ID_TIPO_TRANSACCION IN FIDE_TRANSACCION_TB.ID_TIPO_TRANSACCION%TYPE,
        P_MONTO_TOTAL IN FIDE_TRANSACCION_TB.MONTO_TOTAL%TYPE,
        P_ID_USUARIO IN FIDE_TRANSACCION_TB.ID_USUARIO%TYPE,
        P_ID_ESTADO IN FIDE_TRANSACCION_TB.ID_ESTADO%TYPE
    ) IS
    BEGIN
        INSERT INTO FIDE_TRANSACCION_TB(
            FECHA_TRANSACCION, ID_TIPO_TRANSACCION, MONTO_TOTAL, ID_USUARIO, ID_ESTADO
        ) VALUES (
            P_FECHA_TRANSACCION, P_ID_TIPO_TRANSACCION, P_MONTO_TOTAL, P_ID_USUARIO, P_ID_ESTADO
        );
        COMMIT;
        DBMS_OUTPUT.PUT_LINE('Registro insertado correctamente en FIDE_TRANSACCION_TB.');
    EXCEPTION
        WHEN DUP_VAL_ON_INDEX THEN
            ROLLBACK;
            DBMS_OUTPUT.PUT_LINE('Error: La transacción ya existe.');
        WHEN VALUE_ERROR THEN
            ROLLBACK;
            DBMS_OUTPUT.PUT_LINE('Error: Formato de dato incorrecto o valor nulo en transacción.');
        WHEN OTHERS THEN
            ROLLBACK;
            DBMS_OUTPUT.PUT_LINE('Error inesperado (' || SQLCODE || '): ' || SQLERRM);
    END FIDE_TRANSACCION_INSERTAR_SP;
    
    PROCEDURE FIDE_TRANSACCION_EDITAR_SP(
        P_ID_TRANSACCION IN FIDE_TRANSACCION_TB.ID_TRANSACCION%TYPE,
        P_FECHA_TRANSACCION IN FIDE_TRANSACCION_TB.FECHA_TRANSACCION%TYPE,
        P_ID_TIPO_TRANSACCION IN FIDE_TRANSACCION_TB.ID_TIPO_TRANSACCION%TYPE,
        P_MONTO_TOTAL IN FIDE_TRANSACCION_TB.MONTO_TOTAL%TYPE,
        P_ID_USUARIO IN FIDE_TRANSACCION_TB.ID_USUARIO%TYPE,
        P_ID_ESTADO IN FIDE_TRANSACCION_TB.ID_ESTADO%TYPE
    ) IS
    BEGIN
        UPDATE FIDE_TRANSACCION_TB
        SET FECHA_TRANSACCION = P_FECHA_TRANSACCION,
            ID_TIPO_TRANSACCION = P_ID_TIPO_TRANSACCION,
            MONTO_TOTAL = P_MONTO_TOTAL,
            ID_USUARIO = P_ID_USUARIO,
            ID_ESTADO = P_ID_ESTADO
        WHERE ID_TRANSACCION = P_ID_TRANSACCION;
        
        IF SQL%ROWCOUNT = 0 THEN
            DBMS_OUTPUT.PUT_LINE('Advertencia: No se encontró la transacción con ID ' || P_ID_TRANSACCION);
        ELSE
            COMMIT;
            DBMS_OUTPUT.PUT_LINE('Transacción actualizada exitosamente.');
        END IF;
    EXCEPTION
        WHEN VALUE_ERROR THEN
            ROLLBACK;
            DBMS_OUTPUT.PUT_LINE('Error: Formato de dato incorrecto o valor nulo en la actualización.');
        WHEN OTHERS THEN
            ROLLBACK;
            DBMS_OUTPUT.PUT_LINE('Error inesperado al actualizar (' || SQLCODE || '): ' || SQLERRM);
    END FIDE_TRANSACCION_EDITAR_SP;
    
    PROCEDURE FIDE_TRANSACCION_ELIMINAR_SP(
        P_ID_TRANSACCION IN FIDE_TRANSACCION_TB.ID_TRANSACCION%TYPE
    ) IS
        V_ESTADO_INACTIVO CONSTANT NUMBER := 2;
    BEGIN
        UPDATE FIDE_TRANSACCION_TB
        SET ID_ESTADO = V_ESTADO_INACTIVO
        WHERE ID_TRANSACCION = P_ID_TRANSACCION;
        
        IF SQL%ROWCOUNT = 0 THEN
            DBMS_OUTPUT.PUT_LINE('Advertencia: No se encontró la transacción con ID ' || P_ID_TRANSACCION);
        ELSE
            COMMIT;
            DBMS_OUTPUT.PUT_LINE('Transacción eliminada exitosamente.');
        END IF;
    EXCEPTION
        WHEN VALUE_ERROR THEN
            ROLLBACK;
            DBMS_OUTPUT.PUT_LINE('Error: Valor incorrecto en la eliminación.');
        WHEN OTHERS THEN
            ROLLBACK;
            DBMS_OUTPUT.PUT_LINE('Error inesperado al eliminar (' || SQLCODE || '): ' || SQLERRM);
    END FIDE_TRANSACCION_ELIMINAR_SP;
    
    -- =============================================
    -- IMPLEMENTACIÓN PARA FIDE_USUARIOS_ROLES_TB
    -- =============================================
    
    PROCEDURE FIDE_USUARIOS_ROLES_INSERTAR_SP(
        P_ID_USUARIO IN FIDE_USUARIOS_ROLES_TB.ID_USUARIO%TYPE,
        P_ID_ROL IN FIDE_USUARIOS_ROLES_TB.ID_ROL%TYPE
    ) IS
    BEGIN
        INSERT INTO FIDE_USUARIOS_ROLES_TB(ID_USUARIO, ID_ROL)
        VALUES (P_ID_USUARIO, P_ID_ROL);
        COMMIT;
        DBMS_OUTPUT.PUT_LINE('Registro insertado correctamente en FIDE_USUARIOS_ROLES_TB.');
    EXCEPTION
        WHEN DUP_VAL_ON_INDEX THEN
            ROLLBACK;
            DBMS_OUTPUT.PUT_LINE('Error: La combinación Usuario ' || P_ID_USUARIO || ' - Rol ' || P_ID_ROL || ' ya existe.');
        WHEN VALUE_ERROR THEN
            ROLLBACK;
            DBMS_OUTPUT.PUT_LINE('Error: Formato de dato incorrecto o valor nulo en asignación de rol.');
        WHEN OTHERS THEN
            ROLLBACK;
            DBMS_OUTPUT.PUT_LINE('Error inesperado (' || SQLCODE || '): ' || SQLERRM);
    END FIDE_USUARIOS_ROLES_INSERTAR_SP;
    
    PROCEDURE FIDE_USUARIOS_ROLES_EDITAR_SP(
        P_ID_USUARIO_OLD IN FIDE_USUARIOS_ROLES_TB.ID_USUARIO%TYPE,
        P_ID_ROL_OLD IN FIDE_USUARIOS_ROLES_TB.ID_ROL%TYPE,
        P_ID_USUARIO_NEW IN FIDE_USUARIOS_ROLES_TB.ID_USUARIO%TYPE,
        P_ID_ROL_NEW IN FIDE_USUARIOS_ROLES_TB.ID_ROL%TYPE
    ) IS
    BEGIN
        UPDATE FIDE_USUARIOS_ROLES_TB
        SET ID_USUARIO = P_ID_USUARIO_NEW,
            ID_ROL = P_ID_ROL_NEW
        WHERE ID_USUARIO = P_ID_USUARIO_OLD 
          AND ID_ROL = P_ID_ROL_OLD;
        
        IF SQL%ROWCOUNT = 0 THEN
            DBMS_OUTPUT.PUT_LINE('Advertencia: No se encontró la asignación Usuario ' || P_ID_USUARIO_OLD || ' - Rol ' || P_ID_ROL_OLD);
        ELSE
            COMMIT;
            DBMS_OUTPUT.PUT_LINE('Asignación de rol actualizada exitosamente.');
        END IF;
    EXCEPTION
        WHEN DUP_VAL_ON_INDEX THEN
            ROLLBACK;
            DBMS_OUTPUT.PUT_LINE('Error: La nueva combinación ya existe.');
        WHEN VALUE_ERROR THEN
            ROLLBACK;
            DBMS_OUTPUT.PUT_LINE('Error: Formato de dato incorrecto o valor nulo en la actualización.');
        WHEN OTHERS THEN
            ROLLBACK;
            DBMS_OUTPUT.PUT_LINE('Error inesperado al actualizar (' || SQLCODE || '): ' || SQLERRM);
    END FIDE_USUARIOS_ROLES_EDITAR_SP;
    
    PROCEDURE FIDE_USUARIOS_ROLES_ELIMINAR_SP(
        P_ID_USUARIO IN FIDE_USUARIOS_ROLES_TB.ID_USUARIO%TYPE,
        P_ID_ROL IN FIDE_USUARIOS_ROLES_TB.ID_ROL%TYPE
    ) IS
    BEGIN
        DELETE FROM FIDE_USUARIOS_ROLES_TB
        WHERE ID_USUARIO = P_ID_USUARIO 
          AND ID_ROL = P_ID_ROL;
        
        IF SQL%ROWCOUNT = 0 THEN
            DBMS_OUTPUT.PUT_LINE('Advertencia: No se encontró la asignación Usuario ' || P_ID_USUARIO || ' - Rol ' || P_ID_ROL);
        ELSE
            COMMIT;
            DBMS_OUTPUT.PUT_LINE('Asignación de rol eliminada físicamente.');
        END IF;
    EXCEPTION
        WHEN VALUE_ERROR THEN
            ROLLBACK;
            DBMS_OUTPUT.PUT_LINE('Error: Valor incorrecto en la eliminación.');
        WHEN OTHERS THEN
            ROLLBACK;
            DBMS_OUTPUT.PUT_LINE('Error inesperado al eliminar (' || SQLCODE || '): ' || SQLERRM);
    END FIDE_USUARIOS_ROLES_ELIMINAR_SP;
    
    -- =============================================
    -- IMPLEMENTACIÓN PARA FIDE_DETALLE_TRANSACCION_TB
    -- =============================================
    
    PROCEDURE FIDE_DETALLE_TRANSACCION_INSERTAR_SP(
        P_ID_TRANSACCION IN FIDE_DETALLE_TRANSACCION_TB.ID_TRANSACCION%TYPE,
        P_CONCEPTO IN FIDE_DETALLE_TRANSACCION_TB.CONCEPTO%TYPE,
        P_SUB_TOTAL IN FIDE_DETALLE_TRANSACCION_TB.SUB_TOTAL%TYPE
    ) IS
    BEGIN
        INSERT INTO FIDE_DETALLE_TRANSACCION_TB(ID_TRANSACCION, CONCEPTO, SUB_TOTAL)
        VALUES (P_ID_TRANSACCION, P_CONCEPTO, P_SUB_TOTAL);
        COMMIT;
        DBMS_OUTPUT.PUT_LINE('Registro insertado correctamente en FIDE_DETALLE_TRANSACCION_TB.');
    EXCEPTION
        WHEN DUP_VAL_ON_INDEX THEN
            ROLLBACK;
            DBMS_OUTPUT.PUT_LINE('Error: El detalle de transacción ya existe.');
        WHEN VALUE_ERROR THEN
            ROLLBACK;
            DBMS_OUTPUT.PUT_LINE('Error: Formato de dato incorrecto o valor nulo en detalle de transacción.');
        WHEN OTHERS THEN
            ROLLBACK;
            DBMS_OUTPUT.PUT_LINE('Error inesperado (' || SQLCODE || '): ' || SQLERRM);
    END FIDE_DETALLE_TRANSACCION_INSERTAR_SP;
    
    PROCEDURE FIDE_DETALLE_TRANSACCION_EDITAR_SP(
        P_ID_DETALLE IN FIDE_DETALLE_TRANSACCION_TB.ID_DETALLE%TYPE,
        P_ID_TRANSACCION IN FIDE_DETALLE_TRANSACCION_TB.ID_TRANSACCION%TYPE,
        P_CONCEPTO IN FIDE_DETALLE_TRANSACCION_TB.CONCEPTO%TYPE,
        P_SUB_TOTAL IN FIDE_DETALLE_TRANSACCION_TB.SUB_TOTAL%TYPE
    ) IS
    BEGIN
        UPDATE FIDE_DETALLE_TRANSACCION_TB
        SET ID_TRANSACCION = P_ID_TRANSACCION,
            CONCEPTO = P_CONCEPTO,
            SUB_TOTAL = P_SUB_TOTAL
        WHERE ID_DETALLE = P_ID_DETALLE;
        
        IF SQL%ROWCOUNT = 0 THEN
            DBMS_OUTPUT.PUT_LINE('Advertencia: No se encontró el detalle con ID ' || P_ID_DETALLE);
        ELSE
            COMMIT;
            DBMS_OUTPUT.PUT_LINE('Detalle de transacción actualizado exitosamente.');
        END IF;
    EXCEPTION
        WHEN VALUE_ERROR THEN
            ROLLBACK;
            DBMS_OUTPUT.PUT_LINE('Error: Formato de dato incorrecto o valor nulo en la actualización.');
        WHEN OTHERS THEN
            ROLLBACK;
            DBMS_OUTPUT.PUT_LINE('Error inesperado al actualizar (' || SQLCODE || '): ' || SQLERRM);
    END FIDE_DETALLE_TRANSACCION_EDITAR_SP;
    
    PROCEDURE FIDE_DETALLE_TRANSACCION_ELIMINAR_SP(
        P_ID_DETALLE IN FIDE_DETALLE_TRANSACCION_TB.ID_DETALLE%TYPE
    ) IS
    BEGIN
        DELETE FROM FIDE_DETALLE_TRANSACCION_TB
        WHERE ID_DETALLE = P_ID_DETALLE;
        
        IF SQL%ROWCOUNT = 0 THEN
            DBMS_OUTPUT.PUT_LINE('Advertencia: No se encontró el detalle con ID ' || P_ID_DETALLE);
        ELSE
            COMMIT;
            DBMS_OUTPUT.PUT_LINE('Detalle de transacción eliminado físicamente.');
        END IF;
    EXCEPTION
        WHEN VALUE_ERROR THEN
            ROLLBACK;
            DBMS_OUTPUT.PUT_LINE('Error: Valor incorrecto en la eliminación.');
        WHEN OTHERS THEN
            ROLLBACK;
            DBMS_OUTPUT.PUT_LINE('Error inesperado al eliminar (' || SQLCODE || '): ' || SQLERRM);
    END FIDE_DETALLE_TRANSACCION_ELIMINAR_SP;

END ASEFIDE_PKG;
/

CREATE OR REPLACE FUNCTION FIDE_TOP5_USUARIOS_TRANSACCIONES_FN
RETURN NUMBER
IS
CURSOR CURSOR_TOP IS
SELECT *
FROM (
    SELECT U.ID_USUARIO,
           U.NOMBRE,
           U.APELLIDO_PATERNO,
           COUNT(T.ID_TRANSACCION) TOTAL_TRANSACCIONES
    FROM FIDE_USUARIO_TB U
    JOIN FIDE_TRANSACCION_TB T
    ON U.ID_USUARIO = T.ID_USUARIO
    GROUP BY U.ID_USUARIO, U.NOMBRE, U.APELLIDO_PATERNO
    ORDER BY TOTAL_TRANSACCIONES DESC
)
WHERE ROWNUM <= 5;

V_CONTADOR NUMBER := 0;

BEGIN
FOR USUARIO IN CURSOR_TOP
LOOP

V_CONTADOR := V_CONTADOR + 1;

DBMS_OUTPUT.PUT_LINE(
'USUARIO: ' || USUARIO.NOMBRE || ' ' || USUARIO.APELLIDO_PATERNO ||
' - TRANSACCIONES: ' || USUARIO.TOTAL_TRANSACCIONES);

END LOOP;

RETURN V_CONTADOR;

EXCEPTION
WHEN NO_DATA_FOUND THEN
DBMS_OUTPUT.PUT_LINE('NO SE ENCONTRARON DATOS');
RETURN 0;
WHEN TOO_MANY_ROWS THEN
DBMS_OUTPUT.PUT_LINE('DATOS DUPLICADOS');
RETURN -1;
WHEN OTHERS THEN
DBMS_OUTPUT.PUT_LINE('ERROR: ' || SQLERRM);
RETURN -1;

END;
/





SET SERVEROUTPUT ON;
CREATE OR REPLACE FUNCTION FIDE_CANTIDAD_TRANSACCIONES_USUARIO_FN(
P_ID_USUARIO NUMBER
)
RETURN NUMBER
IS
CURSOR CURSOR_TRANSACCIONES IS
SELECT *
FROM FIDE_TRANSACCION_TB
WHERE ID_USUARIO = P_ID_USUARIO;

V_CONTADOR NUMBER := 0;

BEGIN
FOR TRANS IN CURSOR_TRANSACCIONES
LOOP
V_CONTADOR := V_CONTADOR + 1;
END LOOP;

RETURN V_CONTADOR;

EXCEPTION

WHEN NO_DATA_FOUND THEN
DBMS_OUTPUT.PUT_LINE('USUARIO NO ENCONTRADO');
RETURN 0;
WHEN TOO_MANY_ROWS THEN
DBMS_OUTPUT.PUT_LINE('ERROR DE DATOS');
RETURN -1;
WHEN OTHERS THEN
DBMS_OUTPUT.PUT_LINE('ERROR: ' || SQLERRM);
RETURN -1;

END;
/



SET SERVEROUTPUT ON;
CREATE OR REPLACE FUNCTION FIDE_USUARIOS_MAYOR_AHORRO_FN(
P_MONTO NUMBER
)
RETURN NUMBER
IS
CURSOR CURSOR_AHORRO IS
SELECT U.NOMBRE,
       U.APELLIDO_PATERNO,
       A.SALDO_ACTUAL
FROM FIDE_USUARIO_TB U
JOIN FIDE_CUENTAS_AHORRO_TB A
ON U.ID_USUARIO = A.ID_USUARIO
WHERE A.SALDO_ACTUAL > P_MONTO;

V_CONTADOR NUMBER := 0;

BEGIN
FOR USUARIO IN CURSOR_AHORRO
LOOP

V_CONTADOR := V_CONTADOR + 1;

DBMS_OUTPUT.PUT_LINE(
USUARIO.NOMBRE || ' ' || USUARIO.APELLIDO_PATERNO ||
' - AHORRO: ' || USUARIO.SALDO_ACTUAL);

END LOOP;

RETURN V_CONTADOR;

EXCEPTION

WHEN NO_DATA_FOUND THEN
DBMS_OUTPUT.PUT_LINE('NO HAY RESULTADOS');
RETURN 0;
WHEN TOO_MANY_ROWS THEN
DBMS_OUTPUT.PUT_LINE('ERROR EN DATOS');
RETURN -1;
WHEN OTHERS THEN
DBMS_OUTPUT.PUT_LINE('ERROR: ' || SQLERRM);
RETURN -1;

END;
/



SET SERVEROUTPUT ON;
CREATE OR REPLACE FUNCTION FIDE_HISTORIAL_TRANSACCIONES_FN(
P_ID_USUARIO NUMBER
)
RETURN NUMBER
IS
CURSOR CURSOR_HISTORIAL IS
SELECT *
FROM FIDE_TRANSACCION_TB
WHERE ID_USUARIO = P_ID_USUARIO
ORDER BY FECHA_TRANSACCION;

V_CONTADOR NUMBER := 0;

BEGIN

FOR TRANS IN CURSOR_HISTORIAL
LOOP

V_CONTADOR := V_CONTADOR + 1;

DBMS_OUTPUT.PUT_LINE(
'TRANSACCION: ' || TRANS.ID_TRANSACCION ||
' - FECHA: ' || TRANS.FECHA_TRANSACCION ||
' - MONTO: ' || TRANS.MONTO_TOTAL);

END LOOP;

RETURN V_CONTADOR;

EXCEPTION
WHEN NO_DATA_FOUND THEN
DBMS_OUTPUT.PUT_LINE('NO HAY TRANSACCIONES');
RETURN 0;
WHEN TOO_MANY_ROWS THEN
DBMS_OUTPUT.PUT_LINE('ERROR EN DATOS');
RETURN -1;
WHEN OTHERS THEN
DBMS_OUTPUT.PUT_LINE('ERROR: ' || SQLERRM);
RETURN -1;

END;
/




SET SERVEROUTPUT ON;
CREATE OR REPLACE FUNCTION FIDE_REPORTE_AHORROS_USUARIO_FN(
P_ID_USUARIO NUMBER
)
RETURN NUMBER
IS
CURSOR CURSOR_REPORTE IS
SELECT *
FROM FIDE_CUENTAS_AHORRO_TB
WHERE ID_USUARIO = P_ID_USUARIO;

V_CONTADOR NUMBER := 0;

BEGIN
FOR AHORRO IN CURSOR_REPORTE
LOOP

V_CONTADOR := V_CONTADOR + 1;

DBMS_OUTPUT.PUT_LINE(
'CUENTA: ' || AHORRO.ID_AHORRO ||
' - MONTO APORTE: ' || AHORRO.MONTO_APORTE ||
' - SALDO ACTUAL: ' || AHORRO.SALDO_ACTUAL);

END LOOP;

RETURN V_CONTADOR;

EXCEPTION
WHEN NO_DATA_FOUND THEN
DBMS_OUTPUT.PUT_LINE('NO EXISTEN AHORROS');
RETURN 0;
WHEN TOO_MANY_ROWS THEN
DBMS_OUTPUT.PUT_LINE('ERROR EN DATOS');
RETURN -1;
WHEN OTHERS THEN
DBMS_OUTPUT.PUT_LINE('ERROR: ' || SQLERRM);
RETURN -1;

END;
/


--------------------------------------------------------------------------------------
--------------------------------- VISTAS --------------------------------
--------------------------------------------------------------------------------------

-- 1. Vista Usuarios Roles
CREATE OR REPLACE VIEW V_FIDE_USUARIOS_ROLES AS
SELECT U.ID_USUARIO,
       U.NOMBRE || ' ' || U.APELLIDO_PATERNO || ' ' || U.APELLIDO_MATERNO AS NOMBRE_COMPLETO,
       U.NOMBRE_USUARIO,
       R.NOMBRE_ROL,
       C.CORREO_ELECTRONICO,
       E.NOMBRE AS ESTADO_USUARIO
FROM FIDE_USUARIO_TB U
JOIN FIDE_ROL_TB R ON U.ID_ROL = R.ID_ROL
LEFT JOIN FIDE_CORREO_ELECTRONICO_TB C ON U.ID_CORREO = C.ID_CORREO
JOIN FIDE_ESTADO_TB E ON U.ID_ESTADO = E.ID_ESTADO;
/
SELECT * FROM V_FIDE_USUARIOS_ROLES;
/

-- 2. Vista Estado Préstamos
CREATE OR REPLACE VIEW V_FIDE_ESTADO_PRESTAMOS AS
SELECT P.ID_PRESTAMO,
       U.NOMBRE || ' ' || U.APELLIDO_PATERNO AS CLIENTE,
       P.MONTO_SOLICITADO,
       P.SALDO_PENDIENTE,
       P.TASA_INTERESES,
       P.PLAZO_MESES,
       P.FECHA_APROBACION,
       E.NOMBRE AS ESTADO_PRESTAMO
FROM FIDE_PRESTAMO_TB P
JOIN FIDE_USUARIO_TB U ON P.ID_USUARIO = U.ID_USUARIO
JOIN FIDE_ESTADO_TB E ON P.ID_ESTADO = E.ID_ESTADO;
/
SELECT * FROM V_FIDE_ESTADO_PRESTAMOS;
/

-- 3. Vista Resumen Ahorros
CREATE OR REPLACE VIEW V_FIDE_RESUMEN_AHORROS AS
SELECT A.ID_AHORRO,
       U.NOMBRE_USUARIO,
       TA.NOMBRE AS TIPO_AHORRO,
       A.MONTO_APORTE,
       A.SALDO_ACTUAL,
       A.FECHA_APERTURA,
       E.NOMBRE AS ESTADO_CUENTA
FROM FIDE_CUENTAS_AHORRO_TB A
JOIN FIDE_USUARIO_TB U ON A.ID_USUARIO = U.ID_USUARIO
JOIN FIDE_TIPO_AHORRO_TB TA ON A.ID_TIPO_AHORRO = TA.ID_TIPO_AHORRO
JOIN FIDE_ESTADO_TB E ON A.ID_ESTADO = E.ID_ESTADO;
/
SELECT * FROM V_FIDE_RESUMEN_AHORROS;
/

-- 4. Vista Actividades Programadas
CREATE OR REPLACE VIEW V_FIDE_ACTIVIDADES_PROGRAMADAS AS
SELECT AC.ID_ACTIVIDAD,
       AC.NOMBRE AS NOMBRE_ACTIVIDAD,
       AC.FECHA_EVENTO,
       AC.LUGAR,
       AC.CUPO_TOTAL,
       E.NOMBRE AS ESTADO_ACTIVIDAD
FROM FIDE_ACTIVIDAD_TB AC
JOIN FIDE_ESTADO_TB E ON AC.ID_ESTADO = E.ID_ESTADO;
/
SELECT * FROM V_FIDE_ACTIVIDADES_PROGRAMADAS;
/

--5. Vista materializada Top usuarios con más transacciones

CREATE MATERIALIZED VIEW FIDE_TOP_USUARIOS_TRANSACCIONES_VM
REFRESH COMPLETE ON DEMAND AS
SELECT *
FROM (
    SELECT U.ID_USUARIO,
           U.NOMBRE,
           U.APELLIDO_PATERNO,
           COUNT(T.ID_TRANSACCION) AS TOTAL_TRANSACCIONES
    FROM FIDE_USUARIO_TB U,
         FIDE_TRANSACCION_TB T
    WHERE U.ID_USUARIO = T.ID_USUARIO
    GROUP BY U.ID_USUARIO, U.NOMBRE, U.APELLIDO_PATERNO
    ORDER BY TOTAL_TRANSACCIONES DESC
)
WHERE ROWNUM <= 5;
/

--6. Vista materializada Usuarios con mayor ahorro

CREATE MATERIALIZED VIEW FIDE_USUARIOS_MAYOR_AHORRO_VM
REFRESH COMPLETE ON DEMAND AS
SELECT U.ID_USUARIO,
       U.NOMBRE,
       U.APELLIDO_PATERNO,
       A.SALDO_ACTUAL
FROM FIDE_USUARIO_TB U,
     FIDE_CUENTAS_AHORRO_TB A
WHERE U.ID_USUARIO = A.ID_USUARIO
ORDER BY A.SALDO_ACTUAL DESC;
/


--7. Vista materializada Historial de transacciones

CREATE MATERIALIZED VIEW FIDE_HISTORIAL_TRANSACCIONES_VM
REFRESH COMPLETE ON DEMAND AS
SELECT T.ID_TRANSACCION,
       T.FECHA_TRANSACCION,
       T.MONTO_TOTAL,
       U.ID_USUARIO,
       U.NOMBRE,
       U.APELLIDO_PATERNO
FROM FIDE_TRANSACCION_TB T,
     FIDE_USUARIO_TB U
WHERE T.ID_USUARIO = U.ID_USUARIO
ORDER BY T.FECHA_TRANSACCION DESC;
/


-- 8. VISTA NORMAL
CREATE OR REPLACE VIEW V_FIDE_USUARIOS_COMPLETOS AS
SELECT U.ID_USUARIO,
       U.IDENTIFICACION,
       U.NOMBRE,
       U.APELLIDO_PATERNO,
       U.APELLIDO_MATERNO,
       U.NOMBRE_USUARIO,
       C.CORREO_ELECTRONICO,
       N.NUMERO_TELEFONO,
       E.NOMBRE AS ESTADO_USUARIO,
       D.FECHA_AFILIACION
FROM FIDE_USUARIO_TB U
LEFT JOIN FIDE_CORREO_ELECTRONICO_TB C ON U.ID_CORREO = C.ID_CORREO
LEFT JOIN FIDE_NUMERO_TELEFONO_TB N ON U.ID_NUMERO = N.ID_NUMERO
JOIN FIDE_ESTADO_TB E ON U.ID_ESTADO = E.ID_ESTADO
LEFT JOIN FIDE_DATOS_ASOCIADOS_TB D ON U.ID_DATOS_ASOCIADOS = D.ID_DATOS_ASOCIADOS;
/

SELECT * FROM V_FIDE_USUARIOS_COMPLETOS;
/

-- 9. VISTA MATERIALIZADA: Top 10 usuarios con menos ahorros
CREATE MATERIALIZED VIEW FIDE_TOP10_MENOS_AHORROS_VM
REFRESH COMPLETE ON DEMAND AS
SELECT *
FROM (
    SELECT U.ID_USUARIO,
           U.NOMBRE,
           U.APELLIDO_PATERNO,
           NVL(SUM(A.SALDO_ACTUAL), 0) AS TOTAL_AHORRO
    FROM FIDE_USUARIO_TB U
    LEFT JOIN FIDE_CUENTAS_AHORRO_TB A ON U.ID_USUARIO = A.ID_USUARIO
    GROUP BY U.ID_USUARIO, U.NOMBRE, U.APELLIDO_PATERNO
    ORDER BY TOTAL_AHORRO ASC
)
WHERE ROWNUM <= 10;
/


-- 10. VISTA MATERIALIZADA Usuarios registrados en el último mes
CREATE MATERIALIZED VIEW FIDE_USUARIOS_ULTIMO_MES_VM
REFRESH COMPLETE ON DEMAND AS
SELECT U.ID_USUARIO,
       U.NOMBRE,
       U.APELLIDO_PATERNO,
       U.APELLIDO_MATERNO,
       U.NOMBRE_USUARIO,
       D.FECHA_AFILIACION
FROM FIDE_USUARIO_TB U
JOIN FIDE_DATOS_ASOCIADOS_TB D ON U.ID_DATOS_ASOCIADOS = D.ID_DATOS_ASOCIADOS
WHERE D.FECHA_AFILIACION >= ADD_MONTHS(SYSDATE, -1)
ORDER BY D.FECHA_AFILIACION DESC;
/

-- 11. Vista Aportes por Usuario
CREATE OR REPLACE VIEW V_FIDE_APORTES_USUARIO AS
SELECT U.ID_USUARIO,
       U.NOMBRE || ' ' || U.APELLIDO_PATERNO || ' ' || U.APELLIDO_MATERNO AS NOMBRE_COMPLETO,
       U.NOMBRE_USUARIO,
       DA.APORTE_MENSUAL,
       DA.FECHA_AFILIACION,
       E.NOMBRE AS ESTADO_USUARIO
FROM FIDE_USUARIO_TB U
JOIN FIDE_DATOS_ASOCIADOS_TB DA ON U.ID_DATOS_ASOCIADOS = DA.ID_DATOS_ASOCIADOS
JOIN FIDE_ESTADO_TB E ON U.ID_ESTADO = E.ID_ESTADO;
/


-- 12. Vista Ahorros del Usuario
CREATE OR REPLACE VIEW V_FIDE_AHORROS_USUARIO AS
SELECT 
    U.ID_USUARIO,
    
    U.NOMBRE || ' ' || U.APELLIDO_PATERNO || ' ' || U.APELLIDO_MATERNO 
        AS NOMBRE_COMPLETO,
        
    U.NOMBRE_USUARIO,
    
    CA.ID_AHORRO,
    CA.FECHA_APERTURA,
    CA.MONTO_APORTE,
    CA.SALDO_ACTUAL,
    
    TA.NOMBRE AS TIPO_AHORRO,
    
    E.NOMBRE AS ESTADO_CUENTA

FROM FIDE_USUARIO_TB U
JOIN FIDE_CUENTAS_AHORRO_TB CA ON U.ID_USUARIO = CA.ID_USUARIO
JOIN FIDE_TIPO_AHORRO_TB TA ON CA.ID_TIPO_AHORRO = TA.ID_TIPO_AHORRO
JOIN FIDE_ESTADO_TB E ON CA.ID_ESTADO = E.ID_ESTADO;
/


-- 13. Vista Préstamos con detalle completo
CREATE OR REPLACE VIEW V_FIDE_PRESTAMOS_DETALLE AS
SELECT 
    U.NOMBRE || ' ' || U.APELLIDO_PATERNO || ' ' || NVL(U.APELLIDO_MATERNO, '') AS NOMBRE_ASOCIADO,
    P.MONTO_SOLICITADO,
    P.SALDO_PENDIENTE,
    (SELECT COUNT(PP.ID_PAGO) FROM FIDE_PAGOS_PRESTAMOS_TB PP WHERE PP.ID_PRESTAMO = P.ID_PRESTAMO) AS CUOTAS_PAGADAS,
    (P.PLAZO_MESES - (SELECT COUNT(PP.ID_PAGO) FROM FIDE_PAGOS_PRESTAMOS_TB PP WHERE PP.ID_PRESTAMO = P.ID_PRESTAMO)) AS CUOTAS_PENDIENTES,
    ADD_MONTHS(P.FECHA_APROBACION, P.PLAZO_MESES) AS FECHA_VENCIMIENTO,
    P.TASA_INTERESES AS TASA_INTERES,
    E.NOMBRE AS ESTADO
FROM FIDE_PRESTAMO_TB P
JOIN FIDE_USUARIO_TB U ON P.ID_USUARIO = U.ID_USUARIO
JOIN FIDE_ESTADO_TB E ON P.ID_ESTADO = E.ID_ESTADO;
/


-- 14. Vista Transacciones recientes
CREATE OR REPLACE VIEW V_FIDE_TRANSACCIONES_RECIENTES AS
SELECT * FROM (
    SELECT 
        U.NOMBRE_USUARIO,
        TT.NOMBRE AS TIPO_TRANSACCION,
        T.MONTO_TOTAL AS MONTO,
        T.FECHA_TRANSACCION,
        DT.CONCEPTO AS DESCRIPCION
    FROM FIDE_TRANSACCION_TB T
    JOIN FIDE_USUARIO_TB U ON T.ID_USUARIO = U.ID_USUARIO
    JOIN FIDE_TIPO_TRANSACCION_TB TT ON T.ID_TIPO_TRANSACCION = TT.ID_TIPO_TRANSACCION
    LEFT JOIN FIDE_DETALLE_TRANSACCION_TB DT ON T.ID_TRANSACCION = DT.ID_TRANSACCION
    ORDER BY T.FECHA_TRANSACCION DESC
)
WHERE ROWNUM <= 20;
/


-- 15. Vista Asociados nuevos este mes
CREATE OR REPLACE VIEW V_FIDE_ASOCIADOS_NUEVOS_MES AS
SELECT 
    U.NOMBRE || ' ' || U.APELLIDO_PATERNO || ' ' || NVL(U.APELLIDO_MATERNO, '') AS NOMBRE_COMPLETO,
    C.CORREO_ELECTRONICO AS CORREO,
    DA.FECHA_AFILIACION,
    E.NOMBRE AS ESTADO,
    DA.APORTE_MENSUAL
FROM FIDE_USUARIO_TB U
JOIN FIDE_DATOS_ASOCIADOS_TB DA ON U.ID_DATOS_ASOCIADOS = DA.ID_DATOS_ASOCIADOS
LEFT JOIN FIDE_CORREO_ELECTRONICO_TB C ON U.ID_CORREO = C.ID_CORREO
JOIN FIDE_ESTADO_TB E ON U.ID_ESTADO = E.ID_ESTADO
WHERE TO_CHAR(DA.FECHA_AFILIACION, 'YYYY-MM') = TO_CHAR(SYSDATE, 'YYYY-MM');
/


-- 16. Vista Servicios más solicitados
CREATE OR REPLACE VIEW V_FIDE_SERVICIOS_MAS_SOLICITADOS AS
SELECT 
    S.NOMBRE_SERVICIO,
    0 AS TOTAL_SOLICITUDES,
    S.STOCK AS STOCK_DISPONIBLE,
    S.VALOR_ESTIMADO
FROM FIDE_SERVICIO_TB S
ORDER BY S.STOCK ASC;
/


-- 17. Vista Actividades con sus inscritos
CREATE OR REPLACE VIEW V_FIDE_ACTIVIDADES_CON_INSCRITOS AS
SELECT 
    A.NOMBRE AS NOMBRE_ACTIVIDAD,
    A.FECHA_EVENTO,
    A.LUGAR,
    COUNT(I.ID_INSCRIPCION) AS TOTAL_INSCRITOS,
    (A.CUPO_TOTAL - COUNT(I.ID_INSCRIPCION)) AS CUPO_DISPONIBLE
FROM FIDE_ACTIVIDAD_TB A
LEFT JOIN FIDE_INSCRIPCIONES_ACTIVIDAD_TB I ON A.ID_ACTIVIDAD = I.ID_ACTIVIDAD
GROUP BY A.ID_ACTIVIDAD, A.NOMBRE, A.FECHA_EVENTO, A.LUGAR, A.CUPO_TOTAL;
/


-- 18. Vista Top 10 asociados con más ahorros
CREATE OR REPLACE VIEW V_FIDE_TOP10_MAS_AHORROS AS
SELECT * FROM (
    SELECT 
        U.NOMBRE || ' ' || U.APELLIDO_PATERNO || ' ' || NVL(U.APELLIDO_MATERNO, '') AS NOMBRE_COMPLETO,
        SUM(A.SALDO_ACTUAL) AS TOTAL_AHORRO,
        COUNT(A.ID_AHORRO) AS CANTIDAD_CUENTAS
    FROM FIDE_USUARIO_TB U
    JOIN FIDE_CUENTAS_AHORRO_TB A ON U.ID_USUARIO = A.ID_USUARIO
    GROUP BY U.ID_USUARIO, U.NOMBRE, U.APELLIDO_PATERNO, U.APELLIDO_MATERNO
    ORDER BY TOTAL_AHORRO DESC
)
WHERE ROWNUM <= 10;
/


-- 19. Vista Top 5 usuarios con más transacciones
CREATE OR REPLACE VIEW V_FIDE_TOP5_TRANSACCIONES AS
SELECT * FROM (
    SELECT 
        U.NOMBRE || ' ' || U.APELLIDO_PATERNO || ' ' || NVL(U.APELLIDO_MATERNO, '') AS NOMBRE_COMPLETO,
        COUNT(T.ID_TRANSACCION) AS TOTAL_TRANSACCIONES,
        SUM(T.MONTO_TOTAL) AS MONTO_TOTAL
    FROM FIDE_USUARIO_TB U
    JOIN FIDE_TRANSACCION_TB T ON U.ID_USUARIO = T.ID_USUARIO
    GROUP BY U.ID_USUARIO, U.NOMBRE, U.APELLIDO_PATERNO, U.APELLIDO_MATERNO
    ORDER BY TOTAL_TRANSACCIONES DESC
)
WHERE ROWNUM <= 5;
/


-- 20. Vista Usuarios registrados último mes
CREATE OR REPLACE VIEW V_FIDE_USUARIOS_ULTIMO_MES AS
SELECT 
    U.NOMBRE || ' ' || U.APELLIDO_PATERNO || ' ' || NVL(U.APELLIDO_MATERNO, '') AS NOMBRE_COMPLETO,
    DA.FECHA_AFILIACION,
    C.CORREO_ELECTRONICO AS CORREO,
    E.NOMBRE AS ESTADO
FROM FIDE_USUARIO_TB U
JOIN FIDE_DATOS_ASOCIADOS_TB DA ON U.ID_DATOS_ASOCIADOS = DA.ID_DATOS_ASOCIADOS
LEFT JOIN FIDE_CORREO_ELECTRONICO_TB C ON U.ID_CORREO = C.ID_CORREO
JOIN FIDE_ESTADO_TB E ON U.ID_ESTADO = E.ID_ESTADO
WHERE DA.FECHA_AFILIACION >= ADD_MONTHS(SYSDATE, -1);
/


-- 21. Vista Resumen de estados del sistema
CREATE OR REPLACE VIEW V_FIDE_RESUMEN_ESTADOS AS
SELECT 
    E.NOMBRE AS ESTADO,
    (SELECT COUNT(U.ID_USUARIO) FROM FIDE_USUARIO_TB U WHERE U.ID_ESTADO = E.ID_ESTADO) AS TOTAL_USUARIOS,
    (SELECT COUNT(P.ID_PRESTAMO) FROM FIDE_PRESTAMO_TB P WHERE P.ID_ESTADO = E.ID_ESTADO) AS TOTAL_PRESTAMOS,
    (SELECT COUNT(A.ID_AHORRO) FROM FIDE_CUENTAS_AHORRO_TB A WHERE A.ID_ESTADO = E.ID_ESTADO) AS TOTAL_CUENTAS_AHORRO,
    (SELECT COUNT(AC.ID_ACTIVIDAD) FROM FIDE_ACTIVIDAD_TB AC WHERE AC.ID_ESTADO = E.ID_ESTADO) AS TOTAL_ACTIVIDADES
FROM FIDE_ESTADO_TB E;
/


-- 22. Vista Cuentas ahorro por tipo y estado
CREATE OR REPLACE VIEW V_FIDE_AHORROS_POR_TIPO_ESTADO AS
SELECT 
    TA.NOMBRE AS TIPO_AHORRO,
    E.NOMBRE AS ESTADO,
    COUNT(A.ID_AHORRO) AS CANTIDAD_CUENTAS,
    SUM(A.SALDO_ACTUAL) AS SALDO_TOTAL,
    (SUM(A.SALDO_ACTUAL) / NULLIF(COUNT(A.ID_AHORRO), 0)) AS PROMEDIO_SALDO
FROM FIDE_CUENTAS_AHORRO_TB A
JOIN FIDE_TIPO_AHORRO_TB TA ON A.ID_TIPO_AHORRO = TA.ID_TIPO_AHORRO
JOIN FIDE_ESTADO_TB E ON A.ID_ESTADO = E.ID_ESTADO
GROUP BY TA.NOMBRE, E.NOMBRE;
/


-- 23. Vista Mis préstamos
CREATE OR REPLACE VIEW V_FIDE_MIS_PRESTAMOS AS
SELECT 
    U.NOMBRE_USUARIO,
    P.MONTO_SOLICITADO,
    P.SALDO_PENDIENTE,
    (SELECT COUNT(PP.ID_PAGO) FROM FIDE_PAGOS_PRESTAMOS_TB PP WHERE PP.ID_PRESTAMO = P.ID_PRESTAMO) AS CUOTAS_PAGADAS,
    (P.PLAZO_MESES - (SELECT COUNT(PP.ID_PAGO) FROM FIDE_PAGOS_PRESTAMOS_TB PP WHERE PP.ID_PRESTAMO = P.ID_PRESTAMO)) AS CUOTAS_PENDIENTES,
    ADD_MONTHS(P.FECHA_APROBACION, (SELECT COUNT(PP.ID_PAGO) FROM FIDE_PAGOS_PRESTAMOS_TB PP WHERE PP.ID_PRESTAMO = P.ID_PRESTAMO) + 1) AS PROXIMA_FECHA_PAGO,
    E.NOMBRE AS ESTADO
FROM FIDE_PRESTAMO_TB P
JOIN FIDE_USUARIO_TB U ON P.ID_USUARIO = U.ID_USUARIO
JOIN FIDE_ESTADO_TB E ON P.ID_ESTADO = E.ID_ESTADO;
/


-- 24. Vista Mis transacciones recientes
CREATE OR REPLACE VIEW V_FIDE_MIS_TRANSACCIONES AS
SELECT 
    U.NOMBRE_USUARIO,
    TT.NOMBRE AS TIPO_TRANSACCION,
    T.MONTO_TOTAL AS MONTO,
    T.FECHA_TRANSACCION,
    DT.CONCEPTO AS DESCRIPCION
FROM FIDE_TRANSACCION_TB T
JOIN FIDE_USUARIO_TB U ON T.ID_USUARIO = U.ID_USUARIO
JOIN FIDE_TIPO_TRANSACCION_TB TT ON T.ID_TIPO_TRANSACCION = TT.ID_TIPO_TRANSACCION
LEFT JOIN FIDE_DETALLE_TRANSACCION_TB DT ON T.ID_TRANSACCION = DT.ID_TRANSACCION
ORDER BY T.FECHA_TRANSACCION DESC;
/


-- 25. Vista Mis inscripciones a actividades
CREATE OR REPLACE VIEW V_FIDE_MIS_INSCRIPCIONES AS
SELECT 
    U.NOMBRE_USUARIO,
    A.NOMBRE AS NOMBRE_ACTIVIDAD,
    A.FECHA_EVENTO,
    A.LUGAR,
    E.NOMBRE AS ESTADO_INSCRIPCION
FROM FIDE_INSCRIPCIONES_ACTIVIDAD_TB I
JOIN FIDE_USUARIO_TB U ON I.ID_USUARIO = U.ID_USUARIO
JOIN FIDE_ACTIVIDAD_TB A ON I.ID_ACTIVIDAD = A.ID_ACTIVIDAD
JOIN FIDE_ESTADO_TB E ON I.ID_ESTADO = E.ID_ESTADO;
/


-- 26. Vista Beneficios con detalle
CREATE OR REPLACE VIEW V_FIDE_BENEFICIOS_DETALLE AS
SELECT 
    B.NOMBRE_BENEFICIO,
    B.DESCRIPCION,
    C.NOMBRE AS CATEGORIA,
    E.NOMBRE AS VIGENCIA
FROM FIDE_BENEFICIO_TB B
JOIN FIDE_CATEGORIA_TB C ON B.ID_CATEGORIA = C.ID_CATEGORIA
JOIN FIDE_ESTADO_TB E ON B.ID_ESTADO = E.ID_ESTADO;
/


-- 27. Vista Historial de aportes del asociado
CREATE OR REPLACE VIEW V_FIDE_HISTORIAL_APORTES AS
SELECT 
    U.NOMBRE_USUARIO,
    TO_NUMBER(TO_CHAR(T.FECHA_TRANSACCION, 'MM')) AS MES,
    TO_NUMBER(TO_CHAR(T.FECHA_TRANSACCION, 'YYYY')) AS ANIO,
    DT.SUB_TOTAL AS MONTO_APORTE,
    E.NOMBRE AS ESTADO_PAGO
FROM FIDE_TRANSACCION_TB T
JOIN FIDE_USUARIO_TB U ON T.ID_USUARIO = U.ID_USUARIO
JOIN FIDE_ESTADO_TB E ON T.ID_ESTADO = E.ID_ESTADO
JOIN FIDE_DETALLE_TRANSACCION_TB DT ON T.ID_TRANSACCION = DT.ID_TRANSACCION
WHERE UPPER(DT.CONCEPTO) LIKE '%APORTE%';
/


-- PARA ACTUALIZAR LAS VISTAS MATERIALIZADAS
-- EXEC DBMS_MVIEW.REFRESH('FIDE_TOP10_MENOS_AHORROS_VM');
-- EXEC DBMS_MVIEW.REFRESH('FIDE_USUARIOS_ULTIMO_MES_VM');



--24 marzo


--ALTER PARA INCLUIR IMAGENES DE USUARIOS--
ALTER TABLE FIDE_USUARIO_TB
ADD (IMAGEN VARCHAR2(1000));


--ALTER PARA INCLUIR ATRIBUTOS DE AUDITORÍA-

ALTER TABLE FIDE_ESTADO_TB
ADD (FECHA_CREACION TIMESTAMP,
FECHA_MODIFICACION TIMESTAMP,
CREADO_POR VARCHAR2(100),
MODIFICADO_POR VARCHAR2(100),
ACCION VARCHAR2(100));


ALTER TABLE FIDE_ROL_TB
ADD (FECHA_CREACION TIMESTAMP,
FECHA_MODIFICACION TIMESTAMP,
CREADO_POR VARCHAR2(100),
MODIFICADO_POR VARCHAR2(100),
ACCION VARCHAR2(100));


ALTER TABLE FIDE_DIRECCION_TB
ADD (FECHA_CREACION TIMESTAMP,
FECHA_MODIFICACION TIMESTAMP,
CREADO_POR VARCHAR2(100),
MODIFICADO_POR VARCHAR2(100),
ACCION VARCHAR2(100));


ALTER TABLE FIDE_NUMERO_TELEFONO_TB
ADD (FECHA_CREACION TIMESTAMP,
FECHA_MODIFICACION TIMESTAMP,
CREADO_POR VARCHAR2(100),
MODIFICADO_POR VARCHAR2(100),
ACCION VARCHAR2(100));


ALTER TABLE FIDE_CORREO_ELECTRONICO_TB
ADD (FECHA_CREACION TIMESTAMP,
FECHA_MODIFICACION TIMESTAMP,
CREADO_POR VARCHAR2(100),
MODIFICADO_POR VARCHAR2(100),
ACCION VARCHAR2(100));


ALTER TABLE FIDE_PUESTO_EMPRESA_ASOCIADO_TB
ADD (FECHA_CREACION TIMESTAMP,
FECHA_MODIFICACION TIMESTAMP,
CREADO_POR VARCHAR2(100),
MODIFICADO_POR VARCHAR2(100),
ACCION VARCHAR2(100));


ALTER TABLE FIDE_CATEGORIA_TB
ADD (FECHA_CREACION TIMESTAMP,
FECHA_MODIFICACION TIMESTAMP,
CREADO_POR VARCHAR2(100),
MODIFICADO_POR VARCHAR2(100),
ACCION VARCHAR2(100));


ALTER TABLE FIDE_TIPO_TRANSACCION_TB
ADD (FECHA_CREACION TIMESTAMP,
FECHA_MODIFICACION TIMESTAMP,
CREADO_POR VARCHAR2(100),
MODIFICADO_POR VARCHAR2(100),
ACCION VARCHAR2(100));


ALTER TABLE FIDE_TIPO_AHORRO_TB
ADD (FECHA_CREACION TIMESTAMP,
FECHA_MODIFICACION TIMESTAMP,
CREADO_POR VARCHAR2(100),
MODIFICADO_POR VARCHAR2(100),
ACCION VARCHAR2(100));


ALTER TABLE FIDE_MODULO_TB
ADD (FECHA_CREACION TIMESTAMP,
FECHA_MODIFICACION TIMESTAMP,
CREADO_POR VARCHAR2(100),
MODIFICADO_POR VARCHAR2(100),
ACCION VARCHAR2(100));


ALTER TABLE FIDE_TIPO_REPORTE_TB
ADD (FECHA_CREACION TIMESTAMP,
FECHA_MODIFICACION TIMESTAMP,
CREADO_POR VARCHAR2(100),
MODIFICADO_POR VARCHAR2(100),
ACCION VARCHAR2(100));


ALTER TABLE FIDE_DATOS_ASOCIADOS_TB
ADD (FECHA_CREACION TIMESTAMP,
FECHA_MODIFICACION TIMESTAMP,
CREADO_POR VARCHAR2(100),
MODIFICADO_POR VARCHAR2(100),
ACCION VARCHAR2(100));


ALTER TABLE FIDE_USUARIO_TB
ADD (FECHA_CREACION TIMESTAMP,
FECHA_MODIFICACION TIMESTAMP,
CREADO_POR VARCHAR2(100),
MODIFICADO_POR VARCHAR2(100),
ACCION VARCHAR2(100));


ALTER TABLE FIDE_USUARIOS_ROLES_TB
ADD (FECHA_CREACION TIMESTAMP,
FECHA_MODIFICACION TIMESTAMP,
CREADO_POR VARCHAR2(100),
MODIFICADO_POR VARCHAR2(100),
ACCION VARCHAR2(100));


ALTER TABLE FIDE_BENEFICIO_TB
ADD (FECHA_CREACION TIMESTAMP,
FECHA_MODIFICACION TIMESTAMP,
CREADO_POR VARCHAR2(100),
MODIFICADO_POR VARCHAR2(100),
ACCION VARCHAR2(100));


ALTER TABLE FIDE_SERVICIO_TB
ADD (FECHA_CREACION TIMESTAMP,
FECHA_MODIFICACION TIMESTAMP,
CREADO_POR VARCHAR2(100),
MODIFICADO_POR VARCHAR2(100),
ACCION VARCHAR2(100));


ALTER TABLE FIDE_TRANSACCION_TB
ADD (FECHA_CREACION TIMESTAMP,
FECHA_MODIFICACION TIMESTAMP,
CREADO_POR VARCHAR2(100),
MODIFICADO_POR VARCHAR2(100),
ACCION VARCHAR2(100));


ALTER TABLE FIDE_DETALLE_TRANSACCION_TB
ADD (FECHA_CREACION TIMESTAMP,
FECHA_MODIFICACION TIMESTAMP,
CREADO_POR VARCHAR2(100),
MODIFICADO_POR VARCHAR2(100),
ACCION VARCHAR2(100));


ALTER TABLE FIDE_CUENTAS_AHORRO_TB
ADD (FECHA_CREACION TIMESTAMP,
FECHA_MODIFICACION TIMESTAMP,
CREADO_POR VARCHAR2(100),
MODIFICADO_POR VARCHAR2(100),
ACCION VARCHAR2(100));


ALTER TABLE FIDE_MOVIMIENTOS_AHORRO_TB
ADD (FECHA_CREACION TIMESTAMP,
FECHA_MODIFICACION TIMESTAMP,
CREADO_POR VARCHAR2(100),
MODIFICADO_POR VARCHAR2(100),
ACCION VARCHAR2(100));


ALTER TABLE FIDE_PRESTAMO_TB
ADD (FECHA_CREACION TIMESTAMP,
FECHA_MODIFICACION TIMESTAMP,
CREADO_POR VARCHAR2(100),
MODIFICADO_POR VARCHAR2(100),
ACCION VARCHAR2(100));


ALTER TABLE FIDE_PAGOS_PRESTAMOS_TB
ADD (FECHA_CREACION TIMESTAMP,
FECHA_MODIFICACION TIMESTAMP,
CREADO_POR VARCHAR2(100),
MODIFICADO_POR VARCHAR2(100),
ACCION VARCHAR2(100));


ALTER TABLE FIDE_ACTIVIDAD_TB
ADD (FECHA_CREACION TIMESTAMP,
FECHA_MODIFICACION TIMESTAMP,
CREADO_POR VARCHAR2(100),
MODIFICADO_POR VARCHAR2(100),
ACCION VARCHAR2(100));


ALTER TABLE FIDE_INSCRIPCIONES_ACTIVIDAD_TB
ADD (FECHA_CREACION TIMESTAMP,
FECHA_MODIFICACION TIMESTAMP,
CREADO_POR VARCHAR2(100),
MODIFICADO_POR VARCHAR2(100),
ACCION VARCHAR2(100));


ALTER TABLE FIDE_REPORTES_TB
ADD (FECHA_CREACION TIMESTAMP,
FECHA_MODIFICACION TIMESTAMP,
CREADO_POR VARCHAR2(100),
MODIFICADO_POR VARCHAR2(100),
ACCION VARCHAR2(100));


ALTER TABLE FIDE_RESULTADOS_REPORTE_TB
ADD (FECHA_CREACION TIMESTAMP,
FECHA_MODIFICACION TIMESTAMP,
CREADO_POR VARCHAR2(100),
MODIFICADO_POR VARCHAR2(100),
ACCION VARCHAR2(100));


   -- ACTUALIZACIÓN Función Ordenar Usuarios Alfabéticamente
    FUNCTION FIDE_ORDENAR_USUARIOS_ALFABETICO_FN 
RETURN SYS_REFCURSOR 
IS
    V_CURSOR SYS_REFCURSOR;
BEGIN
    OPEN V_CURSOR FOR
        SELECT 
            U.ID_USUARIO,
            U.NOMBRE || ' ' || U.APELLIDO_PATERNO || ' ' || U.APELLIDO_MATERNO AS NOMBRE_COMPLETO,
            U.NOMBRE_USUARIO,
            T.NUMERO_TELEFONO,
            C.CORREO_ELECTRONICO,
            D.DISTRITO,
            DA.APORTE_MENSUAL,
            E.NOMBRE AS ESTADO
        FROM FIDE_USUARIO_TB U
        LEFT JOIN FIDE_NUMERO_TELEFONO_TB T ON U.ID_NUMERO = T.ID_NUMERO
        LEFT JOIN FIDE_CORREO_ELECTRONICO_TB C ON U.ID_CORREO = C.ID_CORREO
        LEFT JOIN FIDE_DIRECCION_TB D ON U.ID_DIRECCION = D.ID_DIRECCION
        LEFT JOIN FIDE_DATOS_ASOCIADOS_TB DA ON U.ID_DATOS_ASOCIADOS = DA.ID_DATOS_ASOCIADOS
        LEFT JOIN FIDE_ESTADO_TB E ON U.ID_ESTADO = E.ID_ESTADO
        ORDER BY 
            U.NOMBRE ASC, 
            U.APELLIDO_PATERNO ASC, 
            U.APELLIDO_MATERNO ASC;

    RETURN V_CURSOR;

EXCEPTION
    WHEN OTHERS THEN
        RETURN NULL;
END FIDE_ORDENAR_USUARIOS_ALFABETICO_FN;


--SEQUENCIAS Y TRIGGERS PARA LOS REPORTES--

--SECUENCIA
CREATE SEQUENCE FIDE_REPORTES_SEQ
START WITH 1
INCREMENT BY 1;
/

--FUNCION NUMERICA DE REPORTES
CREATE OR REPLACE FUNCTION FIDE_REPORTE_NUM_FN
RETURN NUMBER AS
V_FECHA VARCHAR2(10);
V_VALOR NUMBER;
BEGIN
V_FECHA:=TO_CHAR(SYSDATE, 'DDMMYYYY');
V_VALOR:=TO_NUMBER(V_FECHA|| LPAD(FIDE_REPORTES_SEQ.NEXTVAL, 7, 0));
RETURN V_VALOR;
END;
/

--PARA PROBAR LA FUNCIÓN
SELECT FIDE_REPORTE_NUM_FN FROM DUAL;

SET SERVEROUTPUT ON;

-- PARTE 1: SECUENCIA PARA REPORTES

CREATE SEQUENCE FIDE_REPORTES_SEQ
START WITH 1
INCREMENT BY 1;
/

SELECT FIDE_REPORTES_SEQ.NEXTVAL FROM DUAL;
/

CREATE OR REPLACE FUNCTION FIDE_SEQUENCIA_NUMERICA_REPORTE_FN
RETURN NUMBER AS
V_FECHA VARCHAR2(10);
V_VALOR NUMBER;
BEGIN
V_FECHA:=TO_CHAR(SYSDATE, 'DDMMYYYY');
V_VALOR:=TO_NUMBER(V_FECHA|| LPAD(FIDE_REPORTES_SEQ.NEXTVAL, 7, 0));
RETURN V_VALOR;
END;
/

SELECT FIDE_SEQUENCIA_NUMERICA_REPORTE_FN FROM DUAL;
/

-- PARTE 2: TRIGGERS DE AUDITORÍA

-- TRIGGER FIDE_ESTADO_TB
CREATE OR REPLACE TRIGGER FIDE_ESTADO_INSERT_TRG
BEFORE INSERT ON FIDE_ESTADO_TB
FOR EACH ROW
BEGIN
:NEW.FECHA_CREACION:=SYSTIMESTAMP;
:NEW.CREADO_POR:=SYS_CONTEXT('USERENV','SESSION_USER');
:NEW.ACCION:= 'INSERT';
:NEW.ID_ESTADO:= 1;
END FIDE_ESTADO_INSERT_TRG;
/

CREATE OR REPLACE TRIGGER FIDE_ESTADO_UPDATE_TRG
BEFORE UPDATE ON FIDE_ESTADO_TB
FOR EACH ROW
BEGIN
:NEW.FECHA_MODIFICACION:=SYSTIMESTAMP;
:NEW.MODIFICADO_POR:=SYS_CONTEXT('USERENV','SESSION_USER');
:NEW.ACCION:= 'UPDATE';
END FIDE_ESTADO_UPDATE_TRG;
/

-- TRIGGER FIDE_ROL_TB
CREATE OR REPLACE TRIGGER FIDE_ROL_INSERT_TRG
BEFORE INSERT ON FIDE_ROL_TB
FOR EACH ROW
BEGIN
:NEW.FECHA_CREACION:=SYSTIMESTAMP;
:NEW.CREADO_POR:=SYS_CONTEXT('USERENV','SESSION_USER');
:NEW.ACCION:= 'INSERT';
:NEW.ID_ESTADO:= 1;
END FIDE_ROL_INSERT_TRG;
/

CREATE OR REPLACE TRIGGER FIDE_ROL_UPDATE_TRG
BEFORE UPDATE ON FIDE_ROL_TB
FOR EACH ROW
BEGIN
:NEW.FECHA_MODIFICACION:=SYSTIMESTAMP;
:NEW.MODIFICADO_POR:=SYS_CONTEXT('USERENV','SESSION_USER');
:NEW.ACCION:= 'UPDATE';
END FIDE_ROL_UPDATE_TRG;
/

-- TRIGGER FIDE_DIRECCION_TB
CREATE OR REPLACE TRIGGER FIDE_DIRECCION_INSERT_TRG
BEFORE INSERT ON FIDE_DIRECCION_TB
FOR EACH ROW
BEGIN
:NEW.FECHA_CREACION:=SYSTIMESTAMP;
:NEW.CREADO_POR:=SYS_CONTEXT('USERENV','SESSION_USER');
:NEW.ACCION:= 'INSERT';
:NEW.ID_ESTADO:= 1;
END FIDE_DIRECCION_INSERT_TRG;
/

CREATE OR REPLACE TRIGGER FIDE_DIRECCION_UPDATE_TRG
BEFORE UPDATE ON FIDE_DIRECCION_TB
FOR EACH ROW
BEGIN
:NEW.FECHA_MODIFICACION:=SYSTIMESTAMP;
:NEW.MODIFICADO_POR:=SYS_CONTEXT('USERENV','SESSION_USER');
:NEW.ACCION:= 'UPDATE';
END FIDE_DIRECCION_UPDATE_TRG;
/

-- TRIGGER FIDE_NUMERO_TELEFONO_TB
CREATE OR REPLACE TRIGGER FIDE_NUMERO_TELEFONO_INSERT_TRG
BEFORE INSERT ON FIDE_NUMERO_TELEFONO_TB
FOR EACH ROW
BEGIN
:NEW.FECHA_CREACION:=SYSTIMESTAMP;
:NEW.CREADO_POR:=SYS_CONTEXT('USERENV','SESSION_USER');
:NEW.ACCION:= 'INSERT';
:NEW.ID_ESTADO:= 1;
END FIDE_NUMERO_TELEFONO_INSERT_TRG;
/

CREATE OR REPLACE TRIGGER FIDE_NUMERO_TELEFONO_UPDATE_TRG
BEFORE UPDATE ON FIDE_NUMERO_TELEFONO_TB
FOR EACH ROW
BEGIN
:NEW.FECHA_MODIFICACION:=SYSTIMESTAMP;
:NEW.MODIFICADO_POR:=SYS_CONTEXT('USERENV','SESSION_USER');
:NEW.ACCION:= 'UPDATE';
END FIDE_NUMERO_TELEFONO_UPDATE_TRG;
/

-- TRIGGER FIDE_CORREO_ELECTRONICO_TB
CREATE OR REPLACE TRIGGER FIDE_CORREO_ELECTRONICO_INSERT_TRG
BEFORE INSERT ON FIDE_CORREO_ELECTRONICO_TB
FOR EACH ROW
BEGIN
:NEW.FECHA_CREACION:=SYSTIMESTAMP;
:NEW.CREADO_POR:=SYS_CONTEXT('USERENV','SESSION_USER');
:NEW.ACCION:= 'INSERT';
:NEW.ID_ESTADO:= 1;
END FIDE_CORREO_ELECTRONICO_INSERT_TRG;
/

CREATE OR REPLACE TRIGGER FIDE_CORREO_ELECTRONICO_UPDATE_TRG
BEFORE UPDATE ON FIDE_CORREO_ELECTRONICO_TB
FOR EACH ROW
BEGIN
:NEW.FECHA_MODIFICACION:=SYSTIMESTAMP;
:NEW.MODIFICADO_POR:=SYS_CONTEXT('USERENV','SESSION_USER');
:NEW.ACCION:= 'UPDATE';
END FIDE_CORREO_ELECTRONICO_UPDATE_TRG;
/

-- TRIGGER FIDE_PUESTO_EMPRESA_ASOCIADO_TB
CREATE OR REPLACE TRIGGER FIDE_PUESTO_EMPRESA_ASOCIADO_INSERT_TRG
BEFORE INSERT ON FIDE_PUESTO_EMPRESA_ASOCIADO_TB
FOR EACH ROW
BEGIN
:NEW.FECHA_CREACION:=SYSTIMESTAMP;
:NEW.CREADO_POR:=SYS_CONTEXT('USERENV','SESSION_USER');
:NEW.ACCION:= 'INSERT';
:NEW.ID_ESTADO:= 1;
END FIDE_PUESTO_EMPRESA_ASOCIADO_INSERT_TRG;
/

CREATE OR REPLACE TRIGGER FIDE_PUESTO_EMPRESA_ASOCIADO_UPDATE_TRG
BEFORE UPDATE ON FIDE_PUESTO_EMPRESA_ASOCIADO_TB
FOR EACH ROW
BEGIN
:NEW.FECHA_MODIFICACION:=SYSTIMESTAMP;
:NEW.MODIFICADO_POR:=SYS_CONTEXT('USERENV','SESSION_USER');
:NEW.ACCION:= 'UPDATE';
END FIDE_PUESTO_EMPRESA_ASOCIADO_UPDATE_TRG;
/

-- TRIGGER FIDE_CATEGORIA_TB
CREATE OR REPLACE TRIGGER FIDE_CATEGORIA_INSERT_TRG
BEFORE INSERT ON FIDE_CATEGORIA_TB
FOR EACH ROW
BEGIN
:NEW.FECHA_CREACION:=SYSTIMESTAMP;
:NEW.CREADO_POR:=SYS_CONTEXT('USERENV','SESSION_USER');
:NEW.ACCION:= 'INSERT';
:NEW.ID_ESTADO:= 1;
END FIDE_CATEGORIA_INSERT_TRG;
/

CREATE OR REPLACE TRIGGER FIDE_CATEGORIA_UPDATE_TRG
BEFORE UPDATE ON FIDE_CATEGORIA_TB
FOR EACH ROW
BEGIN
:NEW.FECHA_MODIFICACION:=SYSTIMESTAMP;
:NEW.MODIFICADO_POR:=SYS_CONTEXT('USERENV','SESSION_USER');
:NEW.ACCION:= 'UPDATE';
END FIDE_CATEGORIA_UPDATE_TRG;
/

-- TRIGGER FIDE_TIPO_TRANSACCION_TB
CREATE OR REPLACE TRIGGER FIDE_TIPO_TRANSACCION_INSERT_TRG
BEFORE INSERT ON FIDE_TIPO_TRANSACCION_TB
FOR EACH ROW
BEGIN
:NEW.FECHA_CREACION:=SYSTIMESTAMP;
:NEW.CREADO_POR:=SYS_CONTEXT('USERENV','SESSION_USER');
:NEW.ACCION:= 'INSERT';
:NEW.ID_ESTADO:= 1;
END FIDE_TIPO_TRANSACCION_INSERT_TRG;
/

CREATE OR REPLACE TRIGGER FIDE_TIPO_TRANSACCION_UPDATE_TRG
BEFORE UPDATE ON FIDE_TIPO_TRANSACCION_TB
FOR EACH ROW
BEGIN
:NEW.FECHA_MODIFICACION:=SYSTIMESTAMP;
:NEW.MODIFICADO_POR:=SYS_CONTEXT('USERENV','SESSION_USER');
:NEW.ACCION:= 'UPDATE';
END FIDE_TIPO_TRANSACCION_UPDATE_TRG;
/

-- TRIGGER FIDE_TIPO_AHORRO_TB
CREATE OR REPLACE TRIGGER FIDE_TIPO_AHORRO_INSERT_TRG
BEFORE INSERT ON FIDE_TIPO_AHORRO_TB
FOR EACH ROW
BEGIN
:NEW.FECHA_CREACION:=SYSTIMESTAMP;
:NEW.CREADO_POR:=SYS_CONTEXT('USERENV','SESSION_USER');
:NEW.ACCION:= 'INSERT';
:NEW.ID_ESTADO:= 1;
END FIDE_TIPO_AHORRO_INSERT_TRG;
/

CREATE OR REPLACE TRIGGER FIDE_TIPO_AHORRO_UPDATE_TRG
BEFORE UPDATE ON FIDE_TIPO_AHORRO_TB
FOR EACH ROW
BEGIN
:NEW.FECHA_MODIFICACION:=SYSTIMESTAMP;
:NEW.MODIFICADO_POR:=SYS_CONTEXT('USERENV','SESSION_USER');
:NEW.ACCION:= 'UPDATE';
END FIDE_TIPO_AHORRO_UPDATE_TRG;
/

-- TRIGGER FIDE_MODULO_TB
CREATE OR REPLACE TRIGGER FIDE_MODULO_INSERT_TRG
BEFORE INSERT ON FIDE_MODULO_TB
FOR EACH ROW
BEGIN
:NEW.FECHA_CREACION:=SYSTIMESTAMP;
:NEW.CREADO_POR:=SYS_CONTEXT('USERENV','SESSION_USER');
:NEW.ACCION:= 'INSERT';
:NEW.ID_ESTADO:= 1;
END FIDE_MODULO_INSERT_TRG;
/

CREATE OR REPLACE TRIGGER FIDE_MODULO_UPDATE_TRG
BEFORE UPDATE ON FIDE_MODULO_TB
FOR EACH ROW
BEGIN
:NEW.FECHA_MODIFICACION:=SYSTIMESTAMP;
:NEW.MODIFICADO_POR:=SYS_CONTEXT('USERENV','SESSION_USER');
:NEW.ACCION:= 'UPDATE';
END FIDE_MODULO_UPDATE_TRG;
/

-- TRIGGER FIDE_TIPO_REPORTE_TB
CREATE OR REPLACE TRIGGER FIDE_TIPO_REPORTE_INSERT_TRG
BEFORE INSERT ON FIDE_TIPO_REPORTE_TB
FOR EACH ROW
BEGIN
:NEW.FECHA_CREACION:=SYSTIMESTAMP;
:NEW.CREADO_POR:=SYS_CONTEXT('USERENV','SESSION_USER');
:NEW.ACCION:= 'INSERT';
:NEW.ID_ESTADO:= 1;
END FIDE_TIPO_REPORTE_INSERT_TRG;
/

CREATE OR REPLACE TRIGGER FIDE_TIPO_REPORTE_UPDATE_TRG
BEFORE UPDATE ON FIDE_TIPO_REPORTE_TB
FOR EACH ROW
BEGIN
:NEW.FECHA_MODIFICACION:=SYSTIMESTAMP;
:NEW.MODIFICADO_POR:=SYS_CONTEXT('USERENV','SESSION_USER');
:NEW.ACCION:= 'UPDATE';
END FIDE_TIPO_REPORTE_UPDATE_TRG;
/

-- TRIGGER FIDE_DATOS_ASOCIADOS_TB
CREATE OR REPLACE TRIGGER FIDE_DATOS_ASOCIADOS_INSERT_TRG
BEFORE INSERT ON FIDE_DATOS_ASOCIADOS_TB
FOR EACH ROW
BEGIN
:NEW.FECHA_CREACION:=SYSTIMESTAMP;
:NEW.CREADO_POR:=SYS_CONTEXT('USERENV','SESSION_USER');
:NEW.ACCION:= 'INSERT';
END FIDE_DATOS_ASOCIADOS_INSERT_TRG;
/

CREATE OR REPLACE TRIGGER FIDE_DATOS_ASOCIADOS_UPDATE_TRG
BEFORE UPDATE ON FIDE_DATOS_ASOCIADOS_TB
FOR EACH ROW
BEGIN
:NEW.FECHA_MODIFICACION:=SYSTIMESTAMP;
:NEW.MODIFICADO_POR:=SYS_CONTEXT('USERENV','SESSION_USER');
:NEW.ACCION:= 'UPDATE';
END FIDE_DATOS_ASOCIADOS_UPDATE_TRG;
/

-- TRIGGER FIDE_USUARIO_TB
CREATE OR REPLACE TRIGGER FIDE_USUARIO_INSERT_TRG
BEFORE INSERT ON FIDE_USUARIO_TB
FOR EACH ROW
BEGIN
:NEW.FECHA_CREACION:=SYSTIMESTAMP;
:NEW.CREADO_POR:=SYS_CONTEXT('USERENV','SESSION_USER');
:NEW.ACCION:= 'INSERT';
:NEW.ID_ESTADO:= 1;
END FIDE_USUARIO_INSERT_TRG;
/

CREATE OR REPLACE TRIGGER FIDE_USUARIO_UPDATE_TRG
BEFORE UPDATE ON FIDE_USUARIO_TB
FOR EACH ROW
BEGIN
:NEW.FECHA_MODIFICACION:=SYSTIMESTAMP;
:NEW.MODIFICADO_POR:=SYS_CONTEXT('USERENV','SESSION_USER');
:NEW.ACCION:= 'UPDATE';
END FIDE_USUARIO_UPDATE_TRG;
/

-- TRIGGER FIDE_USUARIOS_ROLES_TB
CREATE OR REPLACE TRIGGER FIDE_USUARIOS_ROLES_INSERT_TRG
BEFORE INSERT ON FIDE_USUARIOS_ROLES_TB
FOR EACH ROW
BEGIN
:NEW.FECHA_CREACION:=SYSTIMESTAMP;
:NEW.CREADO_POR:=SYS_CONTEXT('USERENV','SESSION_USER');
:NEW.ACCION:= 'INSERT';
END FIDE_USUARIOS_ROLES_INSERT_TRG;
/

CREATE OR REPLACE TRIGGER FIDE_USUARIOS_ROLES_UPDATE_TRG
BEFORE UPDATE ON FIDE_USUARIOS_ROLES_TB
FOR EACH ROW
BEGIN
:NEW.FECHA_MODIFICACION:=SYSTIMESTAMP;
:NEW.MODIFICADO_POR:=SYS_CONTEXT('USERENV','SESSION_USER');
:NEW.ACCION:= 'UPDATE';
END FIDE_USUARIOS_ROLES_UPDATE_TRG;
/

-- TRIGGER FIDE_BENEFICIO_TB
CREATE OR REPLACE TRIGGER FIDE_BENEFICIO_INSERT_TRG
BEFORE INSERT ON FIDE_BENEFICIO_TB
FOR EACH ROW
BEGIN
:NEW.FECHA_CREACION:=SYSTIMESTAMP;
:NEW.CREADO_POR:=SYS_CONTEXT('USERENV','SESSION_USER');
:NEW.ACCION:= 'INSERT';
:NEW.ID_ESTADO:= 1;
END FIDE_BENEFICIO_INSERT_TRG;
/

CREATE OR REPLACE TRIGGER FIDE_BENEFICIO_UPDATE_TRG
BEFORE UPDATE ON FIDE_BENEFICIO_TB
FOR EACH ROW
BEGIN
:NEW.FECHA_MODIFICACION:=SYSTIMESTAMP;
:NEW.MODIFICADO_POR:=SYS_CONTEXT('USERENV','SESSION_USER');
:NEW.ACCION:= 'UPDATE';
END FIDE_BENEFICIO_UPDATE_TRG;
/

-- TRIGGER FIDE_SERVICIO_TB
CREATE OR REPLACE TRIGGER FIDE_SERVICIO_INSERT_TRG
BEFORE INSERT ON FIDE_SERVICIO_TB
FOR EACH ROW
BEGIN
:NEW.FECHA_CREACION:=SYSTIMESTAMP;
:NEW.CREADO_POR:=SYS_CONTEXT('USERENV','SESSION_USER');
:NEW.ACCION:= 'INSERT';
:NEW.ID_ESTADO:= 1;
END FIDE_SERVICIO_INSERT_TRG;
/

CREATE OR REPLACE TRIGGER FIDE_SERVICIO_UPDATE_TRG
BEFORE UPDATE ON FIDE_SERVICIO_TB
FOR EACH ROW
BEGIN
:NEW.FECHA_MODIFICACION:=SYSTIMESTAMP;
:NEW.MODIFICADO_POR:=SYS_CONTEXT('USERENV','SESSION_USER');
:NEW.ACCION:= 'UPDATE';
END FIDE_SERVICIO_UPDATE_TRG;
/

-- TRIGGER FIDE_TRANSACCION_TB
CREATE OR REPLACE TRIGGER FIDE_TRANSACCION_INSERT_TRG
BEFORE INSERT ON FIDE_TRANSACCION_TB
FOR EACH ROW
BEGIN
:NEW.FECHA_CREACION:=SYSTIMESTAMP;
:NEW.CREADO_POR:=SYS_CONTEXT('USERENV','SESSION_USER');
:NEW.ACCION:= 'INSERT';
:NEW.ID_ESTADO:= 1;
END FIDE_TRANSACCION_INSERT_TRG;
/

CREATE OR REPLACE TRIGGER FIDE_TRANSACCION_UPDATE_TRG
BEFORE UPDATE ON FIDE_TRANSACCION_TB
FOR EACH ROW
BEGIN
:NEW.FECHA_MODIFICACION:=SYSTIMESTAMP;
:NEW.MODIFICADO_POR:=SYS_CONTEXT('USERENV','SESSION_USER');
:NEW.ACCION:= 'UPDATE';
END FIDE_TRANSACCION_UPDATE_TRG;
/

-- TRIGGER FIDE_DETALLE_TRANSACCION_TB
CREATE OR REPLACE TRIGGER FIDE_DETALLE_TRANSACCION_INSERT_TRG
BEFORE INSERT ON FIDE_DETALLE_TRANSACCION_TB
FOR EACH ROW
BEGIN
:NEW.FECHA_CREACION:=SYSTIMESTAMP;
:NEW.CREADO_POR:=SYS_CONTEXT('USERENV','SESSION_USER');
:NEW.ACCION:= 'INSERT';
END FIDE_DETALLE_TRANSACCION_INSERT_TRG;
/

CREATE OR REPLACE TRIGGER FIDE_DETALLE_TRANSACCION_UPDATE_TRG
BEFORE UPDATE ON FIDE_DETALLE_TRANSACCION_TB
FOR EACH ROW
BEGIN
:NEW.FECHA_MODIFICACION:=SYSTIMESTAMP;
:NEW.MODIFICADO_POR:=SYS_CONTEXT('USERENV','SESSION_USER');
:NEW.ACCION:= 'UPDATE';
END FIDE_DETALLE_TRANSACCION_UPDATE_TRG;
/

-- TRIGGER FIDE_CUENTAS_AHORRO_TB
CREATE OR REPLACE TRIGGER FIDE_CUENTAS_AHORRO_INSERT_TRG
BEFORE INSERT ON FIDE_CUENTAS_AHORRO_TB
FOR EACH ROW
BEGIN
:NEW.FECHA_CREACION:=SYSTIMESTAMP;
:NEW.CREADO_POR:=SYS_CONTEXT('USERENV','SESSION_USER');
:NEW.ACCION:= 'INSERT';
:NEW.ID_ESTADO:= 1;
END FIDE_CUENTAS_AHORRO_INSERT_TRG;
/

CREATE OR REPLACE TRIGGER FIDE_CUENTAS_AHORRO_UPDATE_TRG
BEFORE UPDATE ON FIDE_CUENTAS_AHORRO_TB
FOR EACH ROW
BEGIN
:NEW.FECHA_MODIFICACION:=SYSTIMESTAMP;
:NEW.MODIFICADO_POR:=SYS_CONTEXT('USERENV','SESSION_USER');
:NEW.ACCION:= 'UPDATE';
END FIDE_CUENTAS_AHORRO_UPDATE_TRG;
/

-- TRIGGER FIDE_MOVIMIENTOS_AHORRO_TB
CREATE OR REPLACE TRIGGER FIDE_MOVIMIENTOS_AHORRO_INSERT_TRG
BEFORE INSERT ON FIDE_MOVIMIENTOS_AHORRO_TB
FOR EACH ROW
BEGIN
:NEW.FECHA_CREACION:=SYSTIMESTAMP;
:NEW.CREADO_POR:=SYS_CONTEXT('USERENV','SESSION_USER');
:NEW.ACCION:= 'INSERT';
END FIDE_MOVIMIENTOS_AHORRO_INSERT_TRG;
/

CREATE OR REPLACE TRIGGER FIDE_MOVIMIENTOS_AHORRO_UPDATE_TRG
BEFORE UPDATE ON FIDE_MOVIMIENTOS_AHORRO_TB
FOR EACH ROW
BEGIN
:NEW.FECHA_MODIFICACION:=SYSTIMESTAMP;
:NEW.MODIFICADO_POR:=SYS_CONTEXT('USERENV','SESSION_USER');
:NEW.ACCION:= 'UPDATE';
END FIDE_MOVIMIENTOS_AHORRO_UPDATE_TRG;
/

-- TRIGGER FIDE_PRESTAMO_TB
CREATE OR REPLACE TRIGGER FIDE_PRESTAMO_INSERT_TRG
BEFORE INSERT ON FIDE_PRESTAMO_TB
FOR EACH ROW
BEGIN
:NEW.FECHA_CREACION:=SYSTIMESTAMP;
:NEW.CREADO_POR:=SYS_CONTEXT('USERENV','SESSION_USER');
:NEW.ACCION:= 'INSERT';
:NEW.ID_ESTADO:= 1;
END FIDE_PRESTAMO_INSERT_TRG;
/

CREATE OR REPLACE TRIGGER FIDE_PRESTAMO_UPDATE_TRG
BEFORE UPDATE ON FIDE_PRESTAMO_TB
FOR EACH ROW
BEGIN
:NEW.FECHA_MODIFICACION:=SYSTIMESTAMP;
:NEW.MODIFICADO_POR:=SYS_CONTEXT('USERENV','SESSION_USER');
:NEW.ACCION:= 'UPDATE';
END FIDE_PRESTAMO_UPDATE_TRG;
/

-- TRIGGER FIDE_PAGOS_PRESTAMOS_TB
CREATE OR REPLACE TRIGGER FIDE_PAGOS_PRESTAMOS_INSERT_TRG
BEFORE INSERT ON FIDE_PAGOS_PRESTAMOS_TB
FOR EACH ROW
BEGIN
:NEW.FECHA_CREACION:=SYSTIMESTAMP;
:NEW.CREADO_POR:=SYS_CONTEXT('USERENV','SESSION_USER');
:NEW.ACCION:= 'INSERT';
END FIDE_PAGOS_PRESTAMOS_INSERT_TRG;
/

CREATE OR REPLACE TRIGGER FIDE_PAGOS_PRESTAMOS_UPDATE_TRG
BEFORE UPDATE ON FIDE_PAGOS_PRESTAMOS_TB
FOR EACH ROW
BEGIN
:NEW.FECHA_MODIFICACION:=SYSTIMESTAMP;
:NEW.MODIFICADO_POR:=SYS_CONTEXT('USERENV','SESSION_USER');
:NEW.ACCION:= 'UPDATE';
END FIDE_PAGOS_PRESTAMOS_UPDATE_TRG;
/

-- TRIGGER FIDE_ACTIVIDAD_TB
CREATE OR REPLACE TRIGGER FIDE_ACTIVIDAD_INSERT_TRG
BEFORE INSERT ON FIDE_ACTIVIDAD_TB
FOR EACH ROW
BEGIN
:NEW.FECHA_CREACION:=SYSTIMESTAMP;
:NEW.CREADO_POR:=SYS_CONTEXT('USERENV','SESSION_USER');
:NEW.ACCION:= 'INSERT';
:NEW.ID_ESTADO:= 1;
END FIDE_ACTIVIDAD_INSERT_TRG;
/

CREATE OR REPLACE TRIGGER FIDE_ACTIVIDAD_UPDATE_TRG
BEFORE UPDATE ON FIDE_ACTIVIDAD_TB
FOR EACH ROW
BEGIN
:NEW.FECHA_MODIFICACION:=SYSTIMESTAMP;
:NEW.MODIFICADO_POR:=SYS_CONTEXT('USERENV','SESSION_USER');
:NEW.ACCION:= 'UPDATE';
END FIDE_ACTIVIDAD_UPDATE_TRG;
/

-- TRIGGER FIDE_INSCRIPCIONES_ACTIVIDAD_TB
CREATE OR REPLACE TRIGGER FIDE_INSCRIPCIONES_ACTIVIDAD_INSERT_TRG
BEFORE INSERT ON FIDE_INSCRIPCIONES_ACTIVIDAD_TB
FOR EACH ROW
BEGIN
:NEW.FECHA_CREACION:=SYSTIMESTAMP;
:NEW.CREADO_POR:=SYS_CONTEXT('USERENV','SESSION_USER');
:NEW.ACCION:= 'INSERT';
:NEW.ID_ESTADO:= 1;
END FIDE_INSCRIPCIONES_ACTIVIDAD_INSERT_TRG;
/

CREATE OR REPLACE TRIGGER FIDE_INSCRIPCIONES_ACTIVIDAD_UPDATE_TRG
BEFORE UPDATE ON FIDE_INSCRIPCIONES_ACTIVIDAD_TB
FOR EACH ROW
BEGIN
:NEW.FECHA_MODIFICACION:=SYSTIMESTAMP;
:NEW.MODIFICADO_POR:=SYS_CONTEXT('USERENV','SESSION_USER');
:NEW.ACCION:= 'UPDATE';
END FIDE_INSCRIPCIONES_ACTIVIDAD_UPDATE_TRG;
/

-- TRIGGER FIDE_REPORTES_TB
CREATE OR REPLACE TRIGGER FIDE_REPORTES_INSERT_TRG
BEFORE INSERT ON FIDE_REPORTES_TB
FOR EACH ROW
BEGIN
:NEW.FECHA_CREACION:=SYSTIMESTAMP;
:NEW.CREADO_POR:=SYS_CONTEXT('USERENV','SESSION_USER');
:NEW.ACCION:= 'INSERT';
:NEW.ID_ESTADO:= 1;
END FIDE_REPORTES_INSERT_TRG;
/

CREATE OR REPLACE TRIGGER FIDE_REPORTES_UPDATE_TRG
BEFORE UPDATE ON FIDE_REPORTES_TB
FOR EACH ROW
BEGIN
:NEW.FECHA_MODIFICACION:=SYSTIMESTAMP;
:NEW.MODIFICADO_POR:=SYS_CONTEXT('USERENV','SESSION_USER');
:NEW.ACCION:= 'UPDATE';
END FIDE_REPORTES_UPDATE_TRG;
/

-- TRIGGER FIDE_RESULTADOS_REPORTE_TB
CREATE OR REPLACE TRIGGER FIDE_RESULTADOS_REPORTE_INSERT_TRG
BEFORE INSERT ON FIDE_RESULTADOS_REPORTE_TB
FOR EACH ROW
BEGIN
:NEW.FECHA_CREACION:=SYSTIMESTAMP;
:NEW.CREADO_POR:=SYS_CONTEXT('USERENV','SESSION_USER');
:NEW.ACCION:= 'INSERT';
END FIDE_RESULTADOS_REPORTE_INSERT_TRG;
/

CREATE OR REPLACE TRIGGER FIDE_RESULTADOS_REPORTE_UPDATE_TRG
BEFORE UPDATE ON FIDE_RESULTADOS_REPORTE_TB
FOR EACH ROW
BEGIN
:NEW.FECHA_MODIFICACION:=SYSTIMESTAMP;
:NEW.MODIFICADO_POR:=SYS_CONTEXT('USERENV','SESSION_USER');
:NEW.ACCION:= 'UPDATE';
END FIDE_RESULTADOS_REPORTE_UPDATE_TRG;
/

-- JOBS PARA VISTAS MATERIALIZADAS

-- JOB 1: Actualizar FIDE_TOP10_MENOS_AHORROS_VM cada 5 minutos
BEGIN
DBMS_SCHEDULER.CREATE_JOB(
JOB_NAME => 'FIDE_ASEFIDE_REFRESH_TOP10_MENOS_AHORROS_JOB',
JOB_TYPE => 'PLSQL_BLOCK',
JOB_ACTION => 'BEGIN DBMS_MVIEW.REFRESH(''FIDE_TOP10_MENOS_AHORROS_VM'',''C''); END;',
START_DATE => SYSTIMESTAMP,
REPEAT_INTERVAL => 'FREQ=MINUTELY; INTERVAL=5',
ENABLED => TRUE
);
END;
/

-- JOB 2: Actualizar FIDE_USUARIOS_ULTIMO_MES_VM cada 1 hora
BEGIN
DBMS_SCHEDULER.CREATE_JOB(
JOB_NAME => 'FIDE_ASEFIDE_REFRESH_ULTIMO_MES_JOB',
JOB_TYPE => 'PLSQL_BLOCK',
JOB_ACTION => 'BEGIN DBMS_MVIEW.REFRESH(''FIDE_USUARIOS_ULTIMO_MES_VM'',''C''); END;',
START_DATE => SYSTIMESTAMP,
REPEAT_INTERVAL => 'FREQ=HOURLY; INTERVAL=1',
ENABLED => TRUE
);
END;
/

-- JOB 3: Actualizar FIDE_TOP_USUARIOS_TRANSACCIONES_VM cada 5 minutos
BEGIN
DBMS_SCHEDULER.CREATE_JOB(
JOB_NAME => 'FIDE_ASEFIDE_REFRESH_TOP5_TRANSACCIONES_JOB',
JOB_TYPE => 'PLSQL_BLOCK',
JOB_ACTION => 'BEGIN DBMS_MVIEW.REFRESH(''FIDE_TOP_USUARIOS_TRANSACCIONES_VM'',''C''); END;',
START_DATE => SYSTIMESTAMP,
REPEAT_INTERVAL => 'FREQ=MINUTELY; INTERVAL=5',
ENABLED => TRUE
);
END;
/

-- JOB 4: Actualizar FIDE_USUARIOS_MAYOR_AHORRO_VM cada 5 minutos
BEGIN
DBMS_SCHEDULER.CREATE_JOB(
JOB_NAME => 'FIDE_ASEFIDE_REFRESH_MAYOR_AHORRO_JOB',
JOB_TYPE => 'PLSQL_BLOCK',
JOB_ACTION => 'BEGIN DBMS_MVIEW.REFRESH(''FIDE_USUARIOS_MAYOR_AHORRO_VM'',''C''); END;',
START_DATE => SYSTIMESTAMP,
REPEAT_INTERVAL => 'FREQ=MINUTELY; INTERVAL=5',
ENABLED => TRUE
);
END;
/

-- JOB 5: Actualizar FIDE_HISTORIAL_TRANSACCIONES_VM cada 10 minutos
BEGIN
DBMS_SCHEDULER.CREATE_JOB(
JOB_NAME => 'FIDE_ASEFIDE_REFRESH_HISTORIAL_TRANS_JOB',
JOB_TYPE => 'PLSQL_BLOCK',
JOB_ACTION => 'BEGIN DBMS_MVIEW.REFRESH(''FIDE_HISTORIAL_TRANSACCIONES_VM'',''C''); END;',
START_DATE => SYSTIMESTAMP,
REPEAT_INTERVAL => 'FREQ=MINUTELY; INTERVAL=10',
ENABLED => TRUE
);
END;
/

-- COMANDOS PARA ELIMINAR LOS JOBS

-- ELIMINAR JOB 1
-- BEGIN
-- DBMS_SCHEDULER.DROP_JOB('FIDE_ASEFIDE_REFRESH_TOP10_MENOS_AHORROS_JOB');
-- END;
-- /

-- ELIMINAR JOB 2
-- BEGIN
-- DBMS_SCHEDULER.DROP_JOB('FIDE_ASEFIDE_REFRESH_ULTIMO_MES_JOB');
-- END;
-- /

-- ELIMINAR JOB 3
-- BEGIN
-- DBMS_SCHEDULER.DROP_JOB('FIDE_ASEFIDE_REFRESH_TOP5_TRANSACCIONES_JOB');
-- END;
-- /

-- ELIMINAR JOB 4
-- BEGIN
-- DBMS_SCHEDULER.DROP_JOB('FIDE_ASEFIDE_REFRESH_MAYOR_AHORRO_JOB');
-- END;
-- /

-- ELIMINAR JOB 5
-- BEGIN
-- DBMS_SCHEDULER.DROP_JOB('FIDE_ASEFIDE_REFRESH_HISTORIAL_TRANS_JOB');
-- END;
-- /

-------------------------------------------------
-------------------- INDICES --------------------
-------------------------------------------------

-- Indice FIDE_USUARIO_NOMBRE_UNIQUE_IDX
CREATE UNIQUE INDEX FIDE_USUARIO_NOMBRE_UNIQUE_IDX ON FIDE_USUARIO_TB(NOMBRE_USUARIO);

-- Indice FIDE_CORREO_ELECTRONICO_UNIQUE_IDX
CREATE UNIQUE INDEX FIDE_CORREO_ELECTRONICO_UNIQUE_IDX ON FIDE_CORREO_ELECTRONICO_TB(CORREO_ELECTRONICO);

-- Indice FIDE_NUMERO_TELEFONO_UNIQUE_IDX
CREATE UNIQUE INDEX FIDE_NUMERO_TELEFONO_UNIQUE_IDX ON FIDE_NUMERO_TELEFONO_TB(NUMERO_TELEFONO);

-- Indice FIDE_TRANSACCION_USUARIO_IDX
CREATE INDEX FIDE_TRANSACCION_USUARIO_IDX ON FIDE_TRANSACCION_TB(ID_USUARIO);

-- Indice FIDE_TRANSACCION_TIPO_IDX
CREATE INDEX FIDE_TRANSACCION_TIPO_IDX ON FIDE_TRANSACCION_TB(ID_TIPO_TRANSACCION);

-- Indice FIDE_DETALLE_TRANSACCION_IDX
CREATE INDEX FIDE_DETALLE_TRANSACCION_IDX ON FIDE_DETALLE_TRANSACCION_TB(ID_TRANSACCION);

-- Indice FIDE_CUENTAS_AHORRO_USUARIO_IDX
CREATE INDEX FIDE_CUENTAS_AHORRO_USUARIO_IDX ON FIDE_CUENTAS_AHORRO_TB(ID_USUARIO);

-- Indice FIDE_MOVIMIENTOS_AHORRO_IDX
CREATE INDEX FIDE_MOVIMIENTOS_AHORRO_IDX ON FIDE_MOVIMIENTOS_AHORRO_TB(ID_AHORRO);

-- Indice FIDE_PRESTAMO_USUARIO_IDX
CREATE INDEX FIDE_PRESTAMO_USUARIO_IDX ON FIDE_PRESTAMO_TB(ID_USUARIO);

-- Indice FIDE_PAGOS_PRESTAMOS_IDX
CREATE INDEX FIDE_PAGOS_PRESTAMOS_IDX ON FIDE_PAGOS_PRESTAMOS_TB(ID_PRESTAMO);

-- Indice FIDE_USUARIO_ROL_IDX
CREATE INDEX FIDE_USUARIO_ROL_IDX ON FIDE_USUARIO_TB(ID_ROL);

-- Indice FIDE_USUARIO_CORREO_IDX
CREATE INDEX FIDE_USUARIO_CORREO_IDX ON FIDE_USUARIO_TB(ID_CORREO);

-- Indice FIDE_INSCRIPCIONES_ACTIVIDAD_IDX
CREATE INDEX FIDE_INSCRIPCIONES_ACTIVIDAD_IDX ON FIDE_INSCRIPCIONES_ACTIVIDAD_TB(ID_ACTIVIDAD);

-- Indice FIDE_INSCRIPCIONES_USUARIO_IDX
CREATE INDEX FIDE_INSCRIPCIONES_USUARIO_IDX ON FIDE_INSCRIPCIONES_ACTIVIDAD_TB(ID_USUARIO);

-- Indice FIDE_RESULTADOS_REPORTE_IDX
CREATE INDEX FIDE_RESULTADOS_REPORTE_IDX ON FIDE_RESULTADOS_REPORTE_TB(ID_REPORTE);